Column,2000,2001,2003,2009,2010,2011,2012,2013,2014,2015,2016,2017,2018,2019,2020,2021,2022,2023,2024,2025,2026
HOUSEID,100.0,100.0,100.0,100.0,100.0,100.0,100.0,100.0,100.0,100.0,100.0,100.0,100.0,100.0,100.0,99.9,99.9,99.5,100.0,100.0,100.0
PROVINCE,100.0,100.0,100.0,100.0,100.0,100.0,100.0,100.0,100.0,100.0,100.0,100.0,100.0,100.0,100.0,100.0,100.0,100.0,100.0,100.0,100.0
CLIENTPCODE,100.0,100.0,100.0,100.0,100.0,100.0,100.0,100.0,100.0,100.0,100.0,100.0,100.0,100.0,100.0,100.0,100.0,100.0,100.0,100.0,100.0
EVALTYPE,100.0,100.0,100.0,100.0,100.0,100.0,100.0,100.0,100.0,100.0,100.0,100.0,100.0,100.0,100.0,100.0,100.0,100.0,100.0,100.0,100.0
ENTRYDATE,100.0,100.0,100.0,100.0,100.0,100.0,100.0,100.0,100.0,100.0,100.0,100.0,100.0,100.0,100.0,100.0,100.0,100.0,100.0,100.0,100.0
TYPEOFHOUSE,100.0,100.0,100.0,100.0,100.0,100.0,100.0,100.0,100.0,100.0,100.0,100.0,100.0,100.0,100.0,100.0,100.0,100.0,100.0,100.0,100.0
FLOORAREA,100.0,100.0,100.0,100.0,100.0,100.0,100.0,100.0,100.0,100.0,100.0,100.0,100.0,100.0,100.0,100.0,100.0,100.0,100.0,100.0,100.0
STOREYS,100.0,100.0,100.0,100.0,100.0,100.0,100.0,100.0,100.0,100.0,100.0,100.0,100.0,100.0,100.0,100.0,100.0,100.0,100.0,100.0,100.0
YEARBUILT,100.0,100.0,100.0,100.0,100.0,100.0,100.0,100.0,100.0,100.0,100.0,100.0,100.0,100.0,100.0,100.0,100.0,100.0,100.0,100.0,100.0
FNDTYPE,100.0,100.0,66.7,100.0,100.0,100.0,100.0,100.0,98.7,97.3,98.3,99.5,99.1,95.0,92.1,93.1,93.3,94.3,94.9,92.3,91.8
NUMDWELLINGUNITS,100.0,100.0,100.0,100.0,100.0,100.0,100.0,100.0,100.0,100.0,100.0,100.0,100.0,100.0,100.0,100.0,100.0,100.0,100.0,100.0,100.0
AIR50P,100.0,100.0,100.0,100.0,100.0,100.0,100.0,100.0,100.0,100.0,100.0,100.0,100.0,100.0,100.0,100.0,100.0,100.0,100.0,100.0,100.0
EGHDESHTLOSS,100.0,100.0,100.0,100.0,100.0,100.0,100.0,100.0,100.0,100.0,100.0,100.0,100.0,100.0,100.0,100.0,100.0,100.0,100.0,100.0,100.0
EGHFURNACEAEC,100.0,100.0,100.0,100.0,100.0,100.0,100.0,100.0,100.0,100.0,100.0,100.0,100.0,100.0,100.0,100.0,100.0,100.0,100.0,100.0,100.0
EGHFCONTOTAL,100.0,100.0,100.0,100.0,100.0,100.0,100.0,100.0,100.0,100.0,100.0,100.0,100.0,100.0,100.0,100.0,100.0,100.0,100.0,100.0,100.0
EGHHEATFCONSE,100.0,100.0,100.0,100.0,100.0,100.0,100.0,100.0,100.0,100.0,100.0,100.0,100.0,100.0,100.0,100.0,100.0,100.0,100.0,100.0,100.0
EGHHEATFCONSG,0.0,0.0,0.0,0.0,0.0,8.3,7.1,0.0,2.7,3.6,0.9,2.9,9.2,4.3,10.9,7.5,13.6,41.3,41.1,18.0,10.8
EGHHEATFCONSO,100.0,0.0,66.7,0.0,33.3,33.3,21.4,18.5,20.0,8.9,5.1,5.9,3.1,4.6,14.9,11.8,11.7,9.5,10.3,17.9,17.2
EGHHEATFCONSP,0.0,0.0,0.0,20.0,0.0,8.3,7.1,0.0,4.0,6.2,6.0,6.4,3.9,3.0,4.3,5.6,6.0,5.3,5.6,4.7,4.0
EGHHEATFCONSW,0.0,0.0,0.0,20.0,0.0,8.3,7.1,0.0,4.0,1.8,4.3,5.9,5.3,4.1,1.7,3.1,2.4,1.5,1.6,2.3,2.1
AHRI,100.0,100.0,100.0,100.0,100.0,100.0,100.0,100.0,100.0,100.0,100.0,100.0,100.0,100.0,100.0,100.0,100.0,100.0,100.0,100.0,100.0
HPSOURCE,100.0,100.0,100.0,100.0,100.0,100.0,100.0,100.0,100.0,100.0,100.0,100.0,100.0,100.0,100.0,100.0,100.0,100.0,100.0,100.0,100.0
HPEquipType,0.0,100.0,0.0,0.0,8.3,41.7,14.3,14.8,17.3,24.1,22.2,20.1,17.5,18.3,7.7,0.8,1.1,1.2,9.6,83.7,97.9
HPCAP,100.0,100.0,100.0,100.0,100.0,100.0,100.0,100.0,100.0,100.0,100.0,100.0,100.0,100.0,100.0,100.0,100.0,100.0,100.0,100.0,100.0
CCASHP,100.0,100.0,100.0,100.0,100.0,100.0,100.0,100.0,100.0,100.0,100.0,100.0,100.0,100.0,100.0,100.0,100.0,100.0,100.0,100.0,100.0
CCASHPCAP,100.0,100.0,100.0,20.0,25.0,50.0,21.4,14.8,10.7,7.1,12.0,8.8,13.2,16.1,26.9,60.1,79.0,90.4,91.1,87.4,86.3
COP,100.0,100.0,100.0,100.0,100.0,100.0,100.0,100.0,100.0,100.0,100.0,100.0,100.0,100.0,100.0,100.0,100.0,100.0,100.0,100.0,100.0
CCASHPCOP,100.0,100.0,100.0,20.0,25.0,50.0,21.4,14.8,10.7,7.1,12.0,8.8,13.2,16.1,27.1,59.8,78.7,90.4,91.1,87.5,86.4
CCASHPHSPF2,0.0,0.0,0.0,0.0,0.0,0.0,0.0,3.7,2.7,0.0,0.0,0.5,1.3,1.7,0.2,0.1,0.1,0.1,2.8,49.1,69.6
CCASHPSEER2,0.0,0.0,0.0,0.0,0.0,0.0,0.0,3.7,2.7,0.0,0.0,0.5,1.3,1.7,0.2,0.1,0.0,0.1,2.6,48.8,69.1
CCASHPCAPACITYMAINTENANCE,100.0,100.0,100.0,20.0,25.0,50.0,21.4,14.8,10.7,7.1,12.0,8.8,12.7,16.1,26.7,59.2,77.8,89.9,91.0,87.3,86.3
ASHPHSPF2,0.0,0.0,0.0,0.0,0.0,0.0,0.0,0.0,0.0,0.0,0.9,0.0,0.9,1.1,0.2,0.0,0.0,0.0,0.3,3.3,4.8
ASHPSEER2,0.0,0.0,0.0,0.0,0.0,0.0,0.0,0.0,0.0,0.0,0.9,0.0,0.9,1.1,0.2,0.0,0.0,0.0,0.3,3.1,4.5
HPESTAR,0.0,0.0,0.0,20.0,58.3,16.7,21.4,14.8,20.0,27.7,29.1,39.7,24.6,27.8,36.2,34.3,34.6,36.5,29.8,38.6,37.4
AIRCONDTYPE,100.0,100.0,100.0,100.0,100.0,100.0,100.0,100.0,100.0,100.0,100.0,100.0,100.0,100.0,100.0,100.0,100.0,100.0,100.0,100.0,100.0
AIRCOP,100.0,100.0,100.0,100.0,100.0,100.0,100.0,100.0,100.0,100.0,100.0,100.0,100.0,100.0,99.8,99.7,99.7,99.9,99.9,99.9,100.0
FURNACETYPE,100.0,100.0,100.0,100.0,100.0,100.0,100.0,100.0,100.0,100.0,100.0,100.0,100.0,100.0,100.0,100.0,100.0,100.0,100.0,100.0,100.0
FURNACEFUEL,100.0,100.0,100.0,100.0,100.0,100.0,100.0,100.0,100.0,100.0,100.0,100.0,100.0,100.0,100.0,100.0,100.0,100.0,100.0,100.0,100.0
SUPPHTGTYPE1,100.0,0.0,0.0,60.0,50.0,66.7,57.1,51.9,64.0,57.1,60.7,59.3,53.9,59.3,57.6,54.4,58.7,57.1,55.3,51.9,49.9
SUPPHTGFUEL1,100.0,0.0,0.0,60.0,50.0,66.7,57.1,51.9,64.0,57.1,60.7,59.3,53.9,59.3,57.6,54.4,58.7,57.1,55.3,51.9,49.9

# Percent of AHRI-bearing rows in that audit year where the column is populated
# (non-blank and not a bare 0). Every year of the source corpus carries the
# identical 433-column header, so a low figure means the field was not being
# collected that year, not that the column is absent.
# AHRI-bearing rows per audit year:
#   2000: 1
#   2001: 1
#   2003: 3
#   2009: 5
#   2010: 12
#   2011: 12
#   2012: 14
#   2013: 27
#   2014: 75
#   2015: 112
#   2016: 117
#   2017: 204
#   2018: 228
#   2019: 540
#   2020: 469
#   2021: 17,953
#   2022: 65,565
#   2023: 145,176
#   2024: 127,579
#   2025: 63,259
#   2026: 22,063
