HOUSEID,PT,FSA,EVALTYPE,ENTRYDATE,AuditYear,TYPEOFHOUSE,FLOORAREA,STOREYS,YEARBUILT,FNDTYPE,NUMDWELLINGUNITS,AIR50P,EGHDESHTLOSS,PeakLoad_kW,EGHFURNACEAEC,HeatEnergy_kWh,EGHFCONTOTAL,TotalEnergy_kWh,HeatElectricity_kWh,HeatNaturalGas_kWh,HeatOil_kWh,HeatPropane_kWh,HeatWood_kWh,AHRI,HPSOURCE,HPEquipType,HPCAP,CCASHP,CCASHPCAP,COP,CCASHPCOP,CCASHPHSPF2,CCASHPSEER2,CCASHPCAPACITYMAINTENANCE,ASHPHSPF2,ASHPSEER2,HPESTAR,AIRCONDTYPE,AIRCOP,FURNACETYPE,FURNACEFUEL,SUPPHTGTYPE1,SUPPHTGFUEL1,Cert_Resolved,Cert_Brand,Cert_Model,Cert_IndoorModel,Cert_Cap47_btuh,Cert_Cap17_btuh,Cert_Cap5_btuh,Cert_COP5,Cert_HSPF2,Cert_SEER2,Cert_ColdClimate,Cert_Cap47_kW,Cert_Cap5_kW,SizingRatio_47F,SizingRatio_5F
1873998,YK,Y1A,D,2021-06-01,2021,Single Detached,186.8,One storey,1978,B1,1.0,2.6286,10893.5,10.894,34367.3,9546.5,78747.5,21874.5,9546.5,0.0,0.0,0.0,0.0,201754323,Air,,10550.6,T,11.14,3.12,1.83,,,100.0,,,,Central split system,3.47,Baseboard/Hydronic/Plenum(duct) htrs.,Electricity,,,Yes,Mitsubishi Electric,PUZ-HA36NHA5,PVA-A36AA*,38000,29000,,,11,17.8,No,11.137,,1.022,
1917788,YK,Y1A,D,2021-10-01,2021,Single Detached,216.5,One storey,2004,C1;F1,1.0,1.6078,13920.4,13.92,41298.8,11472.0,91990.9,25553.2,11472.0,0.0,0.0,2337.8,0.0,201754323,Air,,26030.0,F,0.0,3.12,0.0,,,0.0,,,,Not installed,0.0,Baseboard/Hydronic/Plenum(duct) htrs.,Electricity,Fireplace with pilot (unsealed),Propane,Yes,Mitsubishi Electric,PUZ-HA36NHA5,PVA-A36AA*,38000,29000,,,11,17.8,No,11.137,,0.8,
5344728,YK,Y1A,D,2021-11-01,2021,Single Detached,165.1,One storey,1969,B1;P1,1.0,2.1552,9704.9,9.705,31917.6,8866.1,75025.8,20840.7,8866.2,0.0,0.0,0.0,0.0,201754495,Air,,32879.9,F,0.0,3.24,0.0,,,0.0,,,,Not installed,0.0,Electric furnace,Electricity,Advanced airtight wood stove,Softwood,Yes,Mitsubishi Electric,PUZ-HA42NKA,PVA-A42AA*,48000,42000,,,11,15.3,No,14.067,,1.45,
5344693,YK,Y1A,E,2022-01-01,2022,Single Detached,138.7,One storey,1977,C1;F1,1.0,5.2592,11943.3,11.943,30054.9,8348.7,75775.1,21048.8,8348.7,0.0,0.0,0.0,0.0,8858354,Air,,7000.0,T,5.57,3.54,1.97,,,53.0,,,ESTAR,Mini-split ductless,3.44,Baseboard/Hydronic/Plenum(duct) htrs.,Electricity,Advanced airtight wood stove,Softwood,Yes,SENVILLE,SENA/18HF/MOZ,,18000,11800,,,9.1,22.4,No,5.275,,0.442,
1872978,YK,Y1A,E,2022-01-01,2022,Single Detached,282.7,Two storeys,1994,B1,1.0,1.5435,14847.4,14.847,53057.5,14738.3,99160.9,27544.9,14738.2,0.0,0.0,0.0,0.0,206223059,Air,,32881.7,T,14.07,3.44,2.05,,,100.0,,,ESTAR,Central single package system,3.199,Electric furnace,Electricity,,,Yes,,,,,,,,,,,,,,
3138746,YK,Y1A,E,2022-04-01,2022,Single Detached,192.1,One storey,2018,B1,1.0,0.9841,5586.7,5.587,14683.9,4078.9,53333.7,14815.0,4078.9,0.0,0.0,0.0,0.0,10221199,Air,,12800.0,T,5.54,3.51,3.01,,,66.0,,,ESTAR,Not installed,0.0,Baseboard/Hydronic/Plenum(duct) htrs.,Electricity,,,Yes,PANASONIC,CU-3E19RBU-5,,19000,20800,18900,1.88,10.1,22,Yes,5.568,5.539,0.997,0.991
5344728,YK,Y1A,E,2022-06-01,2022,Single Detached,165.1,One storey,1969,B1;P1,1.0,1.8479,8794.0,8.794,17330.5,4814.1,75139.2,20872.2,4814.2,0.0,3081.1,0.0,1002.8,201754495,Air,,32879.9,F,0.0,3.24,0.0,,,0.0,,,,Not installed,0.0,Mid-efficiency furnace (no dil. air),Oil,Advanced airtight wood stove,Softwood,Yes,Mitsubishi Electric,PUZ-HA42NKA,PVA-A42AA*,48000,42000,,,11,15.3,No,14.067,,1.6,
1917788,YK,Y1A,E,2022-06-01,2022,Single Detached,216.5,One storey,2004,C1;F1,1.0,1.4209,14059.3,14.059,42472.4,11798.0,93164.7,25879.3,11797.9,0.0,0.0,2337.8,0.0,201754323,Air,,26030.0,F,0.0,3.12,0.0,,,0.0,,,,Not installed,0.0,Baseboard/Hydronic/Plenum(duct) htrs.,Electricity,Fireplace with pilot (unsealed),Propane,Yes,Mitsubishi Electric,PUZ-HA36NHA5,PVA-A36AA*,38000,29000,,,11,17.8,No,11.137,,0.792,
1666439,YK,Y1A,E,2022-07-01,2022,Single Detached,165.6,One storey,1964,B1,1.0,4.0119,13197.5,13.198,24906.5,6918.5,90312.9,25087.1,6918.7,0.0,5716.7,0.0,0.0,10221199,Air,,12797.2,T,7.5,3.51,2.1,,,72.0,,,,Mini-split ductless,3.0,Mid-efficiency boiler  (no dil. air),Oil,,,Yes,PANASONIC,CU-3E19RBU-5,,19000,20800,18900,1.88,10.1,22,Yes,5.568,5.539,0.422,0.42
1863035,YK,Y1A,E,2022-08-01,2022,"Row house, end unit",165.1,One storey,2004,B1,1.0,2.8173,7018.0,7.018,12180.8,3383.6,60893.3,16914.9,3383.6,0.0,0.0,1298.3,0.0,10221199,Air,,12797.2,T,12.8,3.51,2.1,,,66.0,,,ESTAR,Not installed,0.0,Condensing furnace,Propane,,,Yes,PANASONIC,CU-3E19RBU-5,,19000,20800,18900,1.88,10.1,22,Yes,5.568,5.539,0.793,0.789
1593811,YK,Y1A,E,2022-08-01,2022,Double/Semi-detached,147.2,Two storeys,1957,B1,1.0,5.1302,10024.5,10.024,31475.7,8743.3,74723.8,20756.8,8743.4,0.0,0.0,0.0,0.0,206223052,Air,,7000.0,T,11.14,2.998,2.0,,,100.0,,,ESTAR,Not installed,0.0,Baseboard/Hydronic/Plenum(duct) htrs.,Electricity,,,Yes,,,,,,,,,,,,,,
5028589,YK,Y0B,E,2022-09-01,2022,Single Detached,628.4,Three storeys,2005,B1,1.0,2.395,29670.6,29.671,56689.1,15747.1,119033.3,33065.1,15747.1,0.0,0.0,0.0,5136.2,201754495,Air,,60430.0,F,0.0,6.67,0.0,,,0.0,,,ESTAR,Not installed,0.0,Baseboard/Hydronic/Plenum(duct) htrs.,Electricity,Wood fireplace insert,Softwood,Yes,Mitsubishi Electric,PUZ-HA42NKA,PVA-A42AA*,48000,42000,,,11,15.3,No,14.067,,0.474,
5028589,YK,Y0B,D,2021-10-01,2021,Single Detached,628.4,Three storeys,2005,B1,1.0,2.321,28994.4,28.994,55191.4,15331.1,117175.4,32549.0,15331.0,0.0,0.0,0.0,5036.2,201754495,Air,,60429.9,F,0.0,6.67,0.0,,,0.0,,,ESTAR,Not installed,0.0,Baseboard/Hydronic/Plenum(duct) htrs.,Electricity,Wood fireplace insert,Softwood,Yes,Mitsubishi Electric,PUZ-HA42NKA,PVA-A42AA*,48000,42000,,,11,15.3,No,14.067,,0.485,
25484,YK,Y1A,E,2022-08-01,2022,Single Detached,190.9,One storey,1972,C1;F1,1.0,5.7306,17168.5,17.168,35936.5,9982.4,99616.1,27671.4,9982.6,0.0,0.0,5690.9,0.0,206223006,Air,,26024.7,T,26.02,3.6,2.09,,,100.0,,,ESTAR,Not installed,0.0,Condensing boiler,Propane,Fireplace with spark ignit. (sealed),Propane,Yes,,,,,,,,,,,,,,
10680746,YK,Y1A,E,2022-10-01,2022,Single Detached,177.0,One storey,2018,B1,1.0,1.295,6637.7,6.638,22016.7,6115.8,69439.2,19288.8,6115.9,0.0,0.0,1794.5,0.0,202521824,Air,,24190.7,T,24.19,3.42,2.0,,,100.0,,,ESTAR,Not installed,0.0,Baseboard/Hydronic/Plenum(duct) htrs.,Electricity,Fireplace with pilot (sealed),Propane,Yes,DAIKIN,4MXL36TVJU,,34400,22400,,,11.2,21.7,No,10.082,,1.519,
5023173,YK,Y1A,E,2022-11-01,2022,Single Detached,241.7,Two storeys,1994,B1,1.0,2.5973,14749.7,14.75,25664.1,7129.0,84382.2,23439.7,7128.9,0.0,4268.1,0.0,0.0,206223052,Air,,26031.2,T,26.03,5.9,3.42,,,100.0,,,ESTAR,Not installed,0.0,Furnace with flame retention head,Oil,Furnace/Boiler w/ spark ignition,Propane,Yes,,,,,,,,,,,,,,
1795909,YK,Y1A,E,2022-12-01,2022,Single Detached,154.3,One storey,1979,C1;C2;F1;F2,1.0,4.97,14091.0,14.091,34985.3,9718.2,80932.2,22481.3,9718.1,0.0,0.0,0.0,0.0,206223052,Air,,26031.2,T,26.03,3.42,2.0,,,100.0,,,ESTAR,Central split system,3.521,Electric furnace,Electricity,Adv. airtight wood stove + cat. conv.,Softwood,Yes,,,,,,,,,,,,,,
1923231,YK,Y1A,E,2022-11-01,2022,Single Detached,167.1,One storey,1995,C1;F1,1.0,2.3457,9698.6,9.699,26708.6,7419.1,70223.4,19506.7,7419.2,0.0,0.0,0.0,0.0,201851577,Air,,14387.7,T,14.39,3.74,2.17,,,90.0,,,ESTAR,Not installed,0.0,Baseboard/Hydronic/Plenum(duct) htrs.,Electricity,Advanced airtight wood stove,Softwood,Yes,DAIKIN,3MXL24RMVJU,,24000,15500,,,12.5,18,No,7.034,,0.725,
2071766,YK,Y1A,P,2022-04-01,2022,Single Detached,209.2,Two storeys,2022,B1,1.0,3.57,10770.3,10.77,35031.1,9730.9,75775.8,21049.0,9730.9,0.0,0.0,0.0,0.0,205975740,Air,,15440.2,f,0.0,3.44,0.0,,,0.0,,,,Not installed,0.0,Baseboard/Hydronic/Plenum(duct) htrs.,Electricity,Fireplace with spark ignit. (sealed),Propane,Yes,Mitsubishi Electric,MUZ-FS18NAH-U1,MSZ-FS18NA-U1,19000,12800,22400,2.00,10.3,21,No,5.568,6.565,0.517,0.61
2078944,YK,Y1A,P,2022-08-01,2022,Single Detached,119.8,Two storeys,2022,B1,1.0,3.57,6512.1,6.512,17275.3,4798.7,59112.3,16420.2,4798.6,0.0,0.0,0.0,0.0,205975740,Air,,15440.2,f,0.0,3.44,0.0,,,0.0,,,,Not installed,0.0,Baseboard/Hydronic/Plenum(duct) htrs.,Electricity,Fireplace with spark ignit. (sealed),Propane,Yes,Mitsubishi Electric,MUZ-FS18NAH-U1,MSZ-FS18NA-U1,19000,12800,22400,2.00,10.3,21,No,5.568,6.565,0.855,1.008
2071766,YK,Y1A,N,2022-04-01,2022,Single Detached,209.2,Two storeys,2022,B1,1.0,1.5294,8400.0,8.4,27792.3,7720.1,68536.9,19038.2,7720.1,0.0,0.0,0.0,0.0,205975740,Air,,15440.1,f,0.0,3.44,0.0,,,0.0,,,,Not installed,0.0,Baseboard/Hydronic/Plenum(duct) htrs.,Electricity,Fireplace with spark ignit. (sealed),Propane,Yes,Mitsubishi Electric,MUZ-FS18NAH-U1,MSZ-FS18NA-U1,19000,12800,22400,2.00,10.3,21,No,5.568,6.565,0.663,0.782
2078944,YK,Y1A,N,2022-08-01,2022,Single Detached,119.8,Two storeys,2022,B1,1.0,1.7047,5478.3,5.478,14177.3,3938.2,56013.6,15559.5,3938.1,0.0,0.0,0.0,0.0,205975740,Air,,15440.2,f,0.0,3.44,0.0,,,0.0,,,,Not installed,0.0,Baseboard/Hydronic/Plenum(duct) htrs.,Electricity,Fireplace with spark ignit. (sealed),Propane,Yes,Mitsubishi Electric,MUZ-FS18NAH-U1,MSZ-FS18NA-U1,19000,12800,22400,2.00,10.3,21,No,5.568,6.565,1.016,1.198
5098908,YK,Y0B,E,2023-04-01,2023,Single Detached,171.2,Two storeys,1990,,1,3.1207,14941.5,14.942,42405.2,11779.3,95482.9,26523.2,11779.3,0.0,0.0,3036.7,0.0,8908615,Air,,24708.5,T,10.67,3.29,2.02,,,100.0,,,ESTAR,Not installed,0.0,Baseboard/Hydronic/Plenum(duct) htrs.,Electricity,Advanced airtight wood stove,Softwood,Yes,FUJITSU,AOU36RLXFZH,,36000,21400,36400,2.02,9.5,20.5,Yes,10.551,10.668,0.706,0.714
5159780,YK,Y1A,E,2023-02-01,2023,Single Detached,174.4,One storey,2004,C1;F1,1,2.4155,16699.0,16.699,51749.7,14375.0,101592.8,28220.4,14375.1,0.0,0.0,0.0,0.0,8908615,Air,,21044.0,T,10.67,3.48,2.01,,,0.0,,,ESTAR,Mini-split ductless,2.578,Baseboard/Hydronic/Plenum(duct) htrs.,Electricity,Advanced airtight wood stove,Softwood,Yes,FUJITSU,AOU36RLXFZH,,36000,21400,36400,2.02,9.5,20.5,Yes,10.551,10.668,0.632,0.639
5287645,YK,Y1A,E,2023-12-01,2023,"Row house, end unit",155.0,Two storeys,1959,B1;B2,1,5.1721,11494.1,11.494,32125.4,8923.8,76451.6,21236.7,8923.7,0.0,0.0,0.0,0.0,210435438,Air,,9343.1,T,10.49,3.91,2.08,,,89.0,,,,Central split system,3.66,Electric furnace,Electricity,,,Yes,Mitsubishi Electric,PUZ-HA30NKA*,PAA-A30BA1,35400,23200,35400,1.75,8.9,18,Yes,10.375,10.375,0.903,0.903
1925488,YK,Y1A,E,2023-12-01,2023,Single Detached,189.8,Two storeys,1989,B1,1,3.03,14099.7,14.1,24850.0,6902.8,122416.3,34004.8,6902.8,0.0,14589.3,0.0,0.0,207706560,Air,,15232.9,T,9.67,3.04,1.8,,,0.0,,,,Mini-split ductless,2.77,Mid-efficiency furnace (no dil. air),Oil,,,Yes,MOOVAIR,DMA30HOS20230E7,FMA30HIAHUU230X7,33000,21000,24000,1.80,8.9,16.2,Yes,9.671,7.034,0.686,0.499
1932598,YK,Y1A,E,2023-08-01,2023,Single Detached,281.2,Two storeys,2003,C1;F1,1,1.3547,15831.6,15.832,38375.4,10659.9,97976.5,27215.9,10659.8,0.0,0.0,1794.5,0.0,205707004,Air,,28084.7,T,13.77,3.89,2.3,,,89.0,,,,Central single package system,2.21,Electric furnace,Electricity,Fireplace with pilot (sealed),Propane,Yes,DAIKIN,RZQ42TAVJU*,FTQ42TAVJU*A*,42000,34000,,,9,16,No,12.309,,0.777,
1948879,YK,Y1A,E,2023-06-01,2023,Single Detached,210.5,Two storeys,1970,B1,1,4.4718,18438.2,18.438,69053.8,19181.8,112181.3,31161.7,19181.8,0.0,0.0,0.0,0.0,206223052,Air,,26031.2,T,11.14,3.42,2.0,,,100.0,,,ESTAR,Central single package system,3.77,Electric furnace,Electricity,Adv. airtight wood stove + cat. conv.,Softwood,Yes,,,,,,,,,,,,,,
1987499,YK,Y1A,E,2023-03-01,2023,Single Detached,220.0,One storey,1973,B1;P1,1,4.2318,14990.3,14.99,51670.1,14352.9,95089.0,26413.8,14352.9,0.0,0.0,0.0,0.0,204926514,Air,,32881.7,T,32.88,3.31,1.95,,,100.0,,,ESTAR,Not installed,0.0,Baseboard/Hydronic/Plenum(duct) htrs.,Electricity,Adv. airtight wood stove + cat. conv.,Softwood,Yes,Mitsubishi Electric,MXZ-5C42NAHZ2,,48000,34000,,,10.8,18.5,No,14.067,,0.938,
814699,YK,Y1A,E,2022-09-01,2022,Single Detached,217.7,Two storeys,2012,B1,1,1.4757,9566.6,9.567,31444.2,8734.6,77001.7,21389.5,8734.5,0.0,0.0,0.0,0.0,206223054,Air,,26031.2,T,11.14,3.35,1.96,,,100.0,,,ESTAR,Central split system,3.3945,Electric furnace,Electricity,,,Yes,Mitsubishi Electric,PUZ-HA36NKA,PEAD-A36AA7,38000,25400,,,10.4,17.1,No,11.137,,1.164,
2016715,YK,Y1A,E,2023-01-01,2023,Single Detached,240.5,One storey,1997,B1,1,2.0241,10154.9,10.155,41297.2,11471.5,84528.5,23480.3,11471.5,0.0,0.0,0.0,0.0,207706560,Air,,17420.1,T,9.67,3.06,1.77,,,78.0,,,ESTAR,Not installed,0.0,Electric furnace,Electricity,Pellet Stove,Wood Pellets,Yes,MOOVAIR,DMA30HOS20230E7,FMA30HIAHUU230X7,33000,21000,24000,1.80,8.9,16.2,Yes,9.671,7.034,0.952,0.693
2078931,YK,Y1A,N,2022-08-01,2022,Single Detached,207.6,One storey,2022,B1,1,0.9886,5534.6,5.535,17967.5,4991.0,58946.4,16374.1,4991.2,0.0,0.0,0.0,0.0,207613967,Air,,8071.5,t,5.51,3.73,2.18,,,64.0,,,ESTAR,Not installed,0.0,Baseboard/Hydronic/Plenum(duct) htrs.,Electricity,,,Yes,SENVILLE,SENL/18CD/OY,SENL/18CD/IY,18800,11500,10100,2.10,8.7,19,No,5.51,2.96,0.996,0.535
2129329,YK,Y1A,N,2023-06-01,2023,Single Detached,263.2,Two storeys,2023,B1,1,0.4988,5754.9,5.755,17327.2,4813.1,61966.3,17213.0,4813.1,0.0,0.0,0.0,0.0,207657629,Air,,12672.1,t,5.28,3.09,1.82,,,103.0,,,,Mini-split ductless,1.78565,Baseboard/Hydronic/Plenum(duct) htrs.,Electricity,,,Yes,SENVILLE,SENA/18HF/OQ,SENA/18HF/IQ,18000,15000,18000,1.80,11.3,21.5,Yes,5.275,5.275,0.917,0.917
2129329,YK,Y1A,P,2023-06-01,2023,Single Detached,263.2,Two storeys,2023,B1,1,1.5,7164.6,7.165,21893.6,6081.6,63092.8,17525.9,6081.7,0.0,0.0,0.0,0.0,207657629,Air,,12672.1,t,5.28,3.09,1.82,,,103.0,,,,Not installed,0.0,Baseboard/Hydronic/Plenum(duct) htrs.,Electricity,,,Yes,SENVILLE,SENA/18HF/OQ,SENA/18HF/IQ,18000,15000,18000,1.80,11.3,21.5,Yes,5.275,5.275,0.736,0.736
2129812,YK,Y1A,N,2023-07-01,2023,Single Detached,263.2,Two storeys,2023,B1,1,0.5012,5779.8,5.78,17405.6,4834.9,58604.7,16279.2,4835.0,0.0,0.0,0.0,0.0,207657629,Air,,12672.1,t,5.28,3.09,1.82,,,103.0,,,,Not installed,0.0,Baseboard/Hydronic/Plenum(duct) htrs.,Electricity,,,Yes,SENVILLE,SENA/18HF/OQ,SENA/18HF/IQ,18000,15000,18000,1.80,11.3,21.5,Yes,5.275,5.275,0.913,0.913
2129812,YK,Y1A,P,2023-06-01,2023,Single Detached,263.2,Two storeys,2023,B1,1,1.5,7164.6,7.165,21893.6,6081.6,63092.8,17525.9,6081.7,0.0,0.0,0.0,0.0,207657629,Air,,12672.1,t,5.28,3.09,1.82,,,103.0,,,,Not installed,0.0,Baseboard/Hydronic/Plenum(duct) htrs.,Electricity,,,Yes,SENVILLE,SENA/18HF/OQ,SENA/18HF/IQ,18000,15000,18000,1.80,11.3,21.5,Yes,5.275,5.275,0.736,0.736
2129912,YK,Y1A,N,2023-07-01,2023,Single Detached,254.5,Two storeys,2022,,1,0.4899,5821.2,5.821,10692.3,2970.1,61335.2,17037.7,2970.0,0.0,0.0,0.0,0.0,8033584,Air,,12593.8,t,6.45,3.35,1.85,,,100.0,,,,Mini-split ductless,3.16,Baseboard/Hydronic/Plenum(duct) htrs.,Electricity,,,Yes,FUJITSU,AOU18RLXFZH,,18000,14200,22000,1.84,9.6,21.5,Yes,5.275,6.448,0.906,1.108
2130530,YK,Y1A,N,2022-08-01,2022,Single Detached,199.5,Two storeys,2022,B1,1,0.908,6606.6,6.607,20268.6,5630.2,64266.6,17852.0,5630.3,0.0,0.0,0.0,0.0,2076139657,Air,,7000.0,t,5.51,3.39,2.18,,,64.0,,,,Central split system,1.7776,Baseboard/Hydronic/Plenum(duct) htrs.,Electricity,,,Yes,,,,,,,,,,,,,,
10916746,YK,Y1A,E,2023-11-01,2023,Double/Semi-detached,163.4,Two storeys,1957,B1,1,4.4566,13517.7,13.518,35110.2,9752.9,80530.3,22369.7,9752.9,0.0,0.0,0.0,0.0,206223052,Air,,11136.7,T,11.14,4.991,2.0,,,100.0,,,ESTAR,Central split system,2.578,Baseboard/Hydronic/Plenum(duct) htrs.,Electricity,,,Yes,,,,,,,,,,,,,,
5061151,YK,Y0B,E,2023-05-01,2023,Single Detached,201.6,One storey,2019,B1,1,1.018,4862.3,4.862,12094.0,3359.5,55731.2,15481.0,3359.5,0.0,0.0,0.0,0.0,10221199,Air,,11093.9,T,7.62,3.38,2.1,,,72.0,,,ESTAR,Mini-split ductless,3.0,Baseboard/Hydronic/Plenum(duct) htrs.,Electricity,,,Yes,PANASONIC,CU-3E19RBU-5,,19000,20800,18900,1.88,10.1,22,Yes,5.568,5.539,1.145,1.139
5084794,YK,Y1A,E,2023-03-01,2023,Single Detached,184.2,One and a half,1991,B1,1,3.8202,17547.2,17.547,35009.0,9724.8,117657.3,32682.8,9724.8,0.0,0.0,0.0,10629.5,205663354,Air,,12608.5,T,5.54,3.65,2.12,,,100.0,,,,Mini-split ductless,3.23,Baseboard/Hydronic/Plenum(duct) htrs.,Electricity,Advanced airtight wood stove,Softwood,Yes,DAIKIN,2MXL18QMVJU*,,18000,11400,,,10.3,17,No,5.275,,0.301,
5043488,YK,Y1A,E,2023-08-01,2023,Single Detached,352.7,One storey,1970,B1;B2;C1;C2;F1;F2,1,4.2286,21586.0,21.586,72748.7,20208.1,118049.1,32791.7,20208.2,0.0,0.0,0.0,0.0,211259282,Air,,32881.7,T,15.83,3.44,2.05,,,88.0,,,,Central split system,1.78565,Electric furnace,Electricity,Wood fireplace,Softwood,Yes,Mitsubishi Electric,PUZ-HA42NKA1,PVA-A42AA*,54000,38500,48000,1.90,9.3,15.4,Yes,15.826,14.067,0.733,0.652
1791637,YK,Y1A,E,2023-07-01,2023,Single Detached,211.6,One storey,2009,C1;C2;F1;F2,1,2.5138,11050.5,11.05,30092.8,8359.2,77110.8,21419.8,8359.2,0.0,0.0,0.0,0.0,211259279,Air,,26031.1,T,11.72,3.42,2.0,,,95.0,,,,Central split system,3.77,Electric furnace,Electricity,,,Yes,Mitsubishi Electric,PUZ-HA36NKA,PVA-A36AA*,40000,24600,38000,2.00,10,18.2,Yes,11.723,11.137,1.061,1.008
5067181,YK,Y1A,E,2023-05-01,2023,"Row house, end unit",148.3,Two storeys,1954,B1,1,6.5299,13024.6,13.025,34468.5,9574.7,85745.5,23818.4,9574.5,0.0,0.0,0.0,2244.2,211259279,Air,,26031.2,T,11.72,3.42,2.0,,,95.0,,,,Central split system,3.77,Electric furnace,Electricity,Adv. airtight wood stove + cat. conv.,Softwood,Yes,Mitsubishi Electric,PUZ-HA36NKA,PVA-A36AA*,40000,24600,38000,2.00,10,18.2,Yes,11.723,11.137,0.9,0.855
5078162,YK,Y1A,E,2023-02-01,2023,Single Detached,175.4,One storey,1969,B1;P1,1,3.1977,15606.9,15.607,27685.2,7690.4,151997.5,42221.9,7690.3,0.0,22275.5,0.0,0.0,206223052,Air,,11095.1,T,11.14,3.42,2.0,,,100.0,,,ESTAR,Central split system,3.77,Baseboard/Hydronic/Plenum(duct) htrs.,Electricity,Space heater,Oil,Yes,,,,,,,,,,,,,,
5102453,YK,Y1A,E,2023-07-01,2023,Single Detached,179.7,One storey,1976,B1,1,2.3859,8804.7,8.805,23428.3,6507.9,81421.8,22617.3,6507.8,0.0,0.0,3589.2,0.0,210722665,Air,,7033.7,T,14.42,4.427,3.13,,,90.0,,,ESTAR,Mini-split ductless,3.498,Electric furnace,Electricity,Other (describe),Propane,Yes,DAIKIN,3MXL24WMVJU*,,24000,15500,21600,1.80,9.7,18,Yes,7.034,6.33,0.799,0.719
,YK,Y1A,E,2022-09-01,2022,"Row house, end unit",176.1,Two storeys,2017,B1,1,1.5834,6239.6,6.24,16253.9,4515.0,55155.9,15321.2,4515.0,0.0,0.0,0.0,0.0,8033586,Air,,17430.0,T,7.47,3.55,2.09,,,102.0,,,ESTAR,Not installed,0.0,Baseboard/Hydronic/Plenum(duct) htrs.,Electricity,,,Yes,FUJITSU,AOU24RLXFZH,,24000,15400,25600,2.06,10,20,Yes,7.034,7.503,1.127,1.202
5108585,YK,Y1A,D,2023-05-01,2023,Single Detached,389.8,Two storeys,1995,B1,1,1.763,17084.0,17.084,37759.0,10488.7,119856.1,33293.6,10488.7,0.0,0.0,10459.3,0.0,201754323,Air,,47952.2,T,11.72,3.51,1.83,,,100.0,,,ESTAR,Not installed,0.0,Baseboard/Hydronic/Plenum(duct) htrs.,Electricity,Fireplace with pilot (unsealed),Propane,Yes,Mitsubishi Electric,PUZ-HA36NHA5,PVA-A36AA*,38000,29000,,,11,17.8,No,11.137,,0.652,
1807182,YK,Y1A,D,2022-11-01,2022,Single Detached,232.6,One storey,1997,B1,1,1.8961,10817.2,10.817,52991.5,14720.0,98801.9,27445.2,14720.1,0.0,0.0,0.0,0.0,201754495,Air,,14067.4,T,14.07,4.051,2.05,,,100.0,,,ESTAR,Central split system,3.199,Electric furnace,Electricity,Advanced airtight wood stove,Softwood,Yes,Mitsubishi Electric,PUZ-HA42NKA,PVA-A42AA*,48000,42000,,,11,15.3,No,14.067,,1.3,
1807182,YK,Y1A,E,2023-11-01,2023,Single Detached,232.6,One storey,1997,B1,1,2.1424,11353.9,11.354,55469.5,15408.3,101205.8,28112.9,15408.2,0.0,0.0,0.0,0.0,201754495,Air,,14067.4,T,14.07,4.051,2.05,,,100.0,,,ESTAR,Central split system,3.199,Electric furnace,Electricity,Advanced airtight wood stove,Softwood,Yes,Mitsubishi Electric,PUZ-HA42NKA,PVA-A42AA*,48000,42000,,,11,15.3,No,14.067,,1.239,
5238195,YK,Y1A,D,2023-03-01,2023,Single Detached,220.0,One storey,1973,B1;P1,1,4.2318,15046.7,15.047,51816.4,14393.6,95236.3,26454.7,14393.4,0.0,0.0,0.0,0.0,204926514,Air,,32881.6,T,32.88,3.31,1.95,,,100.0,,,ESTAR,Not installed,0.0,Baseboard/Hydronic/Plenum(duct) htrs.,Electricity,Adv. airtight wood stove + cat. conv.,Softwood,Yes,Mitsubishi Electric,MXZ-5C42NAHZ2,,48000,34000,,,10.8,18.5,No,14.067,,0.935,
5238195,YK,Y1A,E,2023-10-01,2023,Single Detached,220.0,One storey,1973,B1;P1,1,3.3075,9748.5,9.748,32095.8,8915.6,76034.7,21120.9,8915.6,0.0,0.0,0.0,0.0,204926514,Air,,32881.7,T,32.88,3.31,1.95,,,100.0,,,ESTAR,Not installed,0.0,Baseboard/Hydronic/Plenum(duct) htrs.,Electricity,Adv. airtight wood stove + cat. conv.,Softwood,Yes,Mitsubishi Electric,MXZ-5C42NAHZ2,,48000,34000,,,10.8,18.5,No,14.067,,1.443,
5246883,YK,Y1A,E,2023-04-01,2023,Single Detached,200.2,Two storeys,1978,B1;C1;F1,1,2.6529,17668.3,17.668,73463.8,20406.8,120170.1,33380.9,20406.8,0.0,0.0,0.0,0.0,202521824,Air,,24649.0,T,10.73,2.066,2.0,,,100.0,,,,Mini-split ductless,3.04,Baseboard/Hydronic/Plenum(duct) htrs.,Electricity,Advanced airtight wood stove,Softwood,Yes,DAIKIN,4MXL36TVJU,,34400,22400,,,11.2,21.7,No,10.082,,0.571,
5288459,YK,Y1A,D,2023-12-01,2023,Single Detached,198.1,One and a half,1983,C1;F1,1,2.7799,19877.1,19.877,60161.7,16711.7,105946.4,29429.8,16711.8,0.0,0.0,0.0,0.0,201754495,Air,,26007.1,T,14.07,3.15,1.91,,,100.0,,,,Central single package system,2.88,Baseboard/Hydronic/Plenum(duct) htrs.,Electricity,Wood fireplace,Mixed Wood,Yes,Mitsubishi Electric,PUZ-HA42NKA,PVA-A42AA*,48000,42000,,,11,15.3,No,14.067,,0.708,
5317744,YK,Y1A,E,2023-11-01,2023,Single Detached,182.8,One storey,1966,B1;C1;F1;P1,1,2.4158,9506.5,9.506,30913.4,8587.1,77619.6,21561.2,8587.0,0.0,0.0,0.0,0.0,207641335,Air,,17221.1,T,10.84,3.14,1.83,,,68.0,,,ESTAR,Mini-split ductless,2.79,Baseboard/Hydronic/Plenum(duct) htrs.,Electricity,,,Yes,SENVILLE,SENA/36HF/MOQ,,37000,26800,25200,1.80,9.5,23.9,No,10.844,7.385,1.141,0.777
5023164,YK,Y1A,E,2024-02-01,2024,Single Detached,194.4,One storey,1970,B1;B2,1,3.6425,12582.1,12.582,38478.2,10688.5,82218.8,22838.7,10688.4,0.0,0.0,0.0,0.0,211259279,Air,,11095.1,T,11.72,3.81,2.0,,,95.0,,,,Central split system,3.77,Electric furnace,Electricity,Adv. airtight wood stove + cat. conv.,Softwood,Yes,Mitsubishi Electric,PUZ-HA36NKA,PVA-A36AA*,40000,24600,38000,2.00,10,18.2,Yes,11.723,11.137,0.932,0.885
1762326,YK,Y1A,E,2024-01-01,2024,Single Detached,193.4,One storey,1995,B1,1,4.2498,14036.4,14.036,41703.7,11584.5,85082.1,23634.1,11584.5,0.0,0.0,0.0,0.0,206223054,Air,,20588.8,T,11.14,3.43,1.96,,,100.0,,,,Central single package system,3.7,Baseboard/Hydronic/Plenum(duct) htrs.,Electricity,Advanced airtight wood stove,Softwood,Yes,Mitsubishi Electric,PUZ-HA36NKA,PEAD-A36AA7,38000,25400,,,10.4,17.1,No,11.137,,0.793,
5168472,YK,Y0B,E,2022-10-01,2022,Single Detached,279.5,Two storeys,1912,B1;B2,1,6.212,21804.8,21.805,57324.6,15923.6,122395.3,33999.0,15923.7,0.0,1340.6,0.0,4443.1,8908615,Air,,24708.4,T,10.67,3.44,2.02,,,100.0,,,ESTAR,Mini-split ductless,3.29,Baseboard/Hydronic/Plenum(duct) htrs.,Electricity,Adv. airtight wood stove + cat. conv.,Softwood,Yes,FUJITSU,AOU36RLXFZH,,36000,21400,36400,2.02,9.5,20.5,Yes,10.551,10.668,0.484,0.489
5313680,YK,Y1A,N,2024-01-01,2024,Single Detached,275.5,Two storeys,2023,B1,1,0.5572,5820.9,5.821,15048.1,4180.1,62472.2,17353.5,4180.0,0.0,0.0,0.0,0.0,8858354,Air,,6766.4,T,5.57,3.4,1.97,,,53.0,,,,Mini-split ductless,1.79945,Baseboard/Hydronic/Plenum(duct) htrs.,Electricity,,,Yes,SENVILLE,SENA/18HF/MOZ,,18000,11800,,,9.1,22.4,No,5.275,,0.906,
5313680,YK,Y1A,P,2023-06-01,2023,Single Detached,275.5,Two storeys,2023,B1,1,1.5,7246.7,7.247,19317.9,5366.1,66174.6,18382.0,5366.2,0.0,0.0,0.0,0.0,8858354,Air,,6766.4,T,5.57,3.4,1.97,,,53.0,,,,Mini-split ductless,1.79945,Baseboard/Hydronic/Plenum(duct) htrs.,Electricity,,,Yes,SENVILLE,SENA/18HF/MOZ,,18000,11800,,,9.1,22.4,No,5.275,,0.728,
5313688,YK,Y1A,N,2023-11-01,2023,Single Detached,275.5,Two storeys,2023,B1,1,0.6051,6036.6,6.037,15736.7,4371.3,63044.2,17512.4,4371.4,0.0,0.0,0.0,0.0,8858354,Air,,6766.4,T,5.57,3.4,1.97,,,53.0,,,,Mini-split ductless,1.79945,Baseboard/Hydronic/Plenum(duct) htrs.,Electricity,,,Yes,SENVILLE,SENA/18HF/MOZ,,18000,11800,,,9.1,22.4,No,5.275,,0.874,
5313688,YK,Y1A,P,2023-06-01,2023,Single Detached,275.5,Two storeys,2023,B1,1,1.5,7246.7,7.247,19317.9,5366.1,66174.6,18382.0,5366.2,0.0,0.0,0.0,0.0,8858354,Air,,6766.4,T,5.57,3.4,1.97,,,53.0,,,,Mini-split ductless,1.79945,Baseboard/Hydronic/Plenum(duct) htrs.,Electricity,,,Yes,SENVILLE,SENA/18HF/MOZ,,18000,11800,,,9.1,22.4,No,5.275,,0.728,
5316360,YK,Y1A,D,2023-06-01,2023,Single Detached,362.6,Two storeys,2022,B1,1,1.1075,9832.8,9.833,35336.9,9815.9,77480.8,21522.6,9815.9,0.0,0.0,0.0,0.0,206223048,Air,,9380.0,T,9.38,4.465,2.17,,,100.0,,,ESTAR,Central split system,2.578,Electric furnace,Electricity,,,Yes,,,,,,,,,,,,,,
25484,YK,Y1A,D,2022-08-01,2022,Single Detached,190.9,One storey,1972,C1;F1,1,5.7306,17168.5,17.168,35936.5,9982.4,99616.1,27671.4,9982.6,0.0,0.0,5690.9,0.0,206223006,Air,,26024.7,T,26.02,3.6,2.09,,,100.0,,,ESTAR,Not installed,0.0,Condensing boiler,Propane,Fireplace with spark ignit. (sealed),Propane,Yes,,,,,,,,,,,,,,
25484,YK,Y1A,E,2024-01-01,2024,Single Detached,190.9,One storey,1972,C1;F1,1,5.2435,13827.4,13.827,28437.4,7899.3,87047.7,24180.1,7899.2,0.0,0.0,4282.3,0.0,206223006,Air,,26024.7,T,26.02,3.6,2.09,,,100.0,,,ESTAR,Not installed,0.0,Condensing boiler,Propane,Fireplace with spark ignit. (sealed),Propane,Yes,,,,,,,,,,,,,,
5346856,YK,Y1A,N,2024-02-01,2024,Single Detached,212.2,Two storeys,2023,B1,1,0.6779,5773.2,5.773,19886.4,5524.0,62461.3,17350.5,5523.9,0.0,0.0,0.0,0.0,207657629,Air,,12672.1,T,5.28,3.09,1.82,,,103.0,,,,Mini-split ductless,3.11,Baseboard/Hydronic/Plenum(duct) htrs.,Electricity,,,Yes,SENVILLE,SENA/18HF/OQ,SENA/18HF/IQ,18000,15000,18000,1.80,11.3,21.5,Yes,5.275,5.275,0.914,0.914
5346856,YK,Y1A,P,2023-07-01,2023,Single Detached,212.2,Two storeys,2023,B1,1,1.5,6913.9,6.914,23449.9,6513.9,65904.9,18307.1,6513.9,0.0,0.0,0.0,0.0,207657629,Air,,12672.1,T,5.28,3.09,1.82,,,103.0,,,,Mini-split ductless,3.11,Baseboard/Hydronic/Plenum(duct) htrs.,Electricity,,,Yes,SENVILLE,SENA/18HF/OQ,SENA/18HF/IQ,18000,15000,18000,1.80,11.3,21.5,Yes,5.275,5.275,0.763,0.763
5353254,YK,Y1A,N,2022-02-01,2022,Single Detached,243.2,Two storeys,2021,B1,1,0.7749,6149.7,6.15,17252.0,4792.3,58526.5,16257.5,4792.3,0.0,0.0,0.0,0.0,8858354,Air,,6770.0,T,5.28,3.4,1.97,,,0.0,,,,Not installed,0.0,Baseboard/Hydronic/Plenum(duct) htrs.,Electricity,,,Yes,SENVILLE,SENA/18HF/MOZ,,18000,11800,,,9.1,22.4,No,5.275,,0.858,
5353254,YK,Y1A,P,2022-02-01,2022,Single Detached,243.2,Two storeys,2021,B1,1,1.5,7225.1,7.225,20523.6,5701.0,61798.4,17166.4,5701.2,0.0,0.0,0.0,0.0,8858354,Air,,6770.0,T,5.28,3.4,1.97,,,0.0,,,,Not installed,0.0,Baseboard/Hydronic/Plenum(duct) htrs.,Electricity,,,Yes,SENVILLE,SENA/18HF/MOZ,,18000,11800,,,9.1,22.4,No,5.275,,0.73,
5353297,YK,Y1A,N,2022-05-01,2022,Single Detached,249.6,Two storeys,2021,B1,1,0.7375,7006.9,7.007,21432.8,5953.6,65006.1,18057.4,5953.7,0.0,0.0,0.0,0.0,8858354,Air,,6770.0,T,5.57,3.4,1.97,,,53.0,,,,Mini-split ductless,3.32,Baseboard/Hydronic/Plenum(duct) htrs.,Electricity,,,Yes,SENVILLE,SENA/18HF/MOZ,,18000,11800,,,9.1,22.4,No,5.275,,0.753,
5356409,YK,Y1A,N,2022-11-01,2022,Single Detached,249.6,Two storeys,2021,B1,1,0.8485,7074.6,7.075,20855.1,5793.1,64481.4,17911.6,5793.1,0.0,0.0,0.0,0.0,8858354,Air,,6766.1,T,5.57,3.63,1.97,,,53.0,,,,Mini-split ductless,3.23,Baseboard/Hydronic/Plenum(duct) htrs.,Electricity,,,Yes,SENVILLE,SENA/18HF/MOZ,,18000,11800,,,9.1,22.4,No,5.275,,0.746,
5356424,YK,Y1A,N,2022-12-01,2022,Single Detached,268.6,Two storeys,2021,B1,1,0.7648,7119.8,7.12,21537.3,5982.6,66642.5,18512.0,5982.5,0.0,0.0,0.0,0.0,8858354,Air,,6766.1,T,5.57,3.63,1.97,,,53.0,,,,Mini-split ductless,1.8098,Baseboard/Hydronic/Plenum(duct) htrs.,Electricity,,,Yes,SENVILLE,SENA/18HF/MOZ,,18000,11800,,,9.1,22.4,No,5.275,,0.741,
1873998,YK,Y1A,E,2021-11-01,2021,Single Detached,186.8,One storey,1978,B1,1,2.4435,11223.0,11.223,35794.7,9943.1,80121.9,22256.3,9943.1,0.0,0.0,0.0,0.0,201754323,Air,,10550.6,T,11.14,3.12,1.83,,,100.0,,,,Central split system,3.47,Baseboard/Hydronic/Plenum(duct) htrs.,Electricity,,,Yes,Mitsubishi Electric,PUZ-HA36NHA5,PVA-A36AA*,38000,29000,,,11,17.8,No,11.137,,0.992,
2016678,YK,Y1A,E,2024-06-01,2024,Single Detached,191.4,One storey,1975,B1;P1,1,3.5673,13253.6,13.254,41458.8,11516.4,84239.5,23400.0,11516.5,0.0,0.0,0.0,0.0,211259279,Air,,26031.1,T,11.72,3.42,2.0,,,95.0,,,,Not installed,0.0,Electric furnace,Electricity,Wood fireplace,Softwood,Yes,Mitsubishi Electric,PUZ-HA36NKA,PVA-A36AA*,40000,24600,38000,2.00,10,18.2,Yes,11.723,11.137,0.885,0.84
5088454,YK,Y0B,E,2024-02-01,2024,Single Detached,186.5,One storey,1985,B1;C1;F1,1,8.0781,17915.5,17.916,23637.0,6565.9,139494.8,38748.9,6565.9,0.0,0.0,0.0,6565.9,10221199,Air,,7619.8,T,7.62,3.51,2.1,,,72.0,,,,Mini-split ductless,3.0,Outdoor wood boiler,Mixed Wood,Space heater,Oil,Yes,PANASONIC,CU-3E19RBU-5,,19000,20800,18900,1.88,10.1,22,Yes,5.568,5.539,0.311,0.309
5045070,YK,Y1A,E,2024-04-01,2024,Single Detached,240.7,One storey,1970,B1;P1,1,4.3206,15276.3,15.276,48864.4,13573.6,98728.9,27424.9,13573.4,0.0,0.0,1794.5,0.0,211259279,Air,,26031.1,T,11.72,3.42,2.0,,,95.0,,,ESTAR,Central single package system,3.77,Electric furnace,Electricity,Fireplace with pilot (sealed),Propane,Yes,Mitsubishi Electric,PUZ-HA36NKA,PVA-A36AA*,40000,24600,38000,2.00,10,18.2,Yes,11.723,11.137,0.767,0.729
5084527,YK,Y1A,E,2024-04-01,2024,Single Detached,239.4,Two storeys,1976,B1,1,3.8798,16448.4,16.448,42062.6,11684.1,109205.8,30335.2,11684.3,0.0,6740.9,0.0,0.0,211259279,Air,,26031.2,T,11.72,3.42,2.0,,,95.0,,,,Central split system,3.77,Mid-efficiency furnace (no dil. air),Oil,Fireplace with spark ignit. (sealed),Propane,Yes,Mitsubishi Electric,PUZ-HA36NKA,PVA-A36AA*,40000,24600,38000,2.00,10,18.2,Yes,11.723,11.137,0.713,0.677
5082339,YK,Y1A,E,2024-04-01,2024,Single Detached,257.3,Two storeys,2006,B1,1,1.8377,13631.6,13.632,49134.3,13648.5,94222.8,26173.2,13648.4,0.0,0.0,0.0,0.0,206223052,Air,,26031.2,T,11.14,3.42,2.0,,,100.0,,,ESTAR,Central split system,3.77,Baseboard/Hydronic/Plenum(duct) htrs.,Electricity,,,Yes,,,,,,,,,,,,,,
5107914,YK,Y1A,E,2024-02-01,2024,Single Detached,194.6,Split level,1994,B1;B2,1,3.3365,10768.9,10.769,22713.8,6309.4,81524.6,22645.9,6309.5,0.0,4190.0,0.0,0.0,211259279,Air,,20588.8,T,11.72,3.42,2.0,,,95.0,,,,Central split system,3.77,Mid-efficiency furnace (no dil. air),Oil,Fireplace with spark ignit. (sealed),Propane,Yes,Mitsubishi Electric,PUZ-HA36NKA,PVA-A36AA*,40000,24600,38000,2.00,10,18.2,Yes,11.723,11.137,1.089,1.034
5316360,YK,Y1A,E,2023-09-01,2023,Single Detached,362.6,Two storeys,2022,B1,1,1.0272,9575.9,9.576,32934.4,9148.5,75165.1,20879.4,9148.4,0.0,0.0,0.0,0.0,206223048,Air,,9380.0,T,9.38,4.465,2.17,,,100.0,,,ESTAR,Central split system,2.578,Electric furnace,Electricity,,,Yes,,,,,,,,,,,,,,
5386434,YK,Y1A,N,2024-04-01,2024,Single Detached,212.2,Two storeys,2023,B1,1,0.7387,5794.4,5.794,19785.7,5496.1,62276.8,17299.2,5496.2,0.0,0.0,0.0,0.0,207657629,Air,,12672.1,T,5.28,3.09,1.82,,,103.0,,,,Mini-split ductless,3.11,Baseboard/Hydronic/Plenum(duct) htrs.,Electricity,,,Yes,SENVILLE,SENA/18HF/OQ,SENA/18HF/IQ,18000,15000,18000,1.80,11.3,21.5,Yes,5.275,5.275,0.91,0.91
5386434,YK,Y1A,P,2023-07-01,2023,Single Detached,212.2,Two storeys,2023,B1,1,1.5,6913.9,6.914,23322.8,6478.6,65738.8,18260.9,6478.7,0.0,0.0,0.0,0.0,207657629,Air,,12672.1,T,5.28,3.09,1.82,,,103.0,,,,Mini-split ductless,3.11,Baseboard/Hydronic/Plenum(duct) htrs.,Electricity,,,Yes,SENVILLE,SENA/18HF/OQ,SENA/18HF/IQ,18000,15000,18000,1.80,11.3,21.5,Yes,5.275,5.275,0.763,0.763
5600228,YK,Y1A,P,2024-01-01,2024,Single Detached,308.6,One storey,2023,B1,1,1.5,7753.3,7.753,23989.0,6663.7,67128.5,18647.0,6663.7,0.0,0.0,0.0,0.0,211259279,Air,Ductless Mini- or Multi-split system,20588.8,T,11.72,3.57,2.0,0.0,0.0,95.0,0.0,0.0,,Ductless Mini- or Multi-split system,3.77,Baseboard/Hydronic/Plenum(duct) htrs.,Electricity,Advanced airtight wood stove,Softwood,Yes,Mitsubishi Electric,PUZ-HA36NKA,PVA-A36AA*,40000,24600,38000,2.00,10,18.2,Yes,11.723,11.137,1.512,1.436
5400693,YK,Y1A,N,2024-05-01,2024,Single Detached,543.8,One storey,2024,B1,1,0.6962,10209.8,10.21,39148.9,10874.8,81946.8,22763.2,10874.8,0.0,0.0,0.0,0.0,211259282,Air,,26007.0,T,15.83,3.28,2.05,,,88.0,,,ESTAR,Central single package system,3.11,Baseboard/Hydronic/Plenum(duct) htrs.,Electricity,Advanced airtight wood stove,Softwood,Yes,Mitsubishi Electric,PUZ-HA42NKA1,PVA-A42AA*,54000,38500,48000,1.90,9.3,15.4,Yes,15.826,14.067,1.55,1.378
5400693,YK,Y1A,P,2024-05-01,2024,Single Detached,543.8,One storey,2024,B1,1,1.5,14313.1,14.313,61343.2,17039.9,104426.8,29007.7,17039.9,0.0,0.0,0.0,0.0,211259282,Air,,26007.1,T,15.83,3.28,2.05,,,88.0,,,ESTAR,Central single package system,3.11,Baseboard/Hydronic/Plenum(duct) htrs.,Electricity,Advanced airtight wood stove,Softwood,Yes,Mitsubishi Electric,PUZ-HA42NKA1,PVA-A42AA*,54000,38500,48000,1.90,9.3,15.4,Yes,15.826,14.067,1.106,0.983
5402383,YK,Y1A,N,2024-05-01,2024,Single Detached,261.3,Two storeys,2023,B1,1,0.6415,5070.2,5.07,12268.5,3407.9,59157.4,16432.7,3408.1,0.0,0.0,0.0,727.8,211259282,Air,,32881.7,T,1.41,3.24,1.91,,,100.0,,,,Central split system,2.88,Baseboard/Hydronic/Plenum(duct) htrs.,Electricity,Advanced airtight wood stove,Softwood,Yes,Mitsubishi Electric,PUZ-HA42NKA1,PVA-A42AA*,54000,38500,48000,1.90,9.3,15.4,Yes,15.826,14.067,3.121,2.775
5402383,YK,Y1A,P,2023-01-01,2023,Single Detached,261.3,Two storeys,2023,B1,1,1.5,6758.4,6.758,16403.5,4556.6,61848.5,17180.3,4556.4,0.0,0.0,0.0,1063.6,206223044,Air,,17810.0,F,0.0,3.26,0.0,,,0.0,,,,Not installed,0.0,Baseboard/Hydronic/Plenum(duct) htrs.,Electricity,Advanced airtight wood stove,Softwood,Yes,,,,,,,,,,,,,,
5403444,YK,Y1A,N,2024-05-01,2024,Single Detached,249.6,Two storeys,2024,B1,1,0.7634,6549.4,6.549,20375.1,5659.8,63204.4,17556.9,5659.8,0.0,0.0,0.0,0.0,8858354,Air,,6766.4,T,5.57,3.4,1.97,,,53.0,,,ESTAR,Mini-split ductless,3.23,Baseboard/Hydronic/Plenum(duct) htrs.,Electricity,,,Yes,SENVILLE,SENA/18HF/MOZ,,18000,11800,,,9.1,22.4,No,5.275,,0.805,
5403444,YK,Y1A,P,2024-05-01,2024,Single Detached,249.6,Two storeys,2024,B1,1,1.0,7059.5,7.06,22055.4,6126.5,64849.3,18013.8,6126.4,0.0,0.0,0.0,0.0,8858354,Air,,6766.4,T,5.57,3.4,1.97,,,53.0,,,ESTAR,Mini-split ductless,3.23,Baseboard/Hydronic/Plenum(duct) htrs.,Electricity,,,Yes,SENVILLE,SENA/18HF/MOZ,,18000,11800,,,9.1,22.4,No,5.275,,0.747,
5407822,YK,Y1A,N,2024-06-01,2024,Detached Duplex,174.0,Two storeys,2024,B1,2,0.6596,4659.0,4.659,15939.8,4427.8,43563.1,12101.0,4427.8,0.0,0.0,0.0,0.0,207657629,Air,,10637.6,T,5.28,2.95,1.82,,,103.0,,,,Mini-split ductless,3.11,Baseboard/Hydronic/Plenum(duct) htrs.,Electricity,,,Yes,SENVILLE,SENA/18HF/OQ,SENA/18HF/IQ,18000,15000,18000,1.80,11.3,21.5,Yes,5.275,5.275,1.132,1.132
5407822,YK,Y1A,P,2024-06-01,2024,Detached Duplex,174.0,Two storeys,2024,B1,2,1.5,5303.9,5.304,17904.0,4973.4,45480.0,12633.4,4973.4,0.0,0.0,0.0,0.0,207657629,Air,,10637.6,T,5.28,2.95,1.82,,,103.0,,,,Mini-split ductless,3.11,Baseboard/Hydronic/Plenum(duct) htrs.,Electricity,,,Yes,SENVILLE,SENA/18HF/OQ,SENA/18HF/IQ,18000,15000,18000,1.80,11.3,21.5,Yes,5.275,5.275,0.995,0.995
5407821,YK,Y1A,P,2024-06-01,2024,Detached Duplex,91.9,Two storeys,2024,B1,2,1.5,2603.5,2.604,5611.4,1558.7,33558.2,9321.8,1558.6,0.0,0.0,0.0,0.0,207657627,Air,,6585.9,T,3.52,2.97,1.97,,,92.0,,,,Mini-split ductless,3.58,Baseboard/Hydronic/Plenum(duct) htrs.,Electricity,,,Yes,SENVILLE,SENA/09HF/OQ,SENA/09HF/IQ,12000,9500,10600,2.00,11.5,28.1,Yes,3.517,3.107,1.351,1.193
5307292,YK,Y1A,E,2024-07-01,2024,Single Detached,185.2,One storey,1975,B1;P1,1,2.7047,11271.7,11.272,41488.0,11524.5,85834.8,23843.2,11524.5,0.0,0.0,0.0,0.0,211259279,Air,,26031.2,T,11.72,3.42,2.0,,,95.0,,,ESTAR,Central split system,3.77,Electric furnace,Electricity,Advanced airtight wood stove,Softwood,Yes,Mitsubishi Electric,PUZ-HA36NKA,PVA-A36AA*,40000,24600,38000,2.00,10,18.2,Yes,11.723,11.137,1.04,0.988
5406036,YK,Y1A,E,2024-11-01,2024,Double/Semi-detached,139.0,Two storeys,2007,B1,1,2.2019,6889.8,6.89,19581.1,5439.2,64053.7,17792.8,5439.2,0.0,0.0,0.0,0.0,211259274,Air,,21921.1,T,9.96,3.65,2.17,,,94.0,,,ESTAR,Central split system,3.82,Electric furnace,Electricity,,,Yes,Mitsubishi Electric,PUZ-HA30NKA,PVA-A30AA*,34000,21000,32000,2.10,8.7,18,Yes,9.964,9.378,1.446,1.361
10213746,YK,Y1A,E,2024-07-01,2024,Single Detached,240.6,Two and a half,1990,C1;F1,1,1.1695,10757.0,10.757,23482.7,6523.0,87664.4,24351.4,6523.1,0.0,0.0,1682.5,1481.4,207641335,Air,,7000.0,T,10.55,2.073,2.0,23.41,,102.0,,,,Mini-split ductless,1.765,Baseboard/Hydronic/Plenum(duct) htrs.,Electricity,Other (describe),Softwood,Yes,SENVILLE,SENA/36HF/MOQ,,37000,26800,25200,1.80,9.5,23.9,No,10.844,7.385,1.008,0.687
5002817,YK,Y1A,E,2024-09-01,2024,Single Detached,144.7,One storey,1965,B1;B2;B3;P1,1,2.7573,11983.8,11.984,44645.1,12401.5,89729.2,24925.0,12401.5,0.0,0.0,0.0,0.0,211259279,Air,,26031.2,T,11.72,3.42,2.0,,,95.0,,,ESTAR,Central split system,3.77,Electric furnace,Electricity,Pellet Stove,Wood Pellets,Yes,Mitsubishi Electric,PUZ-HA36NKA,PVA-A36AA*,40000,24600,38000,2.00,10,18.2,Yes,11.723,11.137,0.978,0.929
5298156,YK,Y1A,E,2023-08-01,2023,Single Detached,264.8,Two storeys,2020,B1,1,0.9941,5781.3,5.781,19150.2,5319.5,62554.1,17376.3,5319.5,0.0,0.0,0.0,0.0,207641338,Air,,23054.4,T,14.07,3.2,1.86,,,70.0,,,ESTAR,Mini-split ductless,2.99,Baseboard/Hydronic/Plenum(duct) htrs.,Electricity,,,Yes,SENVILLE,SENA/48HF/MOQ,,48000,34000,33000,1.80,8.7,23.4,No,14.067,9.671,2.433,1.673
5216944,YK,Y1A,E,2024-08-01,2024,Single Detached,228.0,Two storeys,2003,B1,1,3.1541,14507.9,14.508,46175.0,12826.5,90428.1,25119.1,12826.5,0.0,0.0,0.0,0.0,211259279,Air,,26031.1,T,11.72,3.42,2.0,,,95.0,,,,Central split system,3.77,Baseboard/Hydronic/Plenum(duct) htrs.,Electricity,Advanced airtight wood stove,Mixed Wood,Yes,Mitsubishi Electric,PUZ-HA36NKA,PVA-A36AA*,40000,24600,38000,2.00,10,18.2,Yes,11.723,11.137,0.808,0.768
5249457,YK,Y1A,E,2024-07-01,2024,Single Detached,272.3,Three storeys,2000,B1;P1,1,2.869,16282.2,16.282,51292.2,14247.9,103235.6,28676.8,14247.9,0.0,0.0,1794.5,0.0,211259279,Air,,26031.2,T,11.72,3.42,2.0,,,95.0,,,,Central split system,3.77,Electric furnace,Electricity,Other (describe),Propane,Yes,Mitsubishi Electric,PUZ-HA36NKA,PVA-A36AA*,40000,24600,38000,2.00,10,18.2,Yes,11.723,11.137,0.72,0.684
5237479,YK,Y1A,E,2024-10-01,2024,"Row house, end unit",100.7,One storey,1940,C1;F1,1,13.5863,12649.3,12.649,29888.1,8302.3,78022.7,21673.1,8302.3,0.0,0.0,0.0,0.0,207571419,Air,,7966.0,T,3.52,3.46,2.07,,,98.0,,,,Mini-split ductless,3.32,Baseboard/Hydronic/Plenum(duct) htrs.,Electricity,Advanced airtight wood stove,Mixed Wood,Yes,,,,,,,,,,,,,,
5330436,YK,Y1A,E,2024-10-01,2024,"Row house, end unit",228.3,Two storeys,2015,B1,1,0.915,6254.6,6.255,15929.1,4424.8,63727.8,17702.3,4424.8,0.0,0.0,0.0,0.0,207679255,Air,,19173.6,T,5.57,4.17,1.8,,,100.0,,,ESTAR,Mini-split ductless,3.16,Baseboard/Hydronic/Plenum(duct) htrs.,Electricity,Advanced airtight wood stove,Mixed Wood,Yes,Mitsubishi Electric,MUZ-GS18NAHZ***,MSZ-GS18NA***,19000,11700,19000,1.80,9.6,21.5,Yes,5.568,5.568,0.89,0.89
5394791,YK,Y1A,E,2024-07-01,2024,"Row house, end unit",197.5,Two storeys,2021,B1,1,0.8421,4699.8,4.7,11249.6,3124.9,55430.6,15397.5,3125.0,0.0,0.0,0.0,0.0,213732653,Air,,17105.1,T,0.82,3.15,1.81,,,90.0,,,,Mini-split ductless,2.84,Baseboard/Hydronic/Plenum(duct) htrs.,Electricity,,,Yes,SENVILLE,SENA-28HF-MOB,,28000,26600,25000,1.80,10.6,23,Yes,8.206,7.327,1.746,1.559
5384160,YK,Y1A,N,2024-04-01,2024,Single Detached,279.5,Two storeys,2024,B1,1,0.768,8621.4,8.621,29052.5,8070.2,73954.4,20543.1,8070.3,0.0,0.0,0.0,0.0,213732653,Air,,17105.1,T,8.21,3.15,1.81,,,90.0,,,ESTAR,Mini-split ductless,2.84,Baseboard/Hydronic/Plenum(duct) htrs.,Electricity,,,Yes,SENVILLE,SENA-28HF-MOB,,28000,26600,25000,1.80,10.6,23,Yes,8.206,7.327,0.952,0.85
5407821,YK,Y1A,N,2024-06-01,2024,Detached Duplex,91.9,One storey,2024,B1,2,0.8838,2084.5,2.084,4073.1,1131.4,32232.4,8953.5,1131.4,0.0,0.0,0.0,0.0,207657627,Air,,6585.9,T,3.52,2.97,1.97,,,92.0,,,,Mini-split ductless,3.58,Baseboard/Hydronic/Plenum(duct) htrs.,Electricity,,,Yes,SENVILLE,SENA/09HF/OQ,SENA/09HF/IQ,12000,9500,10600,2.00,11.5,28.1,Yes,3.517,3.107,1.687,1.49
5410072,YK,Y1A,E,2024-11-01,2024,Single Detached,175.6,One storey,1990,B1;P1,1,4.364,11966.5,11.966,24706.9,6863.1,93746.9,26041.0,6863.1,0.0,7061.7,0.0,0.0,213732650,Air,,7007.3,T,5.86,3.32,1.93,,,100.0,,,,Mini-split ductless,3.07,Furnace with flame retention head,Oil,,,Yes,SENVILLE,SENA-18HF-MOB,,20000,15000,19700,1.90,9.8,22,Yes,5.861,5.774,0.49,0.482
5425918,YK,Y1A,N,2024-07-01,2024,Detached Duplex,153.1,Two storeys,2024,B1,2,1.0594,4879.9,4.88,11610.1,3225.1,67790.3,18830.8,3225.0,0.0,0.0,0.0,0.0,8858354,Air,,6766.4,T,5.57,3.4,1.97,,,53.0,,,,Mini-split ductless,1.799,Baseboard/Hydronic/Plenum(duct) htrs.,Electricity,,,Yes,SENVILLE,SENA/18HF/MOZ,,18000,11800,,,9.1,22.4,No,5.275,,1.081,
5425918,YK,Y1A,P,2024-03-01,2024,Detached Duplex,153.1,Two storeys,2024,B1,2,1.0,4818.1,4.818,11459.4,3183.2,67673.1,18798.2,3183.1,0.0,0.0,0.0,0.0,8858354,Air,,6766.4,T,5.57,3.4,1.97,,,53.0,,,,Mini-split ductless,1.799,Baseboard/Hydronic/Plenum(duct) htrs.,Electricity,,,Yes,SENVILLE,SENA/18HF/MOZ,,18000,11800,,,9.1,22.4,No,5.275,,1.095,
5438607,YK,Y1A,N,2024-09-01,2024,Single Detached,463.5,One storey,2024,B1,1,1.3817,13759.7,13.76,20761.6,5767.2,92896.4,25804.8,5767.3,0.0,0.0,4924.2,0.0,210435439,Air,Central split system,20588.8,T,12.31,4.05,2.06,0.0,0.0,90.0,0.0,0.0,,Central split system,3.23,Condensing furnace,Propane,Fireplace with spark ignit. (sealed),Propane,Yes,Mitsubishi Electric,PUZ-HA36NKA*,PAA-A36CA1,42000,28400,42000,1.80,9.5,15.3,Yes,12.309,12.309,0.895,0.895
5438607,YK,Y1A,P,2024-04-01,2024,Single Detached,463.5,One storey,2024,B1,1,1.5,15273.5,15.274,21984.6,6106.9,96273.8,26742.9,6107.0,0.0,0.0,5495.3,0.0,210435439,Air,Central split system,20588.8,T,12.31,4.05,2.06,0.0,0.0,90.0,0.0,0.0,,Central split system,3.23,Condensing furnace,Propane,Fireplace with spark ignit. (sealed),Propane,Yes,Mitsubishi Electric,PUZ-HA36NKA*,PAA-A36CA1,42000,28400,42000,1.80,9.5,15.3,Yes,12.309,12.309,0.806,0.806
1762326,YK,Y1A,D,2024-01-01,2024,Single Detached,193.4,One storey,1995,B1,1,4.2498,14318.3,14.318,47215.0,13115.4,90430.8,25119.9,13115.4,0.0,0.0,0.0,0.0,206223054,Air,Central single package system,20588.8,T,11.14,3.43,1.96,0.0,0.0,100.0,0.0,0.0,,Central single package system,3.7,Baseboard/Hydronic/Plenum(duct) htrs.,Electricity,Advanced airtight wood stove,Softwood,Yes,Mitsubishi Electric,PUZ-HA36NKA,PEAD-A36AA7,38000,25400,,,10.4,17.1,No,11.137,,0.778,
1762326,YK,Y1A,E,2024-09-01,2024,Single Detached,193.4,One storey,1995,B1,1,1.3836,11654.7,11.655,35664.0,9906.7,79133.8,21981.8,9906.7,0.0,0.0,0.0,0.0,206223054,Air,Central single package system,20588.8,T,11.14,3.43,1.96,0.0,0.0,100.0,0.0,0.0,,Central single package system,3.7,Baseboard/Hydronic/Plenum(duct) htrs.,Electricity,Advanced airtight wood stove,Softwood,Yes,Mitsubishi Electric,PUZ-HA36NKA,PEAD-A36AA7,38000,25400,,,10.4,17.1,No,11.137,,0.956,
5023164,YK,Y1A,D,2024-02-01,2024,Single Detached,194.4,One storey,1970,B1;B2,1,3.6425,11821.2,11.821,38437.2,10677.1,82207.3,22835.5,10677.0,0.0,0.0,0.0,0.0,211259279,Air,Central split system,11095.1,T,11.72,3.81,2.0,0.0,0.0,95.0,0.0,0.0,,Central split system,3.77,Electric furnace,Electricity,Adv. airtight wood stove + cat. conv.,Softwood,Yes,Mitsubishi Electric,PUZ-HA36NKA,PVA-A36AA*,40000,24600,38000,2.00,10,18.2,Yes,11.723,11.137,0.992,0.942
5023164,YK,Y1A,E,2024-08-01,2024,Single Detached,194.4,One storey,1970,B1;B2,1,3.813,11593.2,11.593,37908.3,10530.2,81783.7,22717.9,10530.1,0.0,0.0,0.0,0.0,211259279,Air,Central split system,11095.1,T,11.72,3.81,2.0,0.0,0.0,95.0,0.0,0.0,,Central split system,3.77,Electric furnace,Electricity,Adv. airtight wood stove + cat. conv.,Softwood,Yes,Mitsubishi Electric,PUZ-HA36NKA,PVA-A36AA*,40000,24600,38000,2.00,10,18.2,Yes,11.723,11.137,1.011,0.961
5449503,YK,Y1A,N,2024-10-01,2024,Detached Duplex,151.1,Two storeys,2024,B1,2,0.7151,3735.4,3.735,11284.2,3134.5,38809.4,10780.5,3134.5,0.0,0.0,0.0,0.0,210372990,Air,Ductless Mini- or Multi-split system,6888.9,T,3.52,3.41,2.1,0.0,0.0,102.0,0.0,0.0,,Ductless Mini- or Multi-split system,3.43,Baseboard/Hydronic/Plenum(duct) htrs.,Electricity,,,Yes,SENVILLE,SENA/12HF/OQ,SENA-12HF-IFU,12000,10200,11900,1.99,10.7,24.2,Yes,3.517,3.488,0.941,0.934
5449503,YK,Y1A,P,2024-10-01,2024,Detached Duplex,151.1,Two storeys,2024,B1,2,1.5,4380.8,4.381,13529.5,3758.2,40966.9,11379.8,3758.1,0.0,0.0,0.0,0.0,210372990,Air,Ductless Mini- or Multi-split system,6888.9,T,3.52,3.41,2.1,0.0,0.0,102.0,0.0,0.0,,Ductless Mini- or Multi-split system,3.43,Baseboard/Hydronic/Plenum(duct) htrs.,Electricity,,,Yes,SENVILLE,SENA/12HF/OQ,SENA-12HF-IFU,12000,10200,11900,1.99,10.7,24.2,Yes,3.517,3.488,0.803,0.796
5449519,YK,Y1A,N,2024-10-01,2024,Detached Duplex,114.9,One storey,2024,B1,2,0.5777,2334.8,2.335,6880.7,1911.3,35185.9,9773.9,1911.4,0.0,0.0,0.0,0.0,207657627,Air,Ductless Mini- or Multi-split system,6585.9,T,3.52,2.97,1.97,0.0,0.0,92.0,0.0,0.0,,Ductless Mini- or Multi-split system,3.58,Baseboard/Hydronic/Plenum(duct) htrs.,Electricity,,,Yes,SENVILLE,SENA/09HF/OQ,SENA/09HF/IQ,12000,9500,10600,2.00,11.5,28.1,Yes,3.517,3.107,1.506,1.331
5449519,YK,Y1A,P,2024-10-01,2024,Detached Duplex,114.9,One storey,2024,B1,2,1.5,2667.0,2.667,8020.5,2227.9,36183.8,10051.1,2228.1,0.0,0.0,0.0,0.0,207657627,Air,Ductless Mini- or Multi-split system,6585.9,T,3.52,2.97,1.97,0.0,0.0,92.0,0.0,0.0,,Ductless Mini- or Multi-split system,3.58,Baseboard/Hydronic/Plenum(duct) htrs.,Electricity,,,Yes,SENVILLE,SENA/09HF/OQ,SENA/09HF/IQ,12000,9500,10600,2.00,11.5,28.1,Yes,3.517,3.107,1.319,1.165
5452999,YK,Y1A,N,2024-09-01,2024,Single Detached,215.3,Two storeys,2024,B1,1,0.4966,5277.9,5.278,19508.9,5419.2,62124.7,17257.0,5419.2,0.0,0.0,0.0,0.0,213732650,Air,Ductless Mini- or Multi-split system,7063.3,T,5.86,3.06,1.93,0.0,0.0,100.0,0.0,0.0,,Ductless Mini- or Multi-split system,3.07,Baseboard/Hydronic/Plenum(duct) htrs.,Electricity,,,Yes,SENVILLE,SENA-18HF-MOB,,20000,15000,19700,1.90,9.8,22,Yes,5.861,5.774,1.111,1.094
5452999,YK,Y1A,P,2024-09-01,2024,Single Detached,215.3,Two storeys,2024,B1,1,1.5,6423.0,6.423,23635.6,6565.5,66098.5,18360.8,6565.6,0.0,0.0,0.0,0.0,213732650,Air,Ductless Mini- or Multi-split system,7063.3,T,5.86,3.06,1.93,0.0,0.0,100.0,0.0,0.0,,Ductless Mini- or Multi-split system,3.07,Baseboard/Hydronic/Plenum(duct) htrs.,Electricity,,,Yes,SENVILLE,SENA-18HF-MOB,,20000,15000,19700,1.90,9.8,22,Yes,5.861,5.774,0.913,0.899
5310508,YK,Y1A,E,2024-11-01,2024,"Row house, end unit",153.6,Two storeys,1956,B1,1,6.6154,14639.1,14.639,44120.2,12255.7,87612.9,24337.1,12255.7,0.0,0.0,0.0,0.0,213617713,Air,,32881.7,T,15.83,3.24,1.91,,,88.0,,,,Central split system,2.88,Baseboard/Hydronic/Plenum(duct) htrs.,Electricity,Advanced airtight wood stove,Mixed Wood,Yes,Mitsubishi Electric,PUZ-HA42NKA2***,PVA-A42AA*,54000,38500,48000,1.90,9.3,15.4,Yes,15.826,14.067,1.081,0.961
5205696,YK,Y1A,E,2024-12-01,2024,Single Detached,287.4,Split level,1985,B1;B2;C1;F1,1,1.6817,13720.8,13.721,54922.8,15256.5,99779.8,27716.8,15256.5,0.0,0.0,0.0,0.0,206223052,Air,,26031.2,T,11.14,3.42,2.0,,,100.0,,,ESTAR,Central split system,3.77,Electric furnace,Electricity,Wood furnace,Mixed Wood,Yes,,,,,,,,,,,,,,
5471686,YK,Y1A,N,2024-12-01,2024,Single Detached,364.1,One storey,2024,B1,1,1.1229,14021.6,14.022,36220.8,10061.4,99266.9,27574.4,10061.5,0.0,0.0,5910.0,0.0,213732656,Air,Ductless Mini- or Multi-split system,20047.2,T,10.55,3.21,2.0,8.6,0.0,102.0,0.0,0.0,,Ductless Mini- or Multi-split system,2.93,Condensing boiler,Propane,Adv. airtight wood stove + cat. conv.,Softwood,Yes,SENVILLE,SENA-36HF-MOB,,36000,27400,37000,2.00,10.9,22.4,Yes,10.551,10.844,0.752,0.773
5471686,YK,Y1A,P,2024-12-01,2024,Single Detached,364.1,One storey,2024,B1,1,1.5,12508.0,12.508,33979.0,9438.7,95467.2,26518.9,9438.7,0.0,0.0,5195.6,0.0,213732656,Air,Ductless Mini- or Multi-split system,20047.2,T,10.55,3.21,2.0,8.6,0.0,102.0,0.0,0.0,,Ductless Mini- or Multi-split system,2.93,Condensing boiler,Propane,Adv. airtight wood stove + cat. conv.,Softwood,Yes,SENVILLE,SENA-36HF-MOB,,36000,27400,37000,2.00,10.9,22.4,Yes,10.551,10.844,0.844,0.867
5475279,YK,Y1A,N,2024-12-01,2024,Single Detached,349.6,Two storeys,2024,B1,1,0.328,6553.4,6.553,25255.5,7015.5,68854.9,19126.5,7015.3,0.0,0.0,0.0,0.0,213732652,Air,Ductless Mini- or Multi-split system,7063.3,T,5.86,3.06,1.95,0.0,0.0,100.0,0.0,0.0,,Ductless Mini- or Multi-split system,1.781,Baseboard/Hydronic/Plenum(duct) htrs.,Electricity,,,Yes,SENVILLE,SENA-18HF-MOB,,20000,15500,19300,1.88,9.55,20.5,Yes,5.861,5.656,0.894,0.863
5114619,YK,Y1A,E,2025-05-01,2025,Single Detached,269.0,Two storeys,2004,C1;F1,1,1.8724,14161.8,14.162,50899.8,14138.9,107155.7,29765.7,14139.0,0.0,0.0,1794.7,0.0,213617710,Air,Central split system,26031.2,T,11.72,3.42,2.0,8.2,18.2,95.0,0.0,0.0,,Central split system,3.45,Electric furnace,Electricity,Fireplace with pilot (sealed),Propane,Yes,Mitsubishi Electric,PUZ-HA36NKA1***,PVA-A36AA*,40000,24600,38000,2.00,10,18.2,Yes,11.723,11.137,0.828,0.786
5196555,YK,Y1A,E,2025-03-01,2025,Single Detached,233.3,Two storeys,1958,B1;B2;B3;B4,1,3.7247,11975.0,11.975,45996.2,12776.8,98441.8,27345.2,12776.8,0.0,0.0,1794.5,0.0,213617713,Air,Central split system,32881.7,T,15.83,3.24,1.91,0.0,0.0,88.0,0.0,0.0,ESTAR,Central split system,2.88,Electric furnace,Electricity,Fireplace with pilot (sealed),Propane,Yes,Mitsubishi Electric,PUZ-HA42NKA2***,PVA-A42AA*,54000,38500,48000,1.90,9.3,15.4,Yes,15.826,14.067,1.322,1.175
5330478,YK,Y1A,E,2025-01-01,2025,Single Detached,144.8,One storey,1977,B1;B2;C1;F1,1,4.4162,10081.7,10.082,22614.0,6281.7,66120.1,18366.8,6281.7,0.0,0.0,0.0,0.0,213617710,Air,,26031.2,T,11.72,3.42,2.0,,,95.0,,,ESTAR,Not installed,0.0,Electric furnace,Electricity,Advanced airtight wood stove,Wood Pellets,Yes,Mitsubishi Electric,PUZ-HA36NKA1***,PVA-A36AA*,40000,24600,38000,2.00,10,18.2,Yes,11.723,11.137,1.163,1.105
5381309,YK,Y1A,E,2025-05-01,2025,Single Detached,153.6,One storey,1952,B1;C1;F1,1,4.6198,19005.1,19.005,64621.9,17950.7,106514.1,29587.5,17950.7,0.0,0.0,0.0,0.0,210426579,Air,,24528.6,T,11.72,4.56,1.96,,,92.0,,,ESTAR,Central split system,2.42,Baseboard/Hydronic/Plenum(duct) htrs.,Electricity,Advanced airtight wood stove,Softwood,Yes,SENVILLE,SENDC-36HF-OM,SENDC-36HF-IM,40000,30400,34400,1.97,9.5,16,Yes,11.723,10.082,0.617,0.53
5460986,YK,Y1A,E,2025-01-01,2025,Single Detached,188.3,Split entry/Raised base.,1979,B1;P1,1,2.2422,10849.6,10.85,39605.1,11001.5,86107.6,23919.0,11001.5,0.0,0.0,0.0,0.0,213617706,Air,Central split system,21921.1,T,9.96,3.65,2.17,7.3,18.0,94.0,0.0,0.0,,Central split system,3.82,Baseboard/Hydronic/Plenum(duct) htrs.,Electricity,,,Yes,Mitsubishi Electric,PUZ-HA30NKA1***,PVA-A30AA*,34000,21000,32000,2.10,8.7,18,Yes,9.964,9.378,0.918,0.864
5483970,YK,Y0B,N,2025-01-01,2025,Single Detached,303.0,One storey,2024,,1,0.8081,8999.6,9.0,33037.7,9177.2,89993.2,24998.3,9177.3,0.0,0.0,4153.1,0.0,207657629,Air,Ductless Mini- or Multi-split system,12672.1,T,5.28,3.09,1.82,0.0,21.5,103.0,0.0,0.0,ESTAR,Ductless Mini- or Multi-split system,3.11,Condensing boiler,Propane,,,Yes,SENVILLE,SENA/18HF/OQ,SENA/18HF/IQ,18000,15000,18000,1.80,11.3,21.5,Yes,5.275,5.275,0.586,0.586
5106069,YK,Y1A,D,2025-01-01,2025,Single Detached,299.9,Two storeys,1979,B1;C1;F1,1,3.0736,15642.2,15.642,54347.5,15096.6,98724.4,27423.7,15096.8,0.0,0.0,0.0,0.0,209484153,Air,Coils Only,26031.1,T,12.31,4.06,2.06,0.0,0.0,90.0,0.0,0.0,ESTAR,Coils Only,3.23,Baseboard/Hydronic/Plenum(duct) htrs.,Electricity,,,Yes,Mitsubishi Electric,PUZ-HA36NKA*,PAA-A36BA1,42000,28400,42000,1.80,9.5,15.3,Yes,12.309,12.309,0.787,0.787
5485310,YK,Y0B,P,2025-01-01,2025,Single Detached,83.8,One storey,2024,B1,1,2.2623,4813.1,4.813,16063.7,4462.2,60913.8,16920.6,4462.3,0.0,0.0,0.0,0.0,211177520,Air,Ductless Mini- or Multi-split system,6083.9,T,3.08,3.17,1.86,0.0,0.0,86.0,0.0,0.0,ESTAR,Ductless Mini- or Multi-split system,1.774,Baseboard/Hydronic/Plenum(duct) htrs.,Electricity,Advanced airtight wood stove,Softwood,Yes,TOSOT,TW09HXP2A1DO,TW09HXP2A1DI,10500,8600,9100,1.86,10.2,25.5,Yes,3.077,2.667,0.639,0.554
5486413,YK,Y1A,P,2022-03-01,2022,Single Detached,256.3,Two and a half,2022,B1,1,1.5,8161.7,8.162,28173.7,7826.1,71254.4,19793.0,7826.2,0.0,0.0,0.0,0.0,213732650,Air,Ductless Mini- or Multi-split system,7063.3,T,5.86,3.06,1.93,0.0,0.0,100.0,0.0,0.0,ESTAR,Ductless Mini- or Multi-split system,3.07,Baseboard/Hydronic/Plenum(duct) htrs.,Electricity,,,Yes,SENVILLE,SENA-18HF-MOB,,20000,15000,19700,1.90,9.8,22,Yes,5.861,5.774,0.718,0.707
5493650,YK,Y1A,N,2025-02-01,2025,Single Detached,249.6,Two storeys,2024,B1,1,0.707,5836.1,5.836,20019.0,5560.9,62652.3,17403.6,5560.9,0.0,0.0,0.0,0.0,217735311,Air,Ductless Mini- or Multi-split system,13015.6,T,5.86,3.4,2.0,0.0,0.0,95.0,0.0,0.0,ESTAR,Ductless Mini- or Multi-split system,3.65,Baseboard/Hydronic/Plenum(duct) htrs.,Electricity,,,Yes,RHEEM,,,,,,,,14.3,,,,,
5493650,YK,Y1A,P,2025-02-01,2025,Single Detached,249.6,Two storeys,2024,B1,1,1.5,7246.1,7.246,25057.7,6960.5,67688.4,18802.5,6960.6,0.0,0.0,0.0,0.0,8858354,Air,Ductless Mini- or Multi-split system,6766.4,T,5.57,3.4,1.97,0.0,0.0,53.0,0.0,0.0,ESTAR,Ductless Mini- or Multi-split system,3.23,Baseboard/Hydronic/Plenum(duct) htrs.,Electricity,,,Yes,SENVILLE,SENA/18HF/MOZ,,18000,11800,,,9.1,22.4,No,5.275,,0.728,
5493668,YK,Y1A,N,2025-04-01,2025,Single Detached,249.6,Two storeys,2024,B1,1,0.6302,5876.3,5.876,19388.1,5385.6,62474.1,17354.1,5385.6,0.0,0.0,0.0,0.0,215735311,Air,Ductless Mini- or Multi-split system,13015.6,T,5.86,3.4,2.0,0.0,0.0,95.0,0.0,0.0,ESTAR,Ductless Mini- or Multi-split system,3.65,Baseboard/Hydronic/Plenum(duct) htrs.,Electricity,,,Yes,SENVILLE,SENA-18HF-MOA,,20000,20000,19000,2.00,10.4,25,Yes,5.861,5.568,0.997,0.948
5493668,YK,Y1A,P,2025-04-01,2025,Single Detached,249.6,Two storeys,2024,B1,1,0.63,5949.9,5.95,20417.9,5671.7,63034.4,17509.7,5671.7,0.0,0.0,0.0,0.0,215735311,Air,Ductless Mini- or Multi-split system,13015.6,T,5.86,3.4,2.0,0.0,0.0,95.0,0.0,0.0,ESTAR,Ductless Mini- or Multi-split system,3.65,Baseboard/Hydronic/Plenum(duct) htrs.,Electricity,,,Yes,SENVILLE,SENA-18HF-MOA,,20000,20000,19000,2.00,10.4,25,Yes,5.861,5.568,0.985,0.936
5505157,YK,Y1A,N,2025-03-01,2025,Single Detached,247.6,Two storeys,2024,B1,1,0.6627,5493.8,5.494,19856.1,5515.6,62001.3,17222.7,5515.6,0.0,0.0,0.0,0.0,215735311,Air,Ductless Mini- or Multi-split system,13015.6,T,5.86,3.4,2.0,8.5,25.0,95.0,0.0,0.0,ESTAR,Ductless Mini- or Multi-split system,3.65,Baseboard/Hydronic/Plenum(duct) htrs.,Electricity,,,Yes,SENVILLE,SENA-18HF-MOA,,20000,20000,19000,2.00,10.4,25,Yes,5.861,5.568,1.067,1.014
5505157,YK,Y1A,P,2025-03-01,2025,Single Detached,247.6,Two storeys,2024,B1,1,1.5,6609.5,6.61,23709.9,6586.1,65753.8,18265.1,6586.2,0.0,0.0,0.0,0.0,215735311,Air,Ductless Mini- or Multi-split system,13015.6,T,5.86,3.4,2.0,8.5,25.0,95.0,0.0,0.0,ESTAR,Ductless Mini- or Multi-split system,3.65,Baseboard/Hydronic/Plenum(duct) htrs.,Electricity,,,Yes,SENVILLE,SENA-18HF-MOA,,20000,20000,19000,2.00,10.4,25,Yes,5.861,5.568,0.887,0.842
5505162,YK,Y1A,N,2025-06-01,2025,Single Detached,247.6,Two storeys,2024,B1,1,0.5037,5286.6,5.287,19118.5,5310.7,61300.3,17028.0,5310.9,0.0,0.0,0.0,0.0,215735311,Air,Ductless Mini- or Multi-split system,13015.6,T,5.86,3.4,2.0,8.5,25.0,95.0,0.0,0.0,ESTAR,Ductless Mini- or Multi-split system,3.65,Baseboard/Hydronic/Plenum(duct) htrs.,Electricity,,,Yes,SENVILLE,SENA-18HF-MOA,,20000,20000,19000,2.00,10.4,25,Yes,5.861,5.568,1.109,1.053
5505162,YK,Y1A,P,2025-03-01,2025,Single Detached,247.6,Two storeys,2024,B1,1,1.5,6609.5,6.61,23641.7,6567.2,65700.9,18250.4,6567.3,0.0,0.0,0.0,0.0,215735311,Air,Ductless Mini- or Multi-split system,13015.6,T,5.86,3.4,2.0,8.5,25.0,95.0,0.0,0.0,ESTAR,Ductless Mini- or Multi-split system,3.65,Baseboard/Hydronic/Plenum(duct) htrs.,Electricity,,,Yes,SENVILLE,SENA-18HF-MOA,,20000,20000,19000,2.00,10.4,25,Yes,5.861,5.568,0.887,0.842
5524971,YK,Y1A,P,2025-05-01,2025,Single Detached,60.2,One storey,2025,,1,1.5,2993.5,2.994,7150.6,1986.3,52687.9,14635.6,1986.4,0.0,0.0,0.0,0.0,215735311,Air,Ductless Mini- or Multi-split system,13020.0,T,5.86,2.058,2.0,8.5,25.0,95.0,0.0,0.0,ESTAR,Ductless Mini- or Multi-split system,1.848,Baseboard/Hydronic/Plenum(duct) htrs.,Electricity,,,Yes,SENVILLE,SENA-18HF-MOA,,20000,20000,19000,2.00,10.4,25,Yes,5.861,5.568,1.958,1.86
5529035,YK,Y1A,D,2025-05-01,2025,Single Detached,298.8,Two storeys,1988,B1,1,1.637,16010.8,16.011,30910.1,8586.2,120501.3,33472.9,8586.2,0.0,7011.4,5266.2,0.0,213732653,Air,Ductless Mini- or Multi-split system,14552.4,T,8.21,3.15,1.81,8.1,23.0,90.0,0.0,0.0,ESTAR,Ductless Mini- or Multi-split system,2.84,Boiler  with flame retention head,Oil,Wood fireplace,Softwood,Yes,SENVILLE,SENA-28HF-MOB,,28000,26600,25000,1.80,10.6,23,Yes,8.206,7.327,0.513,0.458
5408181,YK,Y1A,E,2025-12-01,2025,Single Detached,149.1,One storey,1955,B1;C1;F1,1,6.1615,10940.7,10.941,21088.5,5858.0,80832.3,22453.6,5858.1,0.0,4488.6,0.0,0.0,213617706,Air,,21921.1,T,9.96,3.65,2.17,,,94.0,,,ESTAR,Central split system,3.82,Boiler  with flame retention head,Oil,Advanced airtight wood stove,Softwood,Yes,Mitsubishi Electric,PUZ-HA30NKA1***,PVA-A30AA*,34000,21000,32000,2.10,8.7,18,Yes,9.964,9.378,0.911,0.857
10697746,YK,Y1A,E,2025-10-01,2025,Single Detached,380.3,Two storeys,1979,B1;C1;F1,1,4.1076,33602.8,33.603,131234.5,36454.3,177612.6,49337.2,36454.5,0.0,0.0,0.0,0.0,211259282,Air,,26007.1,T,14.07,3.15,1.91,,,100.0,,,ESTAR,Central split system,2.88,Baseboard/Hydronic/Plenum(duct) htrs.,Electricity,Wood furnace,Softwood,Yes,Mitsubishi Electric,PUZ-HA42NKA1,PVA-A42AA*,54000,38500,48000,1.90,9.3,15.4,Yes,15.826,14.067,0.471,0.419
5127566,YK,Y1A,E,2025-08-01,2025,Single Detached,307.3,Two storeys,1999,C1;F1,1,1.7249,14728.1,14.728,52132.1,14481.3,97727.3,27146.7,14481.2,0.0,0.0,0.0,0.0,211259279,Air,Central split system,20588.8,T,11.72,3.57,2.0,8.2,18.2,95.0,0.0,0.0,ESTAR,Central split system,3.77,Electric furnace,Electricity,Pellet Stove,Wood Pellets,Yes,Mitsubishi Electric,PUZ-HA36NKA,PVA-A36AA*,40000,24600,38000,2.00,10,18.2,Yes,11.723,11.137,0.796,0.756
5095798,YK,Y1A,E,2025-09-01,2025,Single Detached,286.4,Two storeys,1996,B1,1,2.8026,16441.2,16.441,54577.9,15160.6,106670.2,29630.8,15160.7,0.0,0.0,0.0,1558.9,211259282,Air,,32881.7,T,14.07,3.24,1.91,,,100.0,,,,Central split system,2.88,Electric furnace,Electricity,Adv. airtight wood stove + cat. conv.,Softwood,Yes,Mitsubishi Electric,PUZ-HA42NKA1,PVA-A42AA*,54000,38500,48000,1.90,9.3,15.4,Yes,15.826,14.067,0.963,0.856
5166651,YK,Y1A,E,2025-10-01,2025,"Row house, end unit",174.3,Two storeys,1953,B1,1,5.7866,12089.7,12.09,23383.8,6495.6,84979.6,23605.6,6495.6,0.0,5048.1,0.0,0.0,8908615,Air,Ductless Mini- or Multi-split system,24702.8,T,10.67,3.44,2.02,7.7,0.0,100.0,0.0,0.0,ESTAR,Ductless Mini- or Multi-split system,3.29,Mid-efficiency furnace (no dil. air),Oil,,,Yes,FUJITSU,AOU36RLXFZH,,36000,21400,36400,2.02,9.5,20.5,Yes,10.551,10.668,0.873,0.882
5277714,YK,Y1A,E,2025-10-01,2025,Single Detached,162.2,One storey,1979,B1;B2;P1,1,3.7109,9970.9,9.971,19758.2,5488.4,76372.7,21214.8,5488.4,0.0,0.0,3447.8,0.0,216030966,Air,Central split system,19999.5,T,9.96,3.61,1.96,8.3,16.8,95.0,0.0,0.0,ESTAR,Central split system,3.16,Condensing furnace,Propane,Wood fireplace,Mixed Wood,Yes,MOOVAIR,MSHMA30R2AN1,MAHMA30R4AS1,34000,23800,32600,1.96,10,16.8,Yes,9.964,9.554,0.999,0.958
5524971,YK,Y1A,N,2025-11-01,2025,Single Detached,60.2,One storey,2025,,1,2.0565,3168.1,3.168,7856.2,2182.3,53258.8,14794.2,2182.2,0.0,0.0,0.0,0.0,215735311,Air,Ductless Mini- or Multi-split system,13020.0,T,5.86,2.058,2.0,8.5,25.0,95.0,0.0,0.0,ESTAR,Ductless Mini- or Multi-split system,1.848,Baseboard/Hydronic/Plenum(duct) htrs.,Electricity,,,Yes,SENVILLE,SENA-18HF-MOA,,20000,20000,19000,2.00,10.4,25,Yes,5.861,5.568,1.85,1.758
5565121,YK,Y1A,N,2025-09-01,2025,Detached Duplex,139.2,Two storeys,2025,,2,0.63,3102.1,3.102,10143.2,2817.6,36859.7,10238.9,2817.5,0.0,0.0,0.0,0.0,215735297,Air,Ductless Mini- or Multi-split system,10291.8,T,5.28,2.84,1.92,0.0,21.4,100.0,0.0,0.0,,Ductless Mini- or Multi-split system,3.38,Baseboard/Hydronic/Plenum(duct) htrs.,Electricity,,,Yes,SENVILLE,SENA-18HF-OG,SENA-18HF-IGG,18000,18000,18000,1.92,11,21.4,Yes,5.275,5.275,1.701,1.701
5566709,YK,Y1A,N,2025-11-01,2025,Single Detached,219.2,Two storeys,2025,B1,1,0.8736,6779.8,6.78,26896.7,7471.4,68006.5,18890.8,7471.4,0.0,0.0,0.0,0.0,215213704,Air,Ductless Mini- or Multi-split system,7942.2,T,5.28,2.3,2.3,8.3,24.0,72.0,0.0,0.0,ESTAR,Not installed,0.0,Baseboard/Hydronic/Plenum(duct) htrs.,Electricity,Fireplace with spark ignit. (sealed),Propane,Yes,,,,,,,,,,,,,,
5566709,YK,Y1A,P,2025-09-01,2025,Single Detached,219.2,Two storeys,2025,B1,1,1.5,7466.9,7.467,27166.2,7546.2,77434.2,21509.7,7546.2,0.0,0.0,2550.6,0.0,215213704,Air,Ductless Mini- or Multi-split system,7942.2,T,5.28,2.3,2.3,8.3,24.0,72.0,0.0,0.0,ESTAR,Not installed,0.0,Baseboard/Hydronic/Plenum(duct) htrs.,Electricity,Fireplace with spark ignit. (sealed),Propane,Yes,,,,,,,,,,,,,,
5571574,YK,Y1A,N,2025-10-01,2025,Detached Duplex,139.2,Two storeys,2025,,2,0.778,3174.2,3.174,10362.6,2878.5,37073.2,10298.2,2878.6,0.0,0.0,0.0,0.0,215735297,Air,Ductless Mini- or Multi-split system,10291.8,T,5.28,2.84,1.92,0.0,0.0,100.0,0.0,0.0,,Ductless Mini- or Multi-split system,3.38,Baseboard/Hydronic/Plenum(duct) htrs.,Electricity,,,Yes,SENVILLE,SENA-18HF-OG,SENA-18HF-IGG,18000,18000,18000,1.92,11,21.4,Yes,5.275,5.275,1.662,1.662
5585474,YK,Y1A,D,2025-10-01,2025,Single Detached,190.3,One storey,1976,B1;P1,1,1.9247,10863.3,10.863,37580.9,10439.2,82243.8,22845.7,10439.3,0.0,0.0,0.0,0.0,213617713,Air,Central split system,32881.5,T,15.83,3.24,1.91,0.0,0.0,88.0,0.0,0.0,ESTAR,Central split system,2.88,Electric furnace,Electricity,Adv. airtight wood stove + cat. conv.,Softwood,Yes,Mitsubishi Electric,PUZ-HA42NKA2***,PVA-A42AA*,54000,38500,48000,1.90,9.3,15.4,Yes,15.826,14.067,1.457,1.295
5586679,YK,Y1A,N,2025-10-01,2025,Single Detached,249.9,One storey,2025,B1,1,0.5801,6464.7,6.465,27622.7,7673.0,68680.0,19077.9,7673.1,0.0,0.0,0.0,0.0,216623593,Air,Ductless Mini- or Multi-split system,7158.8,T,3.19,3.1,1.83,0.0,24.0,97.0,0.0,0.0,ESTAR,Ductless Mini- or Multi-split system,3.29,Baseboard/Hydronic/Plenum(duct) htrs.,Electricity,,,Yes,SENVILLE,SENA-09HF-OG,SENA-09HF-1WCG,10900,9000,10600,1.83,12.1,24,Yes,3.194,3.107,0.494,0.481
5586679,YK,Y1A,P,2025-10-01,2025,Single Detached,249.9,One storey,2025,B1,1,1.5,7270.3,7.27,30335.4,8426.6,72740.1,20205.7,8426.5,0.0,0.0,0.0,0.0,216623593,Air,Ductless Mini- or Multi-split system,6327.4,T,3.19,2.96,1.83,0.0,24.0,97.0,0.0,0.0,ESTAR,Ductless Mini- or Multi-split system,3.29,Baseboard/Hydronic/Plenum(duct) htrs.,Electricity,,,Yes,SENVILLE,SENA-09HF-OG,SENA-09HF-1WCG,10900,9000,10600,1.83,12.1,24,Yes,3.194,3.107,0.439,0.427
5588548,YK,Y1A,N,2025-11-01,2025,Detached Duplex,174.0,Two storeys,2025,B1,2,0.7994,3955.9,3.956,12685.7,3523.8,40119.4,11144.4,3523.9,0.0,0.0,0.0,0.0,215735296,Air,Ductless Mini- or Multi-split system,7158.8,T,3.52,4.68,1.8,8.0,25.4,95.0,0.0,0.0,ESTAR,Ductless Mini- or Multi-split system,3.35,Baseboard/Hydronic/Plenum(duct) htrs.,Electricity,,,Yes,SENVILLE,SENA-12HF-OG,SENA-12HF-IGG,12000,12000,11500,1.80,10.5,25.4,Yes,3.517,3.37,0.889,0.852
5588548,YK,Y1A,P,2025-11-01,2025,Detached Duplex,174.0,Two storeys,2025,B1,2,1.5,4936.4,4.936,17818.2,4949.5,45281.1,12578.2,4949.5,0.0,0.0,0.0,0.0,216623593,Air,Ductless Mini- or Multi-split system,7158.8,T,3.19,3.1,1.83,9.5,24.0,97.0,0.0,0.0,,Ductless Mini- or Multi-split system,3.29,Baseboard/Hydronic/Plenum(duct) htrs.,Electricity,,,Yes,SENVILLE,SENA-09HF-OG,SENA-09HF-1WCG,10900,9000,10600,1.83,12.1,24,Yes,3.194,3.107,0.647,0.629
5588879,YK,Y1A,N,2025-11-01,2025,Detached Duplex,91.9,Two storeys,2025,B1,2,1.0742,1978.6,1.979,6063.8,1684.4,33932.4,9425.7,1684.5,0.0,0.0,0.0,0.0,216623593,Air,Ductless Mini- or Multi-split system,6585.9,T,3.19,3.1,1.83,9.5,24.0,97.0,0.0,0.0,,Ductless Mini- or Multi-split system,3.29,Baseboard/Hydronic/Plenum(duct) htrs.,Electricity,,,Yes,SENVILLE,SENA-09HF-OG,SENA-09HF-1WCG,10900,9000,10600,1.83,12.1,24,Yes,3.194,3.107,1.615,1.57
5588879,YK,Y1A,P,2025-11-01,2025,Detached Duplex,91.9,Two storeys,2025,B1,2,1.5,2180.7,2.181,6699.2,1860.9,34516.1,9587.9,1860.8,0.0,0.0,0.0,0.0,216623593,Air,Ductless Mini- or Multi-split system,6585.9,T,3.19,3.1,1.83,9.5,24.0,97.0,0.0,0.0,,Ductless Mini- or Multi-split system,3.29,Baseboard/Hydronic/Plenum(duct) htrs.,Electricity,,,Yes,SENVILLE,SENA-09HF-OG,SENA-09HF-1WCG,10900,9000,10600,1.83,12.1,24,Yes,3.194,3.107,1.465,1.425
5596849,YK,Y1A,N,2025-12-01,2025,Single Detached,375.3,Two storeys,2025,B1,1,0.364,7157.4,7.157,29246.6,8124.1,71677.9,19910.7,8124.2,0.0,0.0,0.0,0.0,215735311,Air,Ductless Mini- or Multi-split system,13015.6,T,5.86,3.06,2.0,8.5,25.0,95.0,0.0,0.0,ESTAR,Ductless Mini- or Multi-split system,3.65,Baseboard/Hydronic/Plenum(duct) htrs.,Electricity,,,Yes,SENVILLE,SENA-18HF-MOA,,20000,20000,19000,2.00,10.4,25,Yes,5.861,5.568,0.819,0.778
5596849,YK,Y1A,P,2025-12-01,2025,Single Detached,375.3,Two storeys,2025,B1,1,1.5,9350.7,9.351,37065.1,10295.9,79296.8,22027.1,10295.9,0.0,0.0,0.0,0.0,215735311,Air,Ductless Mini- or Multi-split system,13015.5,T,5.86,3.06,2.0,8.5,25.0,95.0,0.0,0.0,ESTAR,Ductless Mini- or Multi-split system,3.65,Baseboard/Hydronic/Plenum(duct) htrs.,Electricity,,,Yes,SENVILLE,SENA-18HF-MOA,,20000,20000,19000,2.00,10.4,25,Yes,5.861,5.568,0.627,0.596
5628993,YK,Y0B,E,2026-04-01,2026,Single Detached,231.3,One storey,1976,B1,1,2.5239,10654.9,10.655,26044.0,7234.5,94860.6,26350.4,7234.5,0.0,0.0,6545.3,0.0,206223050,Air,Central split system,21921.1,T,9.38,3.27,1.93,0.0,0.0,100.0,0.0,0.0,,Central split system,3.74,Induced draft fan furnace,Propane,Advanced airtight wood stove,Softwood,Yes,Mitsubishi Electric,PUZ-HA30NKA,PEAD-A30AA7,32000,21000,,,9.6,18.1,No,9.378,,0.88,
5600228,YK,Y1A,N,2024-01-01,2024,Single Detached,308.6,One storey,2023,B1,1,0.7152,6642.6,6.643,20181.8,5606.1,63604.8,17668.1,5606.2,0.0,0.0,0.0,0.0,211259279,Air,Ductless Mini- or Multi-split system,20588.8,T,11.72,3.57,2.0,0.0,0.0,95.0,0.0,0.0,,Ductless Mini- or Multi-split system,3.77,Baseboard/Hydronic/Plenum(duct) htrs.,Electricity,Advanced airtight wood stove,Softwood,Yes,Mitsubishi Electric,PUZ-HA36NKA,PVA-A36AA*,40000,24600,38000,2.00,10,18.2,Yes,11.723,11.137,1.765,1.677
5403002,YK,Y0B,N,2026-04-01,2026,Single Detached,269.1,Two storeys,2024,B1,1,1.0808,7851.0,7.851,23117.7,6421.6,64207.4,17835.5,6421.7,0.0,0.0,0.0,0.0,213732653,Air,,7000.0,T,8.21,3.15,1.81,,,90.0,,,ESTAR,Not installed,0.0,Baseboard/Hydronic/Plenum(duct) htrs.,Electricity,Adv. airtight wood stove + cat. conv.,Mixed Wood,Yes,SENVILLE,SENA-28HF-MOB,,28000,26600,25000,1.80,10.6,23,Yes,8.206,7.327,1.045,0.933
5454401,YK,Y1A,E,2026-01-01,2026,Single Detached,205.4,Two storeys,1982,C1;F1,1,5.9668,18230.7,18.231,32573.3,9048.2,100132.7,27814.9,9048.1,0.0,6867.8,0.0,0.0,8908615,Air,,24702.9,T,10.67,3.44,2.02,,,100.0,,,ESTAR,Not installed,0.0,Mid-efficiency furnace (no dil. air),Oil,Wood fireplace,Softwood,Yes,FUJITSU,AOU36RLXFZH,,36000,21400,36400,2.02,9.5,20.5,Yes,10.551,10.668,0.579,0.585
5486413,YK,Y1A,N,2026-01-01,2026,Single Detached,256.3,Two and a half,2022,B1,1,0.4292,6905.9,6.906,23015.8,6393.3,66394.6,18443.1,6393.4,0.0,0.0,0.0,0.0,213732650,Air,Ductless Mini- or Multi-split system,7063.3,T,5.86,3.06,1.93,0.0,0.0,100.0,0.0,0.0,ESTAR,Ductless Mini- or Multi-split system,3.07,Baseboard/Hydronic/Plenum(duct) htrs.,Electricity,,,Yes,SENVILLE,SENA-18HF-MOB,,20000,15000,19700,1.90,9.8,22,Yes,5.861,5.774,0.849,0.836
5535999,YK,Y1A,E,2026-06-01,2026,Single Detached,92.6,One storey,1946,B1;B2;C1;C2;C3;F1;F2;F3,1,2.3508,5213.5,5.214,13620.7,3783.6,56781.3,15772.7,3783.6,0.0,0.0,0.0,0.0,215735311,Air,Ductless Mini- or Multi-split system,12936.7,T,5.86,3.51,2.0,0.0,0.0,95.0,0.0,0.0,ESTAR,Not installed,0.0,Baseboard/Hydronic/Plenum(duct) htrs.,Electricity,,,Yes,SENVILLE,SENA-18HF-MOA,,20000,20000,19000,2.00,10.4,25,Yes,5.861,5.568,1.124,1.068
5599927,YK,Y1A,D,2025-12-01,2025,Single Detached,261.4,One storey,1985,B1;B2;P1,1,2.6377,14158.4,14.158,31863.7,8851.1,121530.0,33758.6,8851.2,0.0,0.0,5800.0,8851.2,207497901,Air,Central split system,16440.7,T,7.03,3.412,2.1,0.0,0.0,91.0,0.0,0.0,,Central split system,1.857,Outdoor wood boiler,Softwood,Furnace/Boiler w/ spark ignition,Propane,Yes,ACD,FXD-ACD36,AH224,24000,20000,22000,1.80,9,17,Yes,7.034,6.448,0.497,0.455
5607779,YK,Y1A,N,2026-01-01,2026,Single Detached,271.4,Two storeys,2025,B1,1,0.7693,6844.3,6.844,22245.3,6179.3,72397.3,20110.5,6179.2,0.0,0.0,0.0,0.0,211259279,Air,Central split system,20588.8,T,11.72,3.57,2.0,8.2,18.2,95.0,0.0,0.0,ESTAR,Central split system,1.862,Baseboard/Hydronic/Plenum(duct) htrs.,Electricity,Advanced airtight wood stove,Softwood,Yes,Mitsubishi Electric,PUZ-HA36NKA,PVA-A36AA*,40000,24600,38000,2.00,10,18.2,Yes,11.723,11.137,1.713,1.627
5620907,YK,Y1A,N,2026-04-01,2026,Single Detached,244.0,One storey,2026,B1,1,0.5675,5393.2,5.393,20153.9,5598.4,62687.8,17413.4,5598.4,0.0,0.0,0.0,0.0,20765728,Air,Ductless Mini- or Multi-split system,7948.4,T,3.52,3.46,2.07,8.0,25.5,98.0,0.0,0.0,,Ductless Mini- or Multi-split system,3.32,Baseboard/Hydronic/Plenum(duct) htrs.,Electricity,,,Yes,,,,,,,,,,,,,,
5620907,YK,Y1A,P,2026-04-01,2026,Single Detached,244.0,One storey,2026,B1,1,1.5,6276.4,6.276,23018.3,6394.0,65401.5,18167.2,6393.9,0.0,0.0,0.0,0.0,20765728,Air,Ductless Mini- or Multi-split system,7948.4,T,3.52,3.46,2.07,8.0,25.5,98.0,0.0,0.0,,Ductless Mini- or Multi-split system,3.32,Baseboard/Hydronic/Plenum(duct) htrs.,Electricity,,,Yes,,,,,,,,,,,,,,
5049342,YK,Y1A,E,2026-04-01,2026,Single Detached,219.3,One storey,2012,B1,1,0.7183,5461.8,5.462,19178.2,5327.3,72076.7,20021.5,5327.3,1794.5,0.0,0.0,0.0,216018257,Air,Central split system,16035.1,T,5.1,3.43,2.0,10.7,28.7,135.0,0.0,0.0,ESTAR,Central split system,3.49,Baseboard/Hydronic/Plenum(duct) htrs.,Electricity,Other (describe),Electricity,Yes,FUJITSU,AOUH15KTAP1,ASUH15KTAS,17400,10800,18400,2.52,13,28.7,Yes,5.099,5.393,0.934,0.987
5149981,YK,Y1A,E,2026-05-01,2026,Single Detached,179.3,One storey,1969,B1,1,3.6297,9262.0,9.262,27949.8,7763.9,73598.1,20444.1,7764.0,0.0,0.0,0.0,0.0,206223050,Air,Compact Ducted Mini- or Multi-split system,17338.0,T,9.38,3.18,1.93,0.0,0.0,100.0,0.0,0.0,,Compact Ducted Mini- or Multi-split system,3.74,Electric furnace,Electricity,Advanced airtight wood stove,Softwood,Yes,Mitsubishi Electric,PUZ-HA30NKA,PEAD-A30AA7,32000,21000,,,9.6,18.1,No,9.378,,1.013,
5635165,YK,Y1A,N,2026-06-01,2026,Detached Duplex,273.0,Two storeys,2026,B1,2,0.744,5540.4,5.54,16379.2,4549.8,71643.5,19901.1,4549.8,0.0,0.0,0.0,0.0,215735296,Air,Ductless Mini- or Multi-split system,7775.2,T,3.52,4.68,1.83,8.0,24.0,95.0,0.0,0.0,,Ductless Mini- or Multi-split system,3.35,Baseboard/Hydronic/Plenum(duct) htrs.,Electricity,,,Yes,SENVILLE,SENA-12HF-OG,SENA-12HF-IGG,12000,12000,11500,1.80,10.5,25.4,Yes,3.517,3.37,0.635,0.608
5635165,YK,Y1A,P,2026-06-01,2026,Detached Duplex,273.0,Two storeys,2026,B1,2,1.5,5536.0,5.536,15965.6,4434.9,71268.4,19796.9,4435.0,0.0,0.0,0.0,0.0,215735296,Air,Ductless Mini- or Multi-split system,7775.2,T,3.52,4.68,1.83,8.0,24.0,95.0,0.0,0.0,,Ductless Mini- or Multi-split system,3.35,Baseboard/Hydronic/Plenum(duct) htrs.,Electricity,,,Yes,SENVILLE,SENA-12HF-OG,SENA-12HF-IGG,12000,12000,11500,1.80,10.5,25.4,Yes,3.517,3.37,0.635,0.609
5638024,YK,Y1A,N,2026-06-01,2026,Single Detached,249.9,One storey,2025,B1,1,0.4222,6246.7,6.247,24667.3,6852.1,67029.3,18619.4,6852.0,0.0,0.0,0.0,0.0,215735311,Air,Ductless Mini- or Multi-split system,13015.6,T,5.86,3.4,2.0,0.0,25.0,95.0,0.0,0.0,ESTAR,Ductless Mini- or Multi-split system,3.65,Baseboard/Hydronic/Plenum(duct) htrs.,Electricity,,,Yes,SENVILLE,SENA-18HF-MOA,,20000,20000,19000,2.00,10.4,25,Yes,5.861,5.568,0.938,0.891
5638024,YK,Y1A,P,2026-06-01,2026,Single Detached,249.9,One storey,2025,B1,1,1.5,7146.1,7.146,27532.4,7648.0,69844.4,19401.4,7647.8,0.0,0.0,0.0,0.0,215735311,Air,Ductless Mini- or Multi-split system,13015.6,T,5.86,3.4,2.0,0.0,25.0,95.0,0.0,0.0,ESTAR,Ductless Mini- or Multi-split system,3.65,Baseboard/Hydronic/Plenum(duct) htrs.,Electricity,,,Yes,SENVILLE,SENA-18HF-MOA,,20000,20000,19000,2.00,10.4,25,Yes,5.861,5.568,0.82,0.779
5638535,YK,Y1A,N,2026-06-01,2026,Single Detached,249.9,One storey,2025,B1,1,0.3802,6196.0,6.196,24520.5,6811.3,66884.5,18579.2,6811.2,0.0,0.0,0.0,0.0,215735311,Air,Ductless Mini- or Multi-split system,13015.6,T,5.86,3.4,2.0,0.0,25.0,95.0,0.0,0.0,ESTAR,Ductless Mini- or Multi-split system,3.65,Baseboard/Hydronic/Plenum(duct) htrs.,Electricity,,,Yes,SENVILLE,SENA-18HF-MOA,,20000,20000,19000,2.00,10.4,25,Yes,5.861,5.568,0.946,0.899
5638535,YK,Y1A,P,2026-06-01,2026,Single Detached,249.9,One storey,2025,B1,1,1.5,7146.1,7.146,27532.3,7647.9,69844.4,19401.4,7647.8,0.0,0.0,0.0,0.0,215735311,Air,Ductless Mini- or Multi-split system,13015.6,T,5.86,3.4,2.0,0.0,25.0,95.0,0.0,0.0,ESTAR,Ductless Mini- or Multi-split system,3.65,Baseboard/Hydronic/Plenum(duct) htrs.,Electricity,,,Yes,SENVILLE,SENA-18HF-MOA,,20000,20000,19000,2.00,10.4,25,Yes,5.861,5.568,0.82,0.779
5640835,YK,Y1A,N,2026-06-01,2026,Detached Duplex,429.3,One storey,2026,B1,2,0.5161,9321.6,9.322,41705.4,11584.9,96995.0,26943.3,11584.8,0.0,0.0,0.0,0.0,216018257,Air,Ductless Mini- or Multi-split system,27483.3,T,5.1,3.74,2.0,0.0,0.0,135.0,0.0,0.0,,Ductless Mini- or Multi-split system,3.75,Baseboard/Hydronic/Plenum(duct) htrs.,Electricity,Adv. airtight wood stove + cat. conv.,Softwood,Yes,FUJITSU,AOUH15KTAP1,ASUH15KTAS,17400,10800,18400,2.52,13,28.7,Yes,5.099,5.393,0.547,0.578
5640835,YK,Y1A,P,2026-06-01,2026,Detached Duplex,429.3,One storey,2026,B1,2,1.5,11535.8,11.536,49639.1,13788.7,104671.4,29075.6,13788.7,0.0,0.0,0.0,0.0,216018257,Air,Ductless Mini- or Multi-split system,27483.3,T,5.1,3.74,2.0,0.0,0.0,135.0,0.0,0.0,,Ductless Mini- or Multi-split system,3.75,Baseboard/Hydronic/Plenum(duct) htrs.,Electricity,Adv. airtight wood stove + cat. conv.,Softwood,Yes,FUJITSU,AOUH15KTAP1,ASUH15KTAS,17400,10800,18400,2.52,13,28.7,Yes,5.099,5.393,0.442,0.467
