cop_band,cm_band,capacity_band,cell_appearances,cell_share_pct,cell_models,rank,ahri_number,ers_appearances,Use,brand,outdoor_model,Spec sheet,page,note,indoor_model,furnace_model,ahri_cop_5f,ahri_capacity_maintenance,ahri_rated_cap_47f_btuh,hspf2_region_iv,hspf2_region_v,cert_status,ahri_cold_climate,ahri_product_group,nrcan_listed,nrcan_brand,es_listed,es_most_efficient,es_cold_climate,es_refrigerant,compressor_staging,implausible_rating,source_url
COP<=1.8,cm<0.60,<18k,660,0.21,31,1,208106642,19,,LENNOX,MHB012S4S-1L,,,no held PDF mentions this model,,,1.78,0.525,12000,8.7,,Active,No,,no,,no,,,,,,
COP<=1.8,cm<0.60,<18k,660,0.21,31,2,208447826,5,,CARRIER,38MHRCQ12AA1,,,no held PDF mentions this model,,,1.78,0.525,12000,8.7,,Active,No,,no,,no,,,,,,
COP<=1.8,cm<0.60,<18k,660,0.21,31,3,211034462,4,,LENNOX,MHB012S4S-1L,,,no held PDF mentions this model,,,1.78,0.525,12000,8.7,,Active,No,,no,,no,,,,,,
COP<=1.8,cm<0.60,18-30k,1934,0.61,59,1,211078853,122,,TOSOT,TUD24W2/D-D(U),,,no held PDF mentions this model,,,1.75,0.5696,23000,7.8,,Active,No,,no,,no,,,,,,
COP<=1.8,cm<0.60,18-30k,1934,0.61,59,2,210421033,69,,GREE,GUD30W2/D-D(U),16-SEER-FLEXX-SALES-GUIDE_1,13,,,,1.76,0.5629,28600,7.8,,Active,No,,no,,no,,,,,,
COP<=1.8,cm<0.60,18-30k,1934,0.61,59,3,210421032,61,Yes,GREE,GUD24W2/D-D(U),16-SEER-FLEXX-SALES-GUIDE_1,12,,,,1.75,0.5696,23000,7.8,,Active,No,,no,,no,,,,,,
COP<=1.8,cm<0.60,30-42k,634,0.2,60,1,211078855,156,,TOSOT,TUD36W2/D-D(U),TOSOT_TUD36.pdf,1,same as GUD36W2/D-D(U),,,1.76,0.55,34000,7.7,,Active,No,,no,,no,,,,,,
COP<=1.8,cm<0.60,30-42k,634,0.2,60,2,210421034,75,Yes,GREE,GUD36W2/D-D(U),16-SEER-FLEXX-SALES-GUIDE_1,13,,,,1.76,0.55,34000,7.7,,Active,No,,no,,no,,,,,,
COP<=1.8,cm<0.60,30-42k,634,0.2,60,3,211078856,36,,TOSOT,TUD42W2/D-D(U),,,no held PDF mentions this model,,,1.78,0.585,40000,7.8,,Active,No,,no,,no,,,,,,
COP<=1.8,cm<0.60,>=42k,314,0.1,40,1,210421036,31,Yes,GREE,GUD48W2/D-D(U),16-SEER-FLEXX-SALES-GUIDE_1,14,,,,1.76,0.5696,46000,7.7,,Active,No,,no,,no,,,,,,
COP<=1.8,cm<0.60,>=42k,314,0.1,40,2,206335356,28,,GREE,GMV-36WL/C-T(U),,,no held PDF mentions this model,,,1.8,0.4762,42000,8,,Active,No,,no,,no,,,,,,
COP<=1.8,cm<0.60,>=42k,314,0.1,40,3,211078858,27,,TOSOT,TUD60W2/D-D(U),,,no held PDF mentions this model,,,1.77,0.5815,54000,7.8,,Active,No,,no,,no,,,,,,
COP<=1.8,0.60<=cm<0.80,<18k,15336,4.84,159,1,10570123,4182,,LG,LSU120HSV5,lg/LG_LSU120HSV5_submittal_ajmadison.pdf,1,exact outdoor model string in doc — combination NOT confirmed; rated points only — NOT a curve,LSN120HSV5,,1.8,0.7059,13600,10,7.5,Active,Yes,ccASHP,yes,LG,yes,Yes,Yes,R-410A,Continuously variable,,https://assets.ajmadison.com/ajmadison/itemdocs/D5b84511d22570.pdf
COP<=1.8,0.60<=cm<0.80,<18k,15336,4.84,159,2,204580064,381,,ZEPHYR,ZE-12CA22EXT,,,no held PDF mentions this model,,,1.75,0.7,12000,9.5,,Active,No,,no,,no,,,,,,
COP<=1.8,0.60<=cm<0.80,<18k,15336,4.84,159,3,209276088,295,,GREE,GWH12ATCXB-D3DNA1C/O,,,no held PDF mentions this model,GWH12ATCXB-D3DN***/I,,1.8,0.7083,12000,8.5,7.2,Active,Yes,ccASHP,yes,GREE,yes,No,Yes,R-410A,Continuously variable,,
COP<=1.8,0.60<=cm<0.80,18-30k,11419,3.6,240,1,204825179,739,Yes,LG,LAU150HYV3,LG_ArtCoolPremier_HYV3_engmanual.pdf,4,ALREADY DIGITIZED — points in datasheet_points_v2.json; no manual search needed,LAN150HYV3,,1.8,0.7,18000,11,8.2,Active,Yes,ccASHP,yes,LG,yes,Yes,Yes,R-410A,Continuously variable,,
COP<=1.8,0.60<=cm<0.80,18-30k,11419,3.6,240,2,9108747,545,,TOSOT,TW18HQ2C2DO,tosot/TOSOT_heatpump_catalogue_2022.pdf,8,normalized outdoor model match — combination NOT confirmed; rated points only — NOT a curve,TW18HQ2C2DI,,1.75,0.7576,19800,8.3,7.3,Active,No,ccASHP,yes,TOSOT,no,,,,,,https://tosotamerica.com/wp-content/uploads/2022/05/TOSOTCAT22_EN_1mai.pdf
COP<=1.8,0.60<=cm<0.80,18-30k,11419,3.6,240,3,211177532,431,,KINGHOME,KU36UHO,,,no held PDF mentions this model,KCA24*I,ML296UH070XV36B-*,1.75,0.7,24000,8.5,7.4,Active,No,ccASHP,yes,KINGHOME,no,,,,,,
COP<=1.8,0.60<=cm<0.80,30-42k,38806,12.24,230,1,211644151,11555,Yes,GREE,GUD36W/A-D(U),gree/FLEXX-Ultra-18-Service-Manual.pdf,6,ALREADY DIGITIZED — points in datasheet_points_v2.json; no manual search needed,GCAT36*/NAA,Coils Only/Serpentins seulement,1.8,0.7222,36000,8.5,7,Active,Yes,ccASHP,yes,GREE,yes,No,Yes,R-410A,Continuously variable,,
COP<=1.8,0.60<=cm<0.80,30-42k,38806,12.24,230,2,212361362,11016,,KINGHOME,KU36UHO,,,no held PDF mentions this model,KCA36*I,Coils Only/Serpentins seulement,1.8,0.7222,36000,8.5,7,Active,No,ccASHP,yes,KINGHOME,no,,,,,,
COP<=1.8,0.60<=cm<0.80,30-42k,38806,12.24,230,3,212361366,4406,,TOSOT,TU36-24WADU,TOSOT_APEX_2-3ton.pdf,1,exact outdoor model string in doc — combination NOT confirmed; rated points only — NOT a curve,TCAT36F/NAA,Coils Only/Serpentins seulement,1.8,0.7222,36000,8.5,7,Active,No,ccASHP,yes,TOSOT,no,,,,,,
COP<=1.8,0.60<=cm<0.80,>=42k,4739,1.49,142,1,212396764,135,,TRANE,4TXD2060A10NU**,,,no held PDF mentions this model,"H,TG52960+TD",Coils Only/Serpentins seulement,1.8,0.62,60000,8.5,7,Active,No,ccASHP,yes,ADP,no,,,,,,
COP<=1.8,0.60<=cm<0.80,>=42k,4739,1.49,142,2,207641338,76,,SENVILLE,SENA/48HF/MOQ,,,no held PDF mentions this model,,,1.8,0.6875,48000,8.7,6.8,Active,No,ccASHP,yes,SENVILLE,yes,Yes,No,R-410A,Continuously variable,,
COP<=1.8,0.60<=cm<0.80,>=42k,4739,1.49,142,3,207699101,39,,LENNOX,MPC048S4M-1P,,,no held PDF mentions this model,,,1.8,0.6875,48000,8.7,6.8,Active,No,ccASHP,yes,LENNOX,yes,Yes,No,R-410A,Continuously variable,,
COP<=1.8,cm>=0.80,<18k,8733,2.75,164,1,207657395,726,,KERR,A-KMH12SV-1,,,no held PDF mentions this model,B-KMH12SV-1,,1.8,1,12000,10.4,8,Active,Yes,ccASHP,yes,KERR,yes,Yes,Yes,R-410A,Continuously variable,,
COP<=1.8,cm>=0.80,<18k,8733,2.75,164,2,207683521,463,,LENNOX,MLB012S4S-1P,,,no held PDF mentions this model,MWMC012S4-1P,,1.8,1,12000,10.4,8,Active,Yes,ccASHP,yes,LENNOX,yes,Yes,Yes,R-410A,Continuously variable,,
COP<=1.8,cm>=0.80,<18k,8733,2.75,164,3,206348136,305,,CARRIER,38MARBQ12AA3,,,no held PDF mentions this model,40MAHBQ12XA3,,1.8,1,12000,10.4,8,Active,Yes,ccASHP,yes,CARRIER,yes,Yes,Yes,R-410A,Continuously variable,,
COP<=1.8,cm>=0.80,18-30k,31979,10.09,339,1,206249116,2253,Yes,GREE,GUD36W/A-D(U),gree/FLEXX-Ultra-18-Service-Manual.pdf,6,ALREADY DIGITIZED — points in datasheet_points_v2.json; no manual search needed,GUD24AH2/A-D(U),,1.8,0.9167,24000,9,7.4,Active,Yes,ccASHP,yes,GREE,yes,Yes,Yes,R-410A,Continuously variable,,
COP<=1.8,cm>=0.80,18-30k,31979,10.09,339,2,202557961,1650,,GREE,GWHD(24)ND3JO,,,no held PDF mentions this model,,,1.8,1.1538,26000,10,7.2,Active,Yes,ccASHP,yes,GREE,yes,Yes,Yes,R-410A,Continuously variable,,
COP<=1.8,cm>=0.80,18-30k,31979,10.09,339,3,212361361,1454,,KINGHOME,KU36UHO,,,no held PDF mentions this model,KCA24*I,Coils Only/Serpentins seulement,1.8,0.9,24000,8.5,7,Active,No,ccASHP,yes,KINGHOME,no,,,,,,
COP<=1.8,cm>=0.80,30-42k,24710,7.79,240,1,206249117,9146,Yes,GREE,GUD36W/A-D(U),GREE_FLEXX_Ultra18_GUD36W-A-DU_submittal.pdf,2,ALREADY DIGITIZED — points in datasheet_points_v2.json; no manual search needed,GUD36AH2/A-D(U),,1.8,0.8,35000,9,7.4,Active,Yes,ccASHP,yes,GREE,yes,Yes,Yes,R-410A,Continuously variable,,
COP<=1.8,cm>=0.80,30-42k,24710,7.79,240,2,206414273,3866,,TOSOT,TU36-24WADU,TOSOT_APEX_2-3ton.pdf,1,exact outdoor model string in doc — combination NOT confirmed; rated points only — NOT a curve,TUD36-24AH2ADU,,1.8,0.8,35000,9,7.4,Active,Yes,ccASHP,yes,TOSOT,yes,Yes,Yes,R-410A,Continuously variable,,
COP<=1.8,cm>=0.80,30-42k,24710,7.79,240,3,207256441,2715,,GREE,FLEXX36HP230V1AO,GREE_FLEXX_extended_ratings.pdf,2,exact outdoor model string in doc — combination NOT confirmed; has full cap+COP+power table,FLEXX36HP230V1BH,,1.8,0.8,35000,9,7.4,Active,Yes,ccASHP,yes,GREE,yes,Yes,Yes,R-410A,Continuously variable,,
COP<=1.8,cm>=0.80,>=42k,1688,0.53,71,1,213248972,16,,Mitsubishi Electric,PUMY-HP48NKMU2***,MITSUBISHI_PUMY-HP48_sub.pdf,1,normalized outdoor model match — combination NOT confirmed; rated points only — NOT a curve,,,1.8,0.8704,54000,8.8,,Active,No,,no,,no,,,,,,
COP<=1.8,cm>=0.80,>=42k,1688,0.53,71,2,216030970,15,,MOOVAIR,MSHMA60R2AN1,,,no held PDF mentions this model,MAHMA60R4AS1,,1.8,0.9286,56000,9,8,Active,Yes,ccASHP,yes,MOOVAIR,yes,Yes,Yes,R-454B,Continuously variable,,
COP<=1.8,cm>=0.80,>=42k,1688,0.53,71,3,216618919,6,,LENNOX,EL18KSLV-060-230A**,,,no held PDF mentions this model,CBK48MVT-048-230-**,,1.8,0.8958,48000,9,7.5,Active,Yes,ccASHP,yes,LENNOX,yes,Yes,Yes,R-454B,Continuously variable,,
1.8<COP<=2.0,cm<0.60,<18k,230,0.07,36,1,215471366,16,,MIDEA,MO1BS-H12B-1A,,,no held PDF mentions this model,,,1.85,0.5833,12000,8.7,,Active,No,,no,,no,,,,,,
1.8<COP<=2.0,cm<0.60,<18k,230,0.07,36,2,215735287,11,,SENVILLE,SENL-12CD-OL,,,no held PDF mentions this model,,,1.85,0.55,12000,8.7,,Active,No,,no,,no,,,,,,
1.8<COP<=2.0,cm<0.60,<18k,230,0.07,36,3,208552787,6,,MRCOOL,DIY-12-HP-C-115C25,,,no held PDF mentions this model,DIY-12-HP-WMAH-115C25,,1.96,0.5333,12000,9,7,Active,No,ASHP,yes,MRCOOL,yes,Yes,No,R-410A,Continuously variable,,
1.8<COP<=2.0,cm<0.60,18-30k,1359,0.43,143,1,215218828,8,,GOODMAN,GLZS4BA3010A*,,,no held PDF mentions this model,,,2,0.5217,27600,7.5,,Active,No,,no,,no,,,,,,
1.8<COP<=2.0,cm<0.60,18-30k,1359,0.43,143,2,215382564,8,,GOODMAN,GLZS5BA3010A*,,,no held PDF mentions this model,,,1.95,0.4755,28600,7.5,,Active,No,,no,,no,,,,,,
1.8<COP<=2.0,cm<0.60,18-30k,1359,0.43,143,3,215218044,6,,GOODMAN,GLZS4BA3010A*,,,no held PDF mentions this model,,,2,0.5217,27600,7.5,,Active,No,,no,,no,,,,,,
1.8<COP<=2.0,cm<0.60,30-42k,1142,0.36,180,1,211291741,6,,RHEEM,RP15AZ36AJ2N,RHEEM_RP15AZ_productdata.pdf,4,exact outdoor model string in doc — combination NOT confirmed; rated points only — NOT a curve,,,2,0.5117,34200,7.8,,Active,No,,no,,yes,No,No,R-410A,Two-stage,,
1.8<COP<=2.0,cm<0.60,30-42k,1142,0.36,180,2,212396489,6,,Panasonic,CU-E36YAHK6,,,no held PDF mentions this model,,,1.9,0.5833,36000,8.5,,Active,No,,no,,no,,,,,,
1.8<COP<=2.0,cm<0.60,30-42k,1142,0.36,180,3,206348140,5,,CARRIER,38MARBQ36AA3,,,no held PDF mentions this model,,,1.85,0.5556,36000,8,,Active,No,,no,,no,,,,,,
1.8<COP<=2.0,cm<0.60,>=42k,218,0.07,83,1,206335358,7,,GREE,GMV-60WL/C-T(U),,,no held PDF mentions this model,,,1.9,0.4844,64000,8.3,,Active,No,,no,,no,,,,,,
1.8<COP<=2.0,cm<0.60,>=42k,218,0.07,83,2,208130401,6,,ECO-AIR,MOE30U-60HFN1-MR0,,,no held PDF mentions this model,,,1.9,0.5767,60000,8.5,,Active,No,,no,,no,,,,,,
1.8<COP<=2.0,cm<0.60,>=42k,218,0.07,83,3,208561097,6,,RHEEM,RP16AZ48AJ3C,,,no held PDF mentions this model,,,2,0.5079,44500,8.1,,Active,No,,no,,no,,,,,,
1.8<COP<=2.0,0.60<=cm<0.80,<18k,5161,1.63,72,1,204825178,2089,,LG,LAU120HYV3,LG_ArtCoolPremier_HYV3_engmanual.pdf,4,ALREADY DIGITIZED — points in datasheet_points_v2.json; no manual search needed,LAN120HYV3,,1.85,0.7059,13600,11.2,8.3,Active,Yes,ccASHP,yes,LG,yes,Yes,Yes,R-410A,Continuously variable,,
1.8<COP<=2.0,0.60<=cm<0.80,<18k,5161,1.63,72,2,211177521,549,,TOSOT,TW12HXP2A1DO,,,no held PDF mentions this model,TW12HXP2A1DI,,1.85,0.75,12000,9,7.4,Active,Yes,ccASHP,yes,TOSOT,yes,Yes,Yes,R-410A,Continuously variable,,
1.8<COP<=2.0,0.60<=cm<0.80,<18k,5161,1.63,72,3,206839099,334,,GREE,3VIR12HP230V1AO,,,no held PDF mentions this model,3VIR12HP230V1AH,,1.93,0.7667,12000,9,7.5,Active,No,ccASHP,yes,GREE,yes,No,No,R-410A,Continuously variable,,
1.8<COP<=2.0,0.60<=cm<0.80,18-30k,15201,4.79,447,1,207641274,388,,NOVAIR,LEA27MZ-3P-25SK-O,,,no held PDF mentions this model,,,2,0.6786,28000,9.2,7,Active,No,ccASHP,yes,NOVAIR,yes,No,No,R-410A,Continuously variable,,
1.8<COP<=2.0,0.60<=cm<0.80,18-30k,15201,4.79,447,2,207642879,339,,CARRIER,38MGHBQ24CA3,,,no held PDF mentions this model,,,1.9,0.74,25000,10,7.7,Active,Yes,ccASHP,yes,CARRIER,yes,Yes,Yes,R-410A,Continuously variable,,
1.8<COP<=2.0,0.60<=cm<0.80,18-30k,15201,4.79,447,3,207641332,300,,SENVILLE,SENA/30HF/MOQ,,,no held PDF mentions this model,,,2,0.6786,28000,9.5,7.1,Active,No,ccASHP,yes,SENVILLE,yes,No,No,R-410A,Continuously variable,,
1.8<COP<=2.0,0.60<=cm<0.80,30-42k,6186,1.95,354,1,208786091,717,,GREE,GWHD(30)ND3MO,GREE_GWHD30ND3MO.pdf,1,AHRI number printed in doc — combination confirmed; rated points only — NOT a curve,,,1.84,0.76,30000,10,8,Active,Yes,ccASHP,yes,GREE,yes,Yes,Yes,R-410A,Continuously variable,,
1.8<COP<=2.0,0.60<=cm<0.80,30-42k,6186,1.95,354,2,211164241,640,,TOSOT,TM30HX4O,,,no held PDF mentions this model,,,1.84,0.76,30000,10,8,Active,Yes,ccASHP,yes,TOSOT,yes,Yes,Yes,R-410A,Continuously variable,,
1.8<COP<=2.0,0.60<=cm<0.80,30-42k,6186,1.95,354,3,210278977,221,,GREE,MULTI30HP230V1EO,,,no held PDF mentions this model,,,1.84,0.76,30000,10,8,Active,No,ccASHP,yes,GREE,yes,No,No,R-410A,Continuously variable,,
1.8<COP<=2.0,0.60<=cm<0.80,>=42k,1798,0.57,182,1,202557963,66,,GREE,GWHD(42)ND3JO,,,no held PDF mentions this model,,,1.82,0.7429,42000,8.6,7,Active,Yes,ccASHP,yes,GREE,yes,No,Yes,R-410A,Continuously variable,,
1.8<COP<=2.0,0.60<=cm<0.80,>=42k,1798,0.57,182,2,213249675,52,,Gridless,O-AYC48SD-1,,,no held PDF mentions this model,I-AYC48VAH-1,,1.9,0.6875,48000,8.5,6.87,Active,Yes,ccASHP,yes,GRIDLESS,yes,Yes,Yes,R-410A,Continuously variable,,
1.8<COP<=2.0,0.60<=cm<0.80,>=42k,1798,0.57,182,3,207036473,44,,HAXXAIR,HVHD-48E2D2,,,no held PDF mentions this model,HAHD-48E2D2,,1.9,0.6875,48000,8.5,6.87,Active,Yes,ccASHP,yes,HAXXAIR,yes,Yes,Yes,R-410A,Continuously variable,,
1.8<COP<=2.0,cm>=0.80,<18k,10371,3.27,207,1,10062019,861,,TOSOT,TW12HQ3D6DO,tosot/TOSOT_heatpump_catalogue_2022.pdf,7,normalized outdoor model match — combination NOT confirmed; rated points only — NOT a curve,TW12HQ3D6DI,,1.91,0.9836,12200,8.5,8,Active,Yes,ccASHP,yes,TOSOT,yes,Yes,Yes,R-410A,Continuously variable,,https://tosotamerica.com/wp-content/uploads/2022/05/TOSOTCAT22_EN_1mai.pdf
1.8<COP<=2.0,cm>=0.80,<18k,10371,3.27,207,2,9944776,840,,GREE,GWH12YD-D3DNA1A/O,,,no held PDF mentions this model,GWH12AAD-D3DN***/I,,1.91,0.9836,12200,8.5,8,Active,Yes,ccASHP,yes,GREE,yes,Yes,Yes,R-410A,Continuously variable,,
1.8<COP<=2.0,cm>=0.80,<18k,10371,3.27,207,3,9116197,755,,GREE,GWH12YD-D3DNA1A/O,,,no held PDF mentions this model,GWH12QD-D3DN***/I,,1.91,0.9836,12200,8.5,8,Active,Yes,ccASHP,yes,GREE,yes,Yes,Yes,R-410A,Continuously variable,,
1.8<COP<=2.0,cm>=0.80,18-30k,41469,13.08,748,1,208101910,4389,,MDV,MOD30-24HFN1-MW,mdv/MDV_MOD30-24_MitsAir_casedcoil_submittal.pdf,1,exact outdoor model string in doc — combination NOT confirmed; rated points only — NOT a curve,MAC-24HWDN1-MN0,Coils Only/Serpentins seulement,1.95,0.8,25000,9.5,7.7,Active,Yes,ccASHP,yes,MDV,yes,Yes,Yes,R-410A,Continuously variable,,https://www.mitsair.com/wp-content/uploads/2025/06/Mits-Air-Cased-Coil-Hyper-Heat-Submittal_MOD30-24_MAC24.pdf
1.8<COP<=2.0,cm>=0.80,18-30k,41469,13.08,748,2,212361759,4206,,MOOVAIR,DMA24HOS20230E7,MOOVAIR_M20_perf.pdf,1,exact outdoor model string in doc — combination NOT confirmed; has a matrix table — parse with extract_matrix_datasheet.py,CUB24HAC20BWT7A,Coils Only/Serpentins seulement,1.95,0.8,25000,9.5,7.7,Active,Yes,ccASHP,yes,MOOVAIR,yes,Yes,Yes,R-410A,Continuously variable,,
1.8<COP<=2.0,cm>=0.80,18-30k,41469,13.08,748,3,212367433,3331,,Bladex,BX30-24HPHYHA,,,no held PDF mentions this model,BLC-24HWAC1,Coils Only/Serpentins seulement,1.95,0.8,25000,9.5,7.7,Active,No,ccASHP,yes,BLADEX,no,,,,,,
1.8<COP<=2.0,cm>=0.80,30-42k,23488,7.41,538,1,207706561,1610,,MOOVAIR,DMA36HOS20230E7,MOOVAIR_M20_perf.pdf,2,ALREADY DIGITIZED — points in datasheet_points_v2.json; no manual search needed,FMA36HIAHUU230X7,,1.97,0.86,40000,9.5,7.8,Active,Yes,ccASHP,yes,MOOVAIR,yes,Yes,Yes,R-410A,Continuously variable,,
1.8<COP<=2.0,cm>=0.80,30-42k,23488,7.41,538,2,212361760,1596,,MOOVAIR,DMA30HOS20230E7,MOOVAIR_M20_perf.pdf,2,exact outdoor model string in doc — combination NOT confirmed; has a matrix table — parse with extract_matrix_datasheet.py,CUB36HAC20CWT7A,Coils Only/Serpentins seulement,1.85,0.8182,33000,9.7,7.7,Active,Yes,ccASHP,yes,MOOVAIR,yes,No,Yes,R-410A,Continuously variable,,
1.8<COP<=2.0,cm>=0.80,30-42k,23488,7.41,538,3,208101911,1227,,MDV,MOD30U-30HFN1-MR0(X),,,no held PDF mentions this model,MAC-36HWDN1-MN0,Coils Only/Serpentins seulement,1.85,0.8182,33000,9.7,7.7,Active,Yes,ccASHP,yes,MDV,yes,No,Yes,R-410A,Continuously variable,,
1.8<COP<=2.0,cm>=0.80,>=42k,4063,1.28,219,1,207706562,642,,MOOVAIR,DMA48HOS20230E7,MOOVAIR_M20_perf.pdf,2,ALREADY DIGITIZED — points in datasheet_points_v2.json; no manual search needed,FMA48HIAHUU230X7,,1.9,0.92,50000,9.4,7.7,Active,Yes,ccASHP,yes,MOOVAIR,yes,No,Yes,R-410A,Continuously variable,,
1.8<COP<=2.0,cm>=0.80,>=42k,4063,1.28,219,2,213349773,250,,KERR,A-KCD48SA-1,,,no held PDF mentions this model,B-KCD48SA-1,,1.9,0.92,50000,9.4,7.7,Active,Yes,ccASHP,yes,KERR,yes,No,Yes,R-410A,Continuously variable,,
1.8<COP<=2.0,cm>=0.80,>=42k,4063,1.28,219,3,208447882,233,,CARRIER,38MURAQ48AB3,,,no held PDF mentions this model,40MUAAQ48XA3,,1.9,0.92,50000,9.4,7.7,Active,Yes,ccASHP,yes,CARRIER,yes,No,Yes,R-410A,Continuously variable,,
COP>2.0,cm<0.60,<18k,432,0.14,76,1,210727629,18,,COSTWAY,FP10293US-12WH,,,no held PDF mentions this model,,,2.08,0.2,12000,8.5,,Active,No,,no,,no,,,,,,
COP>2.0,cm<0.60,<18k,432,0.14,76,2,206348134,11,,CARRIER,38MARBQ12AA1,,,no held PDF mentions this model,40MAHBQ12XA1,,2.16,0.5667,12000,10,7.4,Active,No,ASHP,yes,CARRIER,yes,Yes,No,R-410A,Continuously variable,,
COP>2.0,cm<0.60,<18k,432,0.14,76,3,210727628,5,,COSTWAY,FP10302US-12WH,,,no held PDF mentions this model,,,2.08,0.1951,12300,8.5,,Active,No,,no,,no,,,,,,
COP>2.0,cm<0.60,18-30k,3191,1.01,358,1,212387098,21,,RHEEM,RP15AZ30AJ2N,RHEEM_RP15AZ_productdata.pdf,4,exact outdoor model string in doc — combination NOT confirmed; rated points only — NOT a curve,RCFZ3617STANM,R962V0603A17M4S,2.1,0.5669,28400,8.1,6.6,Active,Yes,ASHP,yes,RHEEM,yes,No,Yes,R-410A,Two-stage,,
COP>2.0,cm<0.60,18-30k,3191,1.01,358,2,210727630,16,,COSTWAY,FP10318US-12WH,,,no held PDF mentions this model,,,2.2,0.1925,18700,9,,Active,No,,no,,no,,,,,,
COP>2.0,cm<0.60,18-30k,3191,1.01,358,3,212381139,15,,RHEEM,RP15AZ24AJ2N,RHEEM_RP15AZ_productdata.pdf,4,exact outdoor model string in doc — combination NOT confirmed; rated points only — NOT a curve,RH2VZ2417STANN,,2.3,0.5395,22800,8.1,6.7,Active,Yes,ASHP,yes,RHEEM,yes,No,Yes,R-410A,Two-stage,,
COP>2.0,cm<0.60,30-42k,2261,0.71,433,1,208131890,47,,LG,LMU363HV,,,no held PDF mentions this model,,,2.24,0.5389,36000,9,7,Active,No,ccASHP,yes,LG,yes,Yes,No,R-410A,Continuously variable,,
COP>2.0,cm<0.60,30-42k,2261,0.71,433,2,211641706,33,,DAIKIN,RXTQ36TBVJU*,,,no held PDF mentions this model,,,2.2,0.5676,37000,8.5,,Active,No,,no,,no,,,,,,
COP>2.0,cm<0.60,30-42k,2261,0.71,433,3,208131888,29,,LG,LMU303HV,,,no held PDF mentions this model,,,2.19,0.575,32000,9.2,7.1,Active,No,ccASHP,yes,LG,yes,Yes,No,R-410A,Continuously variable,,
COP>2.0,cm<0.60,>=42k,544,0.17,173,1,215746601,4,,LENNOX,ML14KP1-048-230A**,,,no held PDF mentions this model,,,2.04,0.4979,47000,7.5,,Active,No,,no,,no,,,,,,
COP>2.0,cm<0.60,>=42k,544,0.17,173,2,206335355,3,,GREE,GMV-60WL/C-T(U),,,no held PDF mentions this model,,,2.3,0.5,64000,9.8,7.3,Active,No,ccASHP,yes,GREE,no,,,,,,
COP>2.0,cm<0.60,>=42k,544,0.17,173,3,216797871,1,,GOODMAN,GLZS4BA6010A*,,,no held PDF mentions this model,,,2.35,0.5786,56000,7.5,,Active,No,,no,,no,,,,,,
COP>2.0,0.60<=cm<0.80,<18k,5722,1.8,140,1,213265553,736,,Gridless,O-AYD12SD-1,,,no held PDF mentions this model,I-AYD12W-1,,2.05,0.7,12000,9.5,7.15,Active,Yes,ccASHP,yes,GRIDLESS,yes,Yes,Yes,R-410A,Continuously variable,,
COP>2.0,0.60<=cm<0.80,<18k,5722,1.8,140,2,208193233,242,,HISENSE,AST-12UW3SXE02,,,no held PDF mentions this model,AST-12UW3SXE**02,,2.05,0.7,12000,9.5,7.15,Active,Yes,ccASHP,yes,HISENSE,yes,Yes,Yes,R-410A,Continuously variable,,
COP>2.0,0.60<=cm<0.80,<18k,5722,1.8,140,3,213265552,98,,Gridless,O-AYD09SD-1,,,no held PDF mentions this model,I-AYD09W-1,,2.05,0.7778,9000,10.5,7.5,Active,Yes,ccASHP,yes,GRIDLESS,yes,Yes,Yes,R-410A,Continuously variable,,
COP>2.0,0.60<=cm<0.80,18-30k,6765,2.13,219,1,212916824,496,,Bladex,BX24-HP15ECO,,,no held PDF mentions this model,BLC-24HWAC1-UNC,Coils Only/Serpentins seulement,2.2,0.7227,25600,9.8,8,Active,No,ccASHP,yes,BLADEX,no,,,,,,
COP>2.0,0.60<=cm<0.80,18-30k,6765,2.13,219,2,212528004,469,,Bladex,BX24-HP15ECO,,,no held PDF mentions this model,BLC-24HWAC1,Coils Only/Serpentins seulement,2.2,0.7227,25600,9.8,8,Active,No,ccASHP,yes,BLADEX,no,,,,,,
COP>2.0,0.60<=cm<0.80,18-30k,6765,2.13,219,3,207036640,415,,ZEPHYR,ZE-24HPB,,,no held PDF mentions this model,AH-24B,,2.05,0.7682,22000,9,6.82,Active,Yes,ccASHP,yes,ZEPHYR,yes,Yes,Yes,R-410A,Continuously variable,,
COP>2.0,0.60<=cm<0.80,30-42k,5874,1.85,266,1,207036468,668,,HAXXAIR,HVHD-36E2D2,,,no held PDF mentions this model,HAHD-36E2D2,,2.05,0.7647,34000,9.5,6.82,Active,Yes,ccASHP,yes,HAXXAIR,yes,Yes,Yes,R-410A,Continuously variable,,
COP>2.0,0.60<=cm<0.80,30-42k,5874,1.85,266,2,207036642,436,,ZEPHYR,ZE-36HPB,,,no held PDF mentions this model,AH-36B,,2.05,0.7647,34000,9.5,6.82,Active,Yes,ccASHP,yes,ZEPHYR,yes,Yes,Yes,R-410A,Continuously variable,,
COP>2.0,0.60<=cm<0.80,30-42k,5874,1.85,266,3,206903535,253,,HISENSE,AUWR-36U3SA2,,,no held PDF mentions this model,AUH-36UX3SDH2,,2.05,0.7647,34000,9.5,6.82,Active,Yes,ccASHP,yes,HISENSE,yes,Yes,Yes,R-410A,Continuously variable,,
COP>2.0,0.60<=cm<0.80,>=42k,569,0.18,100,1,217115269,26,,Gridless,GRID48OC,,,no held PDF mentions this model,GRID48VAH,,2.52,0.7708,48000,9,7.2,Active,Yes,ccASHP,yes,GRIDLESS,yes,Yes,Yes,R-454B,Continuously variable,,
COP>2.0,0.60<=cm<0.80,>=42k,569,0.18,100,2,211661501,8,,DAIKIN,RXTQ48TBVJU*,,,no held PDF mentions this model,,,2.05,0.7304,46000,8.3,,Active,No,,no,,no,,,,,,
COP>2.0,0.60<=cm<0.80,>=42k,569,0.18,100,3,211661503,7,,DAIKIN,RXTQ48TBVJU*,,,no held PDF mentions this model,,,2.17,0.7191,47000,8.9,6.6,Active,No,ccASHP,yes,DAIKIN,no,,,,,,
COP>2.0,cm>=0.80,<18k,14579,4.6,73,1,214888802,101,,FUJITSU,AOUH12KZAH1,FUJITSU_AOUH12KZAH1_spec.pdf,2,Can use ASUH12KZAS in page 26 of the PDF (noted page 20),ASUH12KZAS,,2.16,1.0375,16000,12.7,10.1,Active,Yes,ccASHP,yes,FUJITSU,yes,Yes,Yes,R-32,Continuously variable,,
COP>2.0,cm>=0.80,<18k,14579,4.6,73,2,217101974,80,,Gridless,GRID12OHHV,,,no held PDF mentions this model,GRID12WHHV,,2.25,1,12200,11.8,11,Active,Yes,ccASHP,yes,GRIDLESS,yes,Yes,Yes,R-454B,Continuously variable,,
COP>2.0,cm>=0.80,<18k,14579,4.6,73,3,216411307,48,,LENNOX,MWLD015S6S-1P,,,no held PDF mentions this model,MWMD015S6-1P,,2.5,1.04,15000,11,8.5,Active,Yes,ccASHP,yes,LENNOX,yes,Yes,Yes,R-32,Continuously variable,,
COP>2.0,cm>=0.80,18-30k,11594,3.66,409,1,208786090,747,,GREE,GWHD(24)ND3MO,GREE_GWHD24ND3MO.pdf,1,AHRI number printed in doc — combination confirmed; rated points only — NOT a curve,,,2.1,0.9,24000,10,8,Active,Yes,ccASHP,yes,GREE,yes,Yes,Yes,R-410A,Continuously variable,,
COP>2.0,cm>=0.80,18-30k,11594,3.66,409,2,211164240,611,,TOSOT,TM24HX4O,,,no held PDF mentions this model,,,2.1,0.9,24000,10,8,Active,Yes,ccASHP,yes,TOSOT,yes,Yes,Yes,R-410A,Continuously variable,,
COP>2.0,cm>=0.80,18-30k,11594,3.66,409,3,210534128,433,,ACD,MPD24KCH21SB-O,,,no held PDF mentions this model,,,2.1,0.9,24000,10,8,Active,Yes,ccASHP,yes,ACD,yes,Yes,Yes,R-410A,Continuously variable,,
COP>2.0,cm>=0.80,30-42k,2743,0.87,91,1,214931588,139,,GREE,GWHD(30)ND6MO,,,no held PDF mentions this model,,,2.07,0.9,30000,10,8,Active,Yes,ccASHP,yes,GREE,yes,Yes,Yes,R-32,Continuously variable,,
COP>2.0,cm>=0.80,30-42k,2743,0.87,91,2,217115268,97,,Gridless,GRID36OC,,,no held PDF mentions this model,GRID36VAH,,2.15,0.9688,32000,10.5,8.4,Active,Yes,ccASHP,yes,GRIDLESS,yes,Yes,Yes,R-454B,Continuously variable,,
COP>2.0,cm>=0.80,30-42k,2743,0.87,91,3,214931589,82,,GREE,GWHD(36)ND6MO,,,no held PDF mentions this model,,,2.1,1,36000,10,8,Active,Yes,ccASHP,yes,GREE,yes,Yes,Yes,R-32,Continuously variable,,
COP>2.0,cm>=0.80,>=42k,406,0.13,26,1,205788777,192,,LG,LUU480HHV,,,no held PDF mentions this model,LVN480HV,,2.25,0.81,50000,9.4,7.6,Active,Yes,ccASHP,yes,LG,yes,Yes,Yes,R-410A,Continuously variable,,
COP>2.0,cm>=0.80,>=42k,406,0.13,26,2,205788776,123,,LG,LUU420HHV,,,no held PDF mentions this model,LVN420HV,,2.27,0.8333,48000,9.45,7.75,Active,Yes,ccASHP,yes,LG,yes,Yes,Yes,R-410A,Continuously variable,,
COP>2.0,cm>=0.80,>=42k,406,0.13,26,3,214931590,24,,GREE,GWHD(42)ND6MO,,,no held PDF mentions this model,,,2.1,0.9,42000,10,8,Active,Yes,ccASHP,yes,GREE,yes,Yes,Yes,R-32,Continuously variable,,
