fsa,facility,province,designation,transferred_flag
A0A,ST. JOHN'S,NL,DCF,False
A0B,ST. JOHN'S,NL,DCF,False
A0C,CLARENVILLE,NL,DCF,False
A0E,CLARENVILLE,NL,DCF,False
A0G,GANDER,NL,DCF,False
A0H,GRAND FALLS,NL,DCF,False
A0J,GRAND FALLS,NL,DCF,False
A0K,DEER LAKE,NL,DCF,False
A0L,CORNER BROOK,NL,DCF,False
A0M,PORT-AUX-BASQUES,NL,DCF,False
A0N,STEPHENVILLE,NL,DCF,False
A0P,H. VAL-GOOSE BAY,NL,DCF,False
A0R,MONTREAL,QC,CDP,False
A0Z,STEPHENVILLE,NL,DCF,False
A1A,ST. JOHN'S,NL,STN MAIN,False
A1B,ST. JOHN'S,NL,STN MAIN,False
A1C,ST. JOHN'S,NL,STN MAIN,False
A1E,ST. JOHN'S,NL,STN MAIN,False
A1G,ST. JOHN'S,NL,STN MAIN,False
A1H,ST. JOHN'S,NL,STN MAIN,False
A1K,TORBAY,NL,STN MAIN,False
A1L,PARADISE,NL,STN MAIN,False
A1M,PORTUGAL COVE-ST PHILIPS,NL,STN MAIN,False
A1N,ST. JOHN'S,NL,STN MAIN,False
A1S,GOULDS,NL,STN MAIN,False
A1V,GANDER,NL,LCD MAIN,False
A1W,MANUELS,NL,STN MAIN,False
A1X,FOXTRAP,NL,STN MAIN,False
A1Y,CARBONEAR,NL,STN MAIN,False
A2A,GRAND FALLS-WINDSOR,NL,LCD MAIN,False
A2B,GRAND FALLS-WINDSOR,NL,LCD MAIN,False
A2H,CORNER BROOK,NL,LCD MAIN,False
A2N,STEPHENVILLE,NL,LCD MAIN,False
A2V,LABRADOR CITY,NL,LCD MAIN,False
A5A,CLARENVILLE,NL,LCD MAIN,False
A8A,DEER LAKE,NL,STN MAIN,False
B0C,SYDNEY,NS,DCF,False
B0E,PORT HAWKESBURY,NS,DCF,False
B0H,ANTIGONISH,NS,DCF,False
B0J,HALIFAX,NS,DCF,False
B0K,NEW GLASGOW,NS,DCF,False
B0L,AMHERST,NS,DCF,False
B0M,TRURO,NS,DCF,False
B0N,HALIFAX,NS,DCF,False
B0P,KENTVILLE,NS,DCF,False
B0R,BRIDGEWATER,NS,DCF,False
B0S,MIDDLETON,NS,DCF,False
B0T,LIVERPOOL,NS,DCF,False
B0V,DIGBY,NS,DCF,False
B0W,YARMOUTH,NS,DCF,False
B1A,GLACE BAY,NS,LCD MAIN,False
B1B,GLACE BAY,NS,LCD MAIN,False
B1C,LOUISBOURG,NS,STN MAIN,False
B1E,RESERVE MINES,NS,STN MAIN,False
B1G,DOMINION,NS,STN MAIN,False
B1H,NEW WATERFORD,NS,LCD MAIN,False
B1J,SYDNEY AREA,NS,STN J,False
B1K,SYDNEY AREA,NS,STN K,False
B1L,SYDNEY,NS,STN MAIN,False
B1M,SYDNEY,NS,STN MAIN,False
B1N,SYDNEY,NS,STN MAIN,False
B1P,SYDNEY,NS,STN MAIN,False
B1R,SYDNEY,NS,STN MAIN,False
B1S,SYDNEY,NS,STN MAIN,False
B1T,CHRISTMAS ISLAND,NS,STN MAIN,False
B1V,NORTH SYDNEY,NS,LCD MAIN,False
B1W,ESKASONI,NS,STN MAIN,False
B1X,SYDNEY AREA,NS,STN Y,False
B1Y,SYDNEY AREA,NS,STN Y,False
B2A,NORTH SYDNEY,NS,LCD MAIN,False
B2C,IONA,NS,STN MAIN,False
B2E,SYDNEY AREA,NS,STN J,False
B2G,ANTIGONISH,NS,LCD MAIN,False
B2H,NEW GLASGOW,NS,LCD MAIN,False
B2J,SYDNEY AREA,NS,STN K,False
B2N,TRURO,NS,STN MAIN,False
B2R,WAVERLEY,NS,STN MAIN,False
B2S,LANTZ,NS,STN MAIN,False
B2T,ENFIELD,NS,STN MAIN,False
B2V,DARTMOUTH,NS,LCD MAIN,False
B2W,DARTMOUTH,NS,LCD MAIN,False
B2X,DARTMOUTH,NS,LCD MAIN,False
B2Y,DARTMOUTH,NS,LCD MAIN,False
B2Z,DARTMOUTH,NS,LCD MAIN,False
B3A,DARTMOUTH,NS,LCD MAIN,False
B3B,DARTMOUTH,NS,LCD MAIN,False
B3E,PORTERS LAKE,NS,STN MAIN,False
B3G,DARTMOUTH,NS,LCD MAIN,False
B3H,HALIFAX,NS,LCD 1,False
B3J,HALIFAX,NS,LCD 1,False
B3K,HALIFAX,NS,LCD 1,False
B3L,HALIFAX,NS,LCD 1,False
B3M,HALIFAX,NS,LCD 1,False
B3N,HALIFAX,NS,LCD 1,False
B3P,HALIFAX,NS,LCD 1,False
B3R,HALIFAX,NS,LCD 1,False
B3S,HALIFAX,NS,LCD 1,False
B3T,LAKESIDE,NS,LCD MAIN,False
B3V,HALIFAX,NS,LCD 1 ETION / (-***) SUPPRIMER (*) TRANSFER -,False
B3Z,TANTALLON,NS,STN MAIN,False
B4A,DARTMOUTH,NS,LCD MAIN,False
B4B,DARTMOUTH,NS,LCD MAIN,False
B4C,DARTMOUTH,NS,LCD MAIN,False
B4E,DARTMOUTH,NS,LCD MAIN,False
B4G,DARTMOUTH,NS,LCD MAIN,False
B4H,AMHERST,NS,LCD MAIN,False
B4N,KENTVILLE,NS,LCD MAIN,False
B4P,WOLFVILLE,NS,STN MAIN,False
B4R,COLDBROOK,NS,STN MAIN,False
B4V,BRIDGEWATER,NS,LCD MAIN,False
B5A,YARMOUTH,NS,LCD MAIN,False
B6L,TRURO,NS,STN MAIN,False
B9A,PORT HAWKESBURY,NS,STN MAIN,False
C0A,CHARLOTTETOWN,PE,DCF,False
C0B,SUMMERSIDE,PE,DCF HANGE / (*) TRANFERER - CHANGEMENT,False
C1A,CHARLOTTETOWN,PE,STN MAIN,False
C1B,CHARLOTTETOWN,PE,STN MAIN,False
C1C,CHARLOTTETOWN,PE,STN MAIN,False
C1E,CHARLOTTETOWN,PE,STN MAIN,False
C1N,SUMMERSIDE,PE,LCD MAIN,False
E0A,MONCTON,NB,DCF,False
E0B,BATHURST,NB,DCF,False
E0C,MIRAMICHI,NB,DCF,False
E0E,SUSSEX,NB,DCF,False
E0G,SAINT JOHN,NB,DCF,False
E0H,FREDERICTON,NB,DCF,False
E0J,STJ EXT-WOODSTOCK,NB,DCF,False
E0K,CAMPBELLTON,NB,DCF,False
E0L,STJ EXT-EDMUNDSTON,NB,DCF,False
E1A,MONCTON,NB,LCD 2,False
E1B,MONCTON,NB,STN LCD 1,False
E1C,MONCTON,NB,STN LCD 1,False
E1E,MONCTON,NB,STN LCD 1,False
E1G,MONCTON,NB,STN LCD 1,False
E1H,MONCTON,NB,STN LCD 1,False
E1J,MONCTON,NB,STN LCD 1,False
E1K,MONCTON,NB,LCD 2,False
E1N,MIRAMICHI,NB,LCD MAIN,False
E1V,MIRAMICHI,NB,LCD MAIN,False
E1W,CARAQUET,NB,STN MAIN,False
E1X,TRACADIE-SHEILA,NB,STN MAIN,False
E2A,BATHURST,NB,LCD MAIN,False
E2E,SAINT JOHN,NB,LCD MAIN,False
E2G,SAINT JOHN,NB,LCD MAIN,False
E2H,SAINT JOHN,NB,LCD MAIN,False
E2J,SAINT JOHN,NB,LCD MAIN,False
E2K,SAINT JOHN,NB,LCD MAIN,False
E2L,SAINT JOHN,NB,LCD MAIN,False
E2M,SAINT JOHN,NB,LCD MAIN,False
E2N,SAINT JOHN,NB,LCD MAIN,False
E2P,SAINT JOHN,NB,LCD MAIN,False
E2R,SAINT JOHN,NB,LCD MAIN,False
E2S,SAINT JOHN,NB,LCD MAIN,False
E2V,OROMOCTO,NB,STN MAIN,False
E3A,FREDERICTON,NB,STN LCD 1,False
E3B,FREDERICTON,NB,STN LCD 1,False
E3C,FREDERICTON,NB,STN LCD 1,False
E3E,FREDERICTON,NB,STN LCD 1,False
E3G,FREDERICTON,NB,STN LCD 1,False
E3L,ST STEPHEN,NB,LCD MAIN,False
E3N,CAMPBELLTON,NB,LCD MAIN,False
E3V,EDMUNDSTON,NB,LCD 1,False
E3Y,GRAND FALLS-GRAND-SAULT,NB,STN MAIN,False
E3Z,GRAND FALLS-GRAND-SAULT,NB,STN MAIN,False
E4A,CHIPMAN,NB,STN MAIN,False
E4B,SUSSEX AREA,NB,STN B,False
E4C,SUSSEX AREA,NB,STN C,False
E4E,SUSSEX,NB,STN MAIN,False
E4G,SUSSEX,NB,STN MAIN,False
E4H,MONCTON AREA,NB,STN H,False
E4J,SALISBURY,NB,STN MAIN,False
E4K,MONCTON AREA,NB,STN K,False
E4L,SACKVILLE,NB,STN MAIN,False
E4M,MONCTON AREA,NB,STN M,False
E4N,MONCTON AREA,NB,STN N,False
E4P,MONCTON AREA,NB,STN P,False
E4R,MONCTON AREA,NB,STN R,False
E4S,MONCTON AREA,NB,STN S,False
E4T,MONCTON AREA,NB,STN T,False
E4V,MONCTON AREA,NB,STN V,False
E4W,MONCTON AREA,NB,STN W,False
E4X,MONCTON AREA,NB,STN X,False
E4Y,ROGERSVILLE,NB,STN MAIN,False
E4Z,MONCTON AREA,NB,STN Z,False
E5A,MOORES MILLS,NB,STN MAIN,False
E5B,ST ANDREWS,NB,STN MAIN,False
E5C,SAINT JOHN AREA,NB,STN C,False
E5E,SAINT JOHN AREA,NB,STN E,False
E5G,SAINT JOHN AREA,NB,STN G,False
E5H,SAINT JOHN AREA,NB,STN H,False
E5J,SAINT JOHN AREA,NB,STN J,False
E5K,SAINT JOHN AREA,NB,STN K,False
E5L,SAINT JOHN AREA,NB,STN L,False
E5M,SAINT JOHN AREA,NB,STN M,False
E5N,HAMPTON,NB,STN MAIN,False
E5P,SAINT JOHN AREA,NB,STN P,False
E5R,ST MARTINS,NB,STN MAIN,False
E5S,SAINT JOHN,NB,LCD MAIN,False
E5T,SAINT JOHN AREA,NB,STN T,False
E5V,SAINT JOHN AREA,NB,STN V,False
E6A,BOIESTOWN,NB,STN MAIN,False
E6B,STANLEY,NB,STN MAIN,False
E6C,FREDERICTON,NB,STN LCD 1,False
E6E,FREDERICTON AREA,NB,STN E,False
E6G,FREDERICTON AREA,NB,STN G,False
E6H,FREDERICTON AREA,NB,STN H,False
E6J,MCADAM,NB,STN MAIN,False
E6K,FREDERICTON AREA,NB,STN K,False
E6L,FREDERICTON AREA,NB,STN L,False
E7A,EDMUNDSTON AREA,NB,STN A,False
E7B,EDMUNDSTON,NB,LCD 1,False
E7C,EDMUNDSTON AREA,NB,STN C,False
E7E,EDMUNDSTON AREA,NB,STN E,False
E7G,WOODSTOCK AREA,NB,STN G,False
E7H,WOODSTOCK AREA,NB,STN H,False
E7J,WOODSTOCK AREA,NB,STN J,False
E7K,WOODSTOCK AREA,NB,STN K,False
E7L,WOODSTOCK AREA,NB,STN L,False
E7M,WOODSTOCK,NB,LCD MAIN ETION / (-***) SUPPRIMER (*) TRANSFER -,False
E7N,WOODSTOCK,NB,LCD MAIN,False
E7P,HARTLAND,NB,STN MAIN,False
E8A,SAINT-QUENTIN,NB,STN MAIN,False
E8B,KEDGWICK,NB,STN MAIN,False
E8C,DALHOUSIE,NB,STN MAIN,False
E8E,BATHURST AREA,NB,STN E,False
E8G,BATHURST AREA,NB,STN G,False
E8J,BATHURST AREA,NB,STN J,False
E8K,BATHURST AREA,NB,STN K,False
E8L,ALLARDVILLE,NB,STN MAIN,False
E8M,SAINT-ISIDORE,NB,STN MAIN,False
E8N,BATHURST AREA,NB,STN N,False
E8P,BATHURST AREA,NB,STN P,False
E8R,PAQUETVILLE,NB,STN BUREAU-CHEF,False
E8S,BATHURST AREA,NB,STN S,False
E8T,BATHURST AREA,NB,STN T,False
E9A,MIRAMICHI AREA,NB,STN A,False
E9B,MIRAMICHI AREA,NB,STN B,False
E9C,MIRAMICHI AREA,NB,STN C,False
E9E,RED BANK,NB,STN MAIN,False
E9G,MIRAMICHI AREA,NB,STN G,False
E9H,MIRAMICHI AREA,NB,STN H,False
G0A,QUEBEC # 1,QC,CDP,False
G0B,RIMOUSKI # 1,QC,CDP,False
G0C,MONT-JOLI # 1,QC,CDP,False
G0E,MONT-JOLI # 1,QC,CDP,False
G0G,QUEBEC # 4,QC,CDP,False
G0H,BAIE COMEAU,QC,CDP,False
G0J,MONT-JOLI # 2,QC,CDP,False
G0K,RIMOUSKI # 1,QC,CDP,False
G0L,RIVIERE-DU-LOUP,QC,CDP,False
G0M,ST-GEORGES,QC,CDP,False
G0N,THETFORD MINES,QC,CDP,False
G0P,VICTORIAVILLE,QC,CDP,False
G0R,QUEBEC # 2-A,QC,CDP,False
G0S,QUEBEC # 2-B,QC,CDP,False
G0T,QUEBEC # 1,QC,CDP,False
G0V,SAGUENAY,QC,CDP,False
G0W,SAGUENAY,QC,CDP,False
G0X,TROIS-RIVIERES,QC,CDP,False
G0Y,ST-GEORGES,QC,CDP HANGE / (*) TRANFERER - CHANGEMENT,False
G0Z,VICTORIAVILLE,QC,CDP,False
G1A,QUEBEC,QC,SUCC TERMINUS,False
G1B,QUEBEC,QC,PDF BEAUPORT,False
G1C,QUEBEC,QC,PDF BEAUPORT,False
G1E,QUEBEC,QC,PDF BEAUPORT,False
G1G,QUEBEC,QC,PDF CHARLESBOURG,False
G1H,QUEBEC,QC,PDF CHARLESBOURG,False
G1J,QUEBEC,QC,PDF JOLY,False
G1K,QUEBEC,QC,PDF LEON-HARMEL 1,False
G1L,QUEBEC,QC,PDF JOLY HANGE / (*) TRANFERER - CHANGEMENT,False
G1M,QUEBEC,QC,PDF LEON-HARMEL 1,False
G1N,QUEBEC,QC,PDF GRAHAM-BELL,False
G1P,QUEBEC,QC,PDF JEAN-PERRIN,False
G1R,QUEBEC,QC,PDF GRAHAM-BELL,False
G1S,QUEBEC,QC,PDF GRAHAM-BELL,False
G1T,QUEBEC,QC,PDF GRAHAM-BELL,False
G1V,QUEBEC,QC,PDF GRAHAM-BELL,False
G1W,QUEBEC,QC,PDF LEON-HARMEL 2,False
G1X,QUEBEC,QC,PDF AUVERGNE 1,False
G1Y,QUEBEC,QC,PDF AUVERGNE 1,False
G2A,QUEBEC,QC,PDF AUVERGNE 1,False
G2B,QUEBEC,QC,PDF AUVERGNE 1,False
G2C,QUEBEC,QC,PDF JEAN-PERRIN,False
G2E,QUEBEC,QC,PDF AUVERGNE 1,False
G2G,QUEBEC,QC,PDF AUVERGNE 1,False
G2J,QUEBEC,QC,PDF LEON-HARMEL 1,False
G2K,QUEBEC,QC,PDF JEAN-PERRIN,False
G2L,QUEBEC,QC,PDF CHARLESBOURG,False
G2M,QUEBEC,QC,PDF CHARLESBOURG,False
G2N,QUEBEC,QC,PDF CHARLESBOURG,False
G3A,SAINT-AUGUSTIN-DE-DESMAURES,QC,PDF BUREAU-CHEF,False
G3B,LAC-BEAUPORT,QC,SUCC BUREAU-CHEF,False
G3C,STONEHAM-ET-TEWKESBURY,QC,SUCC BUREAU-CHEF,False
G3E,QUEBEC,QC,SUCC SAINT-EMILE,False
G3G,QUEBEC,QC,SUCC LAC-ST-CHARLES,False
G3H,PONT-ROUGE,QC,SUCC BUREAU-CHEF,False
G3J,QUEBEC,QC,SUCC VAL-BELAIR,False
G3K,QUEBEC,QC,SUCC VAL-BELAIR,False
G3L,SAINT-RAYMOND,QC,SUCC BUREAU-CHEF,False
G3M,DONNACONA,QC,SUCC BUREAU-CHEF,False
G3N,SAINT-AUGUSTIN-DE-DESMAURES,QC,PDF BUREAU-CHEF,False
G3S,QUEBEC,QC,SUCC VAL-BELAIR,False
G3Z,BAIE-SAINT-PAUL,QC,SUCC BUREAU CHEF,False
G4A,CLERMONT,QC,SUCC BUREAU-CHEF,False
G4R,SEPT-ILES,QC,PDF BUREAU-CHEF,False
G4S,SEPT-ILES,QC,PDF BUREAU-CHEF,False
G4T,CAP-AUX-MEULES,QC,SUCC PRINCIPALE,False
G4V,SAINTE-ANNE-DES-MONTS,QC,SUCC BUREAU-CHEF,False
G4W,MATANE,QC,PDF BUREAU-CHEF,False
G4X,GASPE,QC,SUCC BUREAU-CHEF,False
G4Z,BAIE-COMEAU,QC,PDF BUREAU-CHEF,False
G5A,LA MALBAIE,QC,PDF BUREAU-CHEF,False
G5B,PORT-CARTIER,QC,PDF BUREAU-CHEF,False
G5C,BAIE-COMEAU,QC,PDF BUREAU-CHEF,False
G5H,MONT-JOLI,QC,PDF BUREAU-CHEF,False
G5J,AMQUI,QC,SUCC BUREAU-CHEF,False
G5L,RIMOUSKI,QC,PDF RIMOUSKI,False
G5M,RIMOUSKI,QC,PDF RIMOUSKI,False
G5N,RIMOUSKI,QC,PDF RIMOUSKI,False
G5R,RIVIERE-DU-LOUP,QC,PDF BUREAU-CHEF,False
G5T,DEGELIS,QC,SUCC BUREAU-CHEF,False
G5V,MONTMAGNY,QC,PDF BUREAU-CHEF,False
G5X,BEAUCEVILLE,QC,SUCC BUREAU-CHEF,False
G5Y,SAINT-GEORGES,QC,PDF BUREAU-CHEF,False
G5Z,SAINT-GEORGES,QC,PDF BUREAU-CHEF,False
G6A,SAINT-GEORGES,QC,PDF BUREAU-CHEF,False
G6B,LAC-MEGANTIC,QC,PDF BUREAU-CHEF,False
G6C,LEVIS,QC,SUCC PINTENDRE,False
G6E,SAINTE-MARIE,QC,SUCC BUREAU-CHEF,False
G6G,THETFORD MINES,QC,PDF BUREAU-CHEF,False
G6H,THETFORD MINES,QC,PDF BUREAU-CHEF,False
G6J,LEVIS,QC,SUCC SAINT-JEAN,False
G6K,LEVIS,QC,SUCC SAINT-NICOLAS,False
G6L,PLESSISVILLE,QC,PDF BUREAU-CHEF,False
G6P,VICTORIAVILLE,QC,PDF BUREAU-CHEF,False
G6R,VICTORIAVILLE,QC,PDF BUREAU-CHEF,False
G6S,VICTORIAVILLE,QC,PDF BUREAU-CHEF,False
G6T,VICTORIAVILLE,QC,PDF BUREAU-CHEF,False
G6V,LEVIS,QC,PDF LEVIS,False
G6W,LEVIS,QC,PDF LEVIS,False
G6X,LEVIS,QC,PDF LEVIS,False
G6Y,LEVIS,QC,PDF LEVIS,False
G6Z,LEVIS,QC,SUCC SAINT-JEAN,False
G7A,LEVIS,QC,SUCC SAINT-NICOLAS,False
G7B,SAGUENAY CITE,QC,PDF SAGUENAY,False
G7G,SAGUENAY CITE,QC,PDF SAGUENAY,False
G7H,SAGUENAY CITE,QC,PDF SAGUENAY,False
G7J,SAGUENAY CITE,QC,PDF SAGUENAY,False
G7K,SAGUENAY CITE,QC,PDF SAGUENAY,False
G7N,SAGUENAY CITE,QC,PDF SAGUENAY,False
G7P,CHICOUTIMI,QC,SUCC DESSERTE 1-A,False
G7S,SAGUENAY CITE,QC,PDF SAGUENAY,False
G7T,SAGUENAY CITE,QC,PDF SAGUENAY,False
G7X,SAGUENAY CITE,QC,PDF SAGUENAY,False
G7Y,SAGUENAY CITE,QC,PDF SAGUENAY,False
G7Z,SAGUENAY CITE,QC,PDF SAGUENAY,False
G8A,SAGUENAY CITE,QC,PDF SAGUENAY,False
G8B,ALMA,QC,PDF BUREAU-CHEF ETION / (-***) SUPPRIMER (*) TRANSFER -,False
G8C,ALMA,QC,PDF BUREAU-CHEF,False
G8E,ALMA,QC,PDF BUREAU-CHEF,False
G8G,METABETCHOUAN-LAC-A-LA-CROIX,QC,SUCC BUREAU-CHEF,False
G8H,ROBERVAL,QC,PDF BUREAU-CHEF,False
G8J,CHICOUTIMI,QC,SUCC DESSERTE 2-A,False
G8K,SAINT-FELICIEN,QC,SUCC BUREAU-CHEF,False
G8L,DOLBEAU-MISTASSINI,QC,PDF BUREAU-CHEF,False
G8M,NORMANDIN,QC,PDF PRINCIPAL,False
G8N,HEBERTVILLE,QC,SUCC BUREAU-CHEF,False
G8P,CHIBOUGAMAU,QC,PDF BUREAU-CHEF,False
G8T,TROIS-RIVIERES,QC,PDF 2,False
G8V,TROIS-RIVIERES,QC,PDF 2,False
G8W,TROIS-RIVIERES,QC,PDF 2,False
G8Y,TROIS-RIVIERES,QC,PDF 1,False
G8Z,TROIS-RIVIERES,QC,PDF 1,False
G9A,TROIS-RIVIERES,QC,PDF 1,False
G9B,TROIS-RIVIERES,QC,PDF 1,False
G9C,TROIS-RIVIERES,QC,PDF 1,False
G9H,BECANCOUR,QC,SUCC BUREAU-CHEF,False
G9N,SHAWINIGAN,QC,PDF BUREAU-CHEF,False
G9P,SHAWINIGAN,QC,PDF BUREAU-CHEF,False
G9R,SHAWINIGAN,QC,PDF BUREAU-CHEF,False
G9T,SHAWINIGAN,QC,PDF GRAND-MERE,False
G9X,LA TUQUE,QC,PDF BUREAU-CHEF,False
H0A,MONTREAL,QC,CDP,False
H0M,OTT EXT-CORNWALL,ON,DCF,False
H1A,MONTREAL,QC,PDF PTE-AUX-TREMB 1,False
H1B,MONTREAL,QC,PDF PTE-AUX-TREMB 1,False
H1C,MONTREAL,QC,PDF PTE-AUX-TREMB 1,False
H1E,MONTREAL,QC,PDF PTE-AUX-TREMB 2,False
H1G,MONTREAL,QC,PDF PTE-AUX-TREMB 2,False
H1H,MONTREAL,QC,PDF MTL-NORD,False
H1J,MONTREAL,QC,PDF PTE-AUX-TREMB 2,False
H1K,MONTREAL,QC,PDF ANJOU,False
H1L,MONTREAL,QC,PDF PTE-AUX-TREMB 1,False
H1M,MONTREAL,QC,PDF ANJOU,False
H1N,MONTREAL,QC,PDF DE MARSEILLE 1,False
H1P,MONTREAL,QC,PDF PTE-AUX-TREMB 3,False
H1R,MONTREAL,QC,PDF PTE-AUX-TREMB 3,False
H1S,MONTREAL,QC,PDF PTE-AUX-TREMB 3,False
H1T,MONTREAL,QC,PDF PTE-AUX-TREMB 3,False
H1V,MONTREAL,QC,PDF DE MARSEILLE 2,False
H1W,MONTREAL,QC,PDF DE MARSEILLE 2,False
H1X,MONTREAL,QC,PDF DE MARSEILLE 1,False
H1Y,MONTREAL,QC,PDF DE MARSEILLE 1,False
H1Z,MONTREAL,QC,PDF SAINT-MICHEL,False
H2A,MONTREAL,QC,PDF SAINT-MICHEL,False
H2B,MONTREAL,QC,PDF MTL-NORD,False
H2C,MONTREAL,QC,PDF SAINT-MICHEL,False
H2E,MONTREAL,QC,PDF SAINT-MICHEL,False
H2G,MONTREAL,QC,PDF CHABANEL 2,False
H2H,MONTREAL,QC,PDF DE MARSEILLE 1,False
H2J,MONTREAL,QC,PDF CHABANEL 2,False
H2K,MONTREAL,QC,PDF DE MARSEILLE 2,False
H2L,MONTREAL,QC,PDF BRIDGE 2,False
H2M,MONTREAL,QC,PDF CHABANEL 1,False
H2N,MONTREAL,QC,PDF CHABANEL 1,False
H2P,MONTREAL,QC,PDF CHABANEL 1,False
H2R,MONTREAL,QC,PDF CHABANEL 1,False
H2S,MONTREAL,QC,PDF CHABANEL 1,False
H2T,MONTREAL,QC,PDF CHABANEL 2,False
H2V,MONTREAL,QC,PDF CHABANEL 2,False
H2W,MONTREAL,QC,PDF BRIDGE 2,False
H2X,MONTREAL,QC,PDF BRIDGE 2,False
H2Y,MONTREAL,QC,PDF BRIDGE 2,False
H2Z,MONTREAL,QC,PDF BRIDGE 1,False
H3A,MONTREAL,QC,PDF BRIDGE 1,False
H3B,MONTREAL,QC,PDF BRIDGE 1,False
H3C,MONTREAL,QC,PDF BRIDGE 1,False
H3E,MONTREAL,QC,PDF BRIDGE 4,False
H3G,MONTREAL,QC,PDF BRIDGE 1,False
H3H,MONTREAL,QC,PDF BRIDGE 1,False
H3J,MONTREAL,QC,PDF BRIDGE 4,False
H3K,MONTREAL,QC,PDF BRIDGE 4,False
H3L,MONTREAL,QC,PDF SAINT-MICHEL,False
H3M,MONTREAL,QC,PDF SAINT-MICHEL,False
H3N,MONTREAL,QC,PDF CHABANEL 1,False
H3P,MONTREAL,QC,PDF CHABANEL 1,False
H3R,MONTREAL,QC,PDF DEPOT OUEST 1,False
H3S,MONTREAL,QC,PDF CHABANEL 2,False
H3T,MONTREAL,QC,PDF CHABANEL 2,False
H3V,MONTREAL,QC,PDF CHABANEL 2,False
H3W,MONTREAL,QC,PDF DEPOT OUEST 2,False
H3X,MONTREAL,QC,PDF SNOWDON,False
H3Y,MONTREAL,QC,PDF BRIDGE 4,False
H3Z,MONTREAL,QC,PDF BRIDGE 4,False
H4A,MONTREAL,QC,PDF BRIDGE 5,False
H4B,MONTREAL,QC,PDF SNOWDON,False
H4C,MONTREAL,QC,PDF BRIDGE 4,False
H4E,MONTREAL,QC,PDF CHAMPLAIN 1,False
H4G,VERDUN,QC,SUCC BUREAU-CHEF,False
H4H,VERDUN,QC,SUCC BUREAU-CHEF,False
H4J,MONTREAL,QC,PDF DEPOT OUEST 2,False
H4K,MONTREAL,QC,PDF DEPOT OUEST 1,False
H4L,MONTREAL,QC,PDF DEPOT OUEST 2,False
H4M,MONTREAL,QC,PDF DEPOT OUEST 1,False
H4N,MONTREAL,QC,PDF CHABANEL 1,False
H4P,MONTREAL,QC,PDF DEPOT OUEST 2,False
H4R,MONTREAL,QC,PDF DEPOT OUEST 1,False
H4S,POINTE-CLAIRE,QC,PDF HYMUS 2,False
H4T,MONTREAL,QC,PDF DEPOT OUEST 1,False
H4V,MONTREAL,QC,PDF COTE-ST-LUC,False
H4W,MONTREAL,QC,PDF COTE-ST-LUC,False
H4X,MONTREAL,QC,PDF COTE-ST-LUC,False
H4Y,POINTE-CLAIRE,QC,PDF HYMUS 2,False
H5A,MONTREAL,QC,PDF BRIDGE 1,False
H5B,MONTREAL,QC,SUCC PL-DESJARDINS,False
H7A,LAVAL,QC,PDF MONTEREY 3,False
H7B,LAVAL,QC,PDF MONTEREY 3,False
H7C,LAVAL,QC,PDF MONTEREY 3,False
H7E,LAVAL,QC,PDF MONTEREY 3 ETION / (-***) SUPPRIMER (*) TRANSFER -,False
H7G,LAVAL,QC,PDF MONTEREY 1,False
H7H,LAVAL,QC,PDF MONTEREY 3,False
H7J,LAVAL,QC,PDF MONTEREY 3,False
H7K,LAVAL,QC,PDF MONTEREY 3,False
H7L,LAVAL,QC,PDF MONTEREY 1,False
H7M,LAVAL,QC,PDF MONTEREY 1,False
H7N,LAVAL,QC,PDF L-D-RAPIDES,False
H7P,LAVAL,QC,PDF LAVAL OUEST,False
H7R,LAVAL,QC,PDF LAVAL OUEST,False
H7S,LAVAL,QC,PDF MONTEREY 1,False
H7T,LAVAL,QC,PDF L-D-RAPIDES,False
H7V,LAVAL,QC,PDF L-D-RAPIDES,False
H7W,LAVAL,QC,PDF LAVAL OUEST,False
H7X,LAVAL,QC,PDF LAVAL OUEST,False
H7Y,LAVAL,QC,PDF LAVAL OUEST,False
H8N,MONTREAL,QC,PDF CHAMPLAIN 1,False
H8P,MONTREAL,QC,PDF CHAMPLAIN 1,False
H8R,MONTREAL,QC,PDF LASALLE,False
H8S,MONTREAL,QC,PDF LASALLE,False
H8T,POINTE-CLAIRE,QC,PDF HYMUS 2,False
H8Y,POINTE-CLAIRE,QC,PDF HYMUS 2,False
H8Z,MONTREAL,QC,PDF PIERREFONDS,False
H9A,MONTREAL,QC,PDF PIERREFONDS,False
H9B,POINTE-CLAIRE,QC,PDF HYMUS 2,False
H9C,MONTREAL,QC,PDF PIERREFONDS,False
H9E,MONTREAL,QC,PDF PIERREFONDS,False
H9G,POINTE-CLAIRE,QC,PDF HYMUS 2,False
H9H,MONTREAL,QC,PDF PIERREFONDS,False
H9J,MONTREAL,QC,PDF PIERREFONDS,False
H9K,MONTREAL,QC,PDF PIERREFONDS,False
H9P,POINTE-CLAIRE,QC,PDF HYMUS 2,False
H9R,POINTE-CLAIRE,QC,PDF HYMUS 1,False
H9S,POINTE-CLAIRE,QC,PDF HYMUS 1,False
H9W,POINTE-CLAIRE,QC,PDF HYMUS 1,False
H9X,POINTE-CLAIRE,QC,PDF HYMUS 1,False
J0A,SHERBROOKE,QC,CDP,False
J0B,SHERBROOKE,QC,CDP,False
J0C,DRUMMONDVILLE,QC,CDP,False
J0E,GRANBY,QC,CDP,False
J0G,SOREL,QC,CDP,False
J0H,ST-HYACINTHE,QC,CDP,False
J0J,ST-JEAN,QC,CDP,False
J0K,JOLIETTE,QC,CDP,False
J0L,MONTREAL #1,QC,CDP,False
J0M,MTL (NV-QC),QC,CDP,False
J0N,MONTREAL #2,QC,CDP,False
J0P,VALLEYFIELD,QC,CDP,False
J0R,SAINT-JEROME,QC,CDP,False
J0S,VALLEYFIELD,QC,CDP,False
J0T,ST-AGATHE,QC,CDP,False
J0V,SAINT-JEROME,QC,CDP,False
J0W,MONT-LAURIER,QC,CDP,False
J0X,HULL,QC,CDP,False
J0Y,VAL D'OR,QC,CDP,False
J0Z,ROUYN-NORANDA,QC,CDP,False
J1A,COATICOOK,QC,PDF BUREAU-CHEF,False
J1C,SHERBROOKE,QC,SUCC BROMPTONVILLE,False
J1E,SHERBROOKE,QC,SUCC BUREAU-CHEF HANGE / (*) TRANFERER - CHANGEMENT,False
J1G,SHERBROOKE,QC,SUCC BUREAU-CHEF,False
J1H,SHERBROOKE,QC,SUCC BUREAU-CHEF,False
J1J,SHERBROOKE,QC,SUCC BUREAU-CHEF,False
J1K,SHERBROOKE,QC,SUCC BUREAU-CHEF,False
J1L,SHERBROOKE,QC,SUCC BUREAU-CHEF,False
J1M,SHERBROOKE,QC,SUCC BUREAU-CHEF,False
J1N,SHERBROOKE,QC,SUCC BUREAU-CHEF,False
J1R,SHERBROOKE,QC,SUCC ROCK FOREST,False
J1S,WINDSOR,QC,PDF BUREAU-CHEF,False
J1T,VAL-DES-SOURCES,QC,PDF BUREAU-CHEF,False
J1X,MAGOG,QC,PDF BUREAU-CHEF,False
J1Z,SAINT-CYRILLE-DE-WENDOVER,QC,SUCC BUREAU-CHEF,False
J2A,DRUMMONDVILLE,QC,PDF BUREAU-CHEF,False
J2B,DRUMMONDVILLE,QC,PDF BUREAU-CHEF,False
J2C,DRUMMONDVILLE,QC,PDF BUREAU-CHEF,False
J2E,DRUMMONDVILLE,QC,PDF BUREAU-CHEF,False
J2G,GRANBY,QC,PDF BUREAU-CHEF,False
J2H,GRANBY,QC,PDF BUREAU-CHEF,False
J2J,GRANBY,QC,PDF BUREAU-CHEF,False
J2K,COWANSVILLE,QC,PDF BUREAU-CHEF,False
J2L,BROMONT,QC,SUCC BUREAU-CHEF,False
J2M,SHEFFORD,QC,SUCC BUREAU-CHEF,False
J2N,FARNHAM,QC,PDF BUREAU-CHEF,False
J2R,SAINT-HYACINTHE,QC,PDF BUREAU-CHEF,False
J2S,SAINT-HYACINTHE,QC,PDF BUREAU-CHEF,False
J2T,SAINT-HYACINTHE,QC,PDF BUREAU-CHEF,False
J2W,SAINT-JEAN-SUR-RICHELIEU,QC,PDF SAINT-LUC,False
J2X,SAINT-JEAN-SUR-RICHELIEU,QC,PDF BUREAU-CHEF,False
J2Y,SAINT-JEAN-SUR-RICHELIEU,QC,PDF BUREAU-CHEF,False
J3A,SAINT-JEAN-SUR-RICHELIEU,QC,PDF BUREAU-CHEF,False
J3B,SAINT-JEAN-SUR-RICHELIEU,QC,PDF BUREAU-CHEF,False
J3E,SAINTE-JULIE,QC,PDF BUREAU-CHEF,False
J3G,BELOEIL,QC,PDF BUREAU-CHEF,False
J3H,BELOEIL,QC,PDF BUREAU-CHEF,False
J3L,CHAMBLY,QC,PDF BUREAU-CHEF,False
J3M,MARIEVILLE,QC,SUCC BUREAU-CHEF,False
J3N,CHAMBLY,QC,PDF BUREAU-CHEF,False
J3P,SOREL-TRACY,QC,PDF BUREAU-CHEF,False
J3R,SOREL-TRACY,QC,PDF BUREAU-CHEF,False
J3T,NICOLET,QC,SUCC BUREAU-CHEF,False
J3V,CHAMBLY,QC,PDF BUREAU-CHEF,False
J3X,VARENNES,QC,SUCC BUREAU-CHEF,False
J3Y,SAINT-HUBERT,QC,PDF DE L'AEROPORT 1,False
J3Z,SAINT-HUBERT,QC,PDF DE L'AEROPORT 1,False
J4B,BOUCHERVILLE,QC,PDF BUREAU-CHEF,False
J4G,SAINT-HUBERT,QC,PDF DE L'AEROPORT 2,False
J4H,SAINT-HUBERT,QC,PDF DE L'AEROPORT 2,False
J4J,SAINT-HUBERT,QC,PDF DE L'AEROPORT 2,False
J4K,SAINT-HUBERT,QC,PDF DE L'AEROPORT 2,False
J4L,SAINT-HUBERT,QC,PDF DE L'AEROPORT 1,False
J4M,SAINT-HUBERT,QC,PDF DE L'AEROPORT 1,False
J4N,SAINT-HUBERT,QC,PDF DE L'AEROPORT 1,False
J4P,BROSSARD,QC,PDF BROSSARD 1,False
J4R,BROSSARD,QC,PDF BROSSARD 1,False
J4S,BROSSARD,QC,PDF BROSSARD 1,False
J4T,SAINT-HUBERT,QC,PDF DE L'AEROPORT 2,False
J4V,BROSSARD,QC,PDF BROSSARD 1,False
J4W,BROSSARD,QC,PDF BROSSARD 1,False
J4X,BROSSARD,QC,PDF BROSSARD 1,False
J4Y,BROSSARD,QC,PDF BROSSARD 1,False
J4Z,BROSSARD,QC,PDF BROSSARD 1,False
J5A,SAINT-CONSTANT,QC,PDF BUREAU-CHEF,False
J5B,DELSON,QC,SUCC BUREAU-CHEF,False
J5C,SAINTE-CATHERINE,QC,PDF BUREAU-CHEF,False
J5J,SAINT-LIN-LAURENTIDES,QC,SUCC BUREAU-CHEF,False
J5K,SAINT-JEROME,QC,PDF BUREAU-CHEF,False
J5L,SAINT-JEROME,QC,SUCC BELLEFEUILLE,False
J5M,SAINT-LIN-LAURENTIDES,QC,SUCC BUREAU-CHEF,False
J5N,SAINT-LIN-LAURENTIDES,QC,SUCC BUREAU-CHEF,False
J5R,LA PRAIRIE,QC,PDF BUREAU-CHEF,False
J5T,JOLIETTE,QC,PDF BUREAU-CHEF,False
J5V,LOUISEVILLE,QC,PDF BUREAU-CHEF,False
J5W,L'ASSOMPTION,QC,SUCC BUREAU-CHEF,False
J5X,L'EPIPHANIE,QC,SUCC BUREAU-CHEF,False
J5Y,REPENTIGNY,QC,PDF BUREAU-CHEF,False
J5Z,REPENTIGNY,QC,PDF BUREAU-CHEF,False
J6A,REPENTIGNY,QC,PDF BUREAU-CHEF,False
J6E,JOLIETTE,QC,PDF BUREAU-CHEF,False
J6J,CHATEAUGUAY,QC,SUCC BUREAU-CHEF,False
J6K,CHATEAUGUAY,QC,SUCC BUREAU-CHEF,False
J6N,CHATEAUGUAY,QC,SUCC BUREAU-CHEF,False
J6R,CHATEAUGUAY,QC,SUCC BUREAU-CHEF,False
J6S,SALABERRY-DE-VALLEYFIELD,QC,PDF BUREAU-CHEF,False
J6T,SALABERRY-DE-VALLEYFIELD,QC,PDF BUREAU-CHEF,False
J6V,REPENTIGNY,QC,PDF BUREAU-CHEF,False
J6W,TERREBONNE,QC,PDF 1,False
J6X,TERREBONNE,QC,PDF 1,False
J6Y,TERREBONNE,QC,PDF 1,False
J6Z,BOISBRIAND,QC,PDF RIVE-NORD 2 ETION / (-***) SUPPRIMER (*) TRANSFER -,False
J7A,BOISBRIAND,QC,PDF RIVE-NORD 2,False
J7B,BOISBRIAND,QC,PDF RIVE-NORD 2,False
J7C,BOISBRIAND,QC,PDF RIVE-NORD 2,False
J7E,BOISBRIAND,QC,PDF RIVE-NORD 2,False
J7G,BOISBRIAND,QC,PDF RIVE-NORD 1,False
J7H,BOISBRIAND,QC,PDF RIVE-NORD 1,False
J7J,BOISBRIAND,QC,PDF RIVE-NORD 1,False
J7K,TERREBONNE,QC,PDF 2,False
J7L,TERREBONNE,QC,PDF 2,False
J7M,TERREBONNE,QC,PDF 1,False
J7N,BOISBRIAND,QC,PDF RIVE-NORD 1,False
J7P,SAINT-EUSTACHE,QC,PDF BUREAU-CHEF,False
J7R,SAINT-EUSTACHE,QC,PDF BUREAU-CHEF,False
J7T,SAINT-LAZARE,QC,SUCC BUREAU-CHEF,False
J7V,VAUDREUIL-DORION,QC,PDF BUREAU-CHEF,False
J7W,VAUDREUIL-DORION,QC,PDF BUREAU-CHEF,False
J7X,SALABERRY-DE-VALLEYFIELD,QC,PDF BUREAU-CHEF,False
J7Y,SAINT-JEROME,QC,PDF BUREAU-CHEF,False
J7Z,SAINT-JEROME,QC,PDF BUREAU-CHEF,False
J8A,SAINT-JEROME,QC,PDF 2,False
J8B,SAINT-JEROME,QC,PDF 2,False
J8C,SAINTE-AGATHE-DES-MONTS,QC,PDF BUREAU-CHEF,False
J8E,MONT-TREMBLANT,QC,SUCC PRINCIPALE,False
J8G,BROWNSBURG-CHATHAM,QC,SUCC BUREAU-CHEF,False
J8H,LACHUTE,QC,PDF BUREAU-CHEF,False
J8L,GATINEAU,QC,PDF BUCKINGHAM,False
J8M,GATINEAU,QC,SUCC MASSON-ANGERS,False
J8N,GATINEAU,QC,PDF BUCKINGHAM,False
J8P,GATINEAU,QC,SUCC BUREAU-CHEF,False
J8R,GATINEAU,QC,SUCC BUREAU-CHEF,False
J8T,GATINEAU,QC,SUCC BUREAU-CHEF,False
J8V,GATINEAU,QC,SUCC BUREAU-CHEF,False
J8X,GATINEAU,QC,PDF HULL,False
J8Y,GATINEAU,QC,PDF HULL,False
J8Z,GATINEAU,QC,PDF HULL,False
J9A,GATINEAU,QC,PDF HULL,False
J9B,CHELSEA,QC,SUCC BUREAU-CHEF,False
J9E,MANIWAKI,QC,PDF BUREAU-CHEF,False
J9H,GATINEAU,QC,PDF AYLMER,False
J9J,GATINEAU,QC,PDF AYLMER,False
J9L,MONT-LAURIER,QC,PDF BUREAU-CHEF,False
J9P,VAL-D'OR,QC,PDF BUREAU-CHEF,False
J9T,AMOS,QC,PDF BUREAU-CHEF,False
J9V,VILLE-MARIE,QC,SUCC BUREAU-CHEF,False
J9X,ROUYN-NORANDA,QC,PDF BUREAU-CHEF HANGE / (*) TRANFERER - CHANGEMENT,False
J9Y,ROUYN-NORANDA,QC,PDF BUREAU-CHEF,False
J9Z,LA SARRE,QC,PDF BUREAU-CHEF,False
K0A,OTTAWA,ON,DCF,False
K0B,OTT EXT-HAWKESBURY,ON,DCF,False
K0C,OTT EXT-CORNWALL,ON,DCF,False
K0E,OTT EXT-BROCKVILLE,ON,DCF,False
K0G,OTT EXT-SMITHS FALLS,ON,DCF,False
K0H,TOR EXT-KINGSTON,ON,DCF,False
K0J,OTT EXT-PEMBROKE,ON,DCF,False
K0K,TOR EXT-BELLEVILLE,ON,DCF,False
K0L,TOR EXT-PETERBOROUGH,ON,DCF,False
K0M,TOR EXT-PETERBOROUGH,ON,DCF,False
K1A,OTTAWA,ON,STN FED-GOVT/GOUV,False
K1B,OTTAWA,ON,LCD LANCASTER,False
K1C,ORLEANS,ON,STN ORLEANS,False
K1E,ORLEANS,ON,STN ORLEANS,False
K1G,OTTAWA,ON,LCD LANCASTER,False
K1H,OTTAWA,ON,LCD LANCASTER,False
K1J,OTTAWA,ON,STN TERMINAL 2,False
K1K,OTTAWA,ON,STN TERMINAL 2,False
K1L,OTTAWA,ON,STN VANIER,False
K1M,OTTAWA,ON,STN VANIER,False
K1N,OTTAWA,ON,STN VANIER,False
K1P,OTTAWA,ON,LCD S. FLEMING,False
K1R,OTTAWA,ON,LCD S. FLEMING,False
K1S,OTTAWA,ON,LCD S. FLEMING,False
K1T,OTTAWA,ON,LCD COLONNADE,False
K1V,OTTAWA,ON,LCD COLONNADE,False
K1W,ORLEANS,ON,STN ORLEANS,False
K1X,OTTAWA,ON,LCD LANCASTER,False
K1Y,OTTAWA,ON,STN C,False
K1Z,OTTAWA,ON,STN C,False
K2A,OTTAWA,ON,STN J,False
K2B,OTTAWA,ON,STN J,False
K2C,OTTAWA,ON,LCD COLONNADE,False
K2E,OTTAWA,ON,LCD COLONNADE,False
K2G,OTTAWA,ON,LCD COLONNADE,False
K2H,KANATA,ON,STN KANATA,True
K2J,NEPEAN,ON,LCD N,False
K2K,KANATA,ON,STN KANATA,False
K2L,KANATA,ON,STN KANATA,False
K2M,KANATA,ON,STN KANATA,False
K2P,OTTAWA,ON,LCD S. FLEMING,False
K2R,NEPEAN,ON,LCD N,False
K2S,STITTSVILLE,ON,STN B,False
K2T,KANATA,ON,STN KANATA,False
K2V,KANATA,ON,STN KANATA,False
K2W,KANATA,ON,STN KANATA,False
K4A,ORLEANS,ON,STN ORLEANS,False
K4B,NAVAN,ON,STN MAIN,False
K4C,CUMBERLAND,ON,STN MAIN,False
K4K,ROCKLAND,ON,STN MAIN,False
K4M,MANOTICK,ON,STN MAIN,False
K4P,MANOTICK,ON,STN MAIN,False
K4R,RUSSELL,ON,STN MAIN,False
K6A,HAWKESBURY,ON,LCD MAIN,False
K6H,CORNWALL,ON,LCD 1,False
K6J,CORNWALL,ON,LCD 1,False
K6K,CORNWALL,ON,LCD 1,False
K6T,BROCKVILLE,ON,LCD MAIN,False
K6V,BROCKVILLE,ON,LCD MAIN,False
K7A,SMITHS FALLS,ON,LCD MAIN,False
K7C,CARLETON PLACE,ON,LCD MAIN,False
K7G,GANANOQUE,ON,LCD MAIN,False
K7H,PERTH,ON,STN MAIN,False
K7K,KINGSTON,ON,LCD MAIN,False
K7L,KINGSTON,ON,LCD MAIN,False
K7M,KINGSTON,ON,STN A,False
K7N,KINGSTON,ON,STN A,False
K7P,KINGSTON,ON,STN A,False
K7R,NAPANEE,ON,LCD MAIN,False
K7S,ARNPRIOR,ON,LCD MAIN,False
K7V,RENFREW,ON,LCD MAIN,False
K8A,PEMBROKE,ON,LCD MAIN,False
K8B,PEMBROKE,ON,LCD MAIN ETION / (-***) SUPPRIMER (*) TRANSFER -,False
K8H,PETAWAWA,ON,LCD MAIN,False
K8N,BELLEVILLE,ON,STN MAIN,False
K8P,BELLEVILLE,ON,STN MAIN,False
K8R,BELLEVILLE,ON,STN MAIN,False
K8V,TRENTON,ON,LCD MAIN,False
K9A,COBOURG,ON,LCD MAIN,False
K9H,PETERBOROUGH,ON,STN DELIVERY CENTRE,False
K9J,PETERBOROUGH,ON,STN DELIVERY CENTRE,False
K9K,PETERBOROUGH,ON,STN DELIVERY CENTRE,False
K9L,PETERBOROUGH,ON,STN DELIVERY CENTRE,False
K9V,LINDSAY,ON,LCD MAIN,False
L0A,TORONTO WEST # 2,ON,DCF,False
L0B,TORONTO WEST # 2,ON,DCF,False
L0C,EAST GWILLIMBURY,ON,DCF,False
L0E,EAST GWILLIMBURY,ON,DCF,False
L0G,EAST GWILLIMBURY,ON,DCF,False
L0H,TORONTO WEST # 2,ON,DCF,False
L0J,TORONTO WEST # 2,ON,DCF,False
L0K,BARRIE,ON,DCF,False
L0L,BARRIE,ON,DCF,False
L0M,BARRIE,ON,DCF,False
L0N,TORONTO WEST # 2,ON,DCF,False
L0P,TORONTO WEST # 2,ON,DCF,False
L0R,HAMILTON,ON,DCF,False
L0S,HAMILTON,ON,DCF,False
L0V,OTTAWA,ON,DCF,False
L1A,PORT HOPE,ON,LCD MAIN,False
L1B,OSHAWA,ON,STN A,False
L1C,OSHAWA,ON,STN A,False
L1E,OSHAWA,ON,STN A,False
L1G,OSHAWA,ON,STN A,False
L1H,OSHAWA,ON,STN A,False
L1J,OSHAWA,ON,STN A,False
L1K,OSHAWA,ON,STN A,False
L1L,OSHAWA,ON,STN A,False
L1M,WHITBY,ON,LCD BROOKLIN,False
L1N,AJAX,ON,LCD DELIVERY CENTRE,False
L1P,AJAX,ON,LCD DELIVERY CENTRE,False
L1R,AJAX,ON,LCD DELIVERY CENTRE,False
L1S,AJAX,ON,LCD DELIVERY CENTRE,False
L1T,AJAX,ON,LCD DELIVERY CENTRE,False
L1V,PICKERING,ON,LCD MAIN,False
L1W,PICKERING,ON,LCD MAIN,False
L1X,PICKERING,ON,LCD MAIN,False
L1Y,PICKERING,ON,LCD MAIN HANGE / (*) TRANFERER - CHANGEMENT,False
L1Z,AJAX,ON,LCD DELIVERY CENTRE,False
L2A,FORT ERIE,ON,LCD MAIN,False
L2E,NIAGARA FALLS,ON,LCD MAIN,False
L2G,NIAGARA FALLS,ON,LCD MAIN,False
L2H,NIAGARA FALLS,ON,LCD MAIN,False
L2J,NIAGARA FALLS,ON,LCD MAIN,False
L2M,ST CATHARINES,ON,STN LCD 1,False
L2N,ST CATHARINES,ON,STN LCD 1,False
L2P,ST CATHARINES,ON,LCD 2,False
L2R,ST CATHARINES,ON,LCD 2,False
L2S,ST CATHARINES,ON,LCD 2,False
L2T,ST CATHARINES,ON,LCD 2,False
L2V,ST CATHARINES,ON,LCD 2,False
L2W,ST CATHARINES,ON,STN LCD 1,False
L3B,WELLAND,ON,LCD MAIN,False
L3C,WELLAND,ON,LCD MAIN,False
L3E,FONTHILL,ON,LCD MAIN,False
L3J,BEAMSVILLE,ON,LCD MAIN,False
L3K,PORT COLBORNE,ON,LCD MAIN,False
L3L,CONCORD,ON,STN MAIN,False
L3M,GRIMSBY,ON,LCD MAIN,False
L3P,MARKHAM,ON,LCD BRODIE,False
L3R,MARKHAM,ON,LCD BRODIE,False
L3S,UNIONVILLE,ON,LCD 2,False
L3T,MARKHAM,ON,LCD BRODIE,False
L3V,ORILLIA,ON,LCD MAIN,False
L3W,ANGUS,ON,LCD MAIN,False
L3X,NEWMARKET,ON,LCD 1,False
L3Y,NEWMARKET,ON,LCD 1,False
L3Z,BRADFORD,ON,LCD MAIN,False
L4A,STOUFFVILLE,ON,LCD MAIN,False
L4B,MARKHAM,ON,LCD BRODIE,False
L4C,RICHMOND HILL,ON,STN A,False
L4E,RICHMOND HILL,ON,LCD 14,False
L4G,NEWMARKET,ON,LCD 1,False
L4H,CONCORD,ON,STN MAIN,False
L4J,THORNHILL,ON,LCD 1,False
L4K,CONCORD,ON,STN MAIN,False
L4L,CONCORD,ON,STN MAIN,False
L4M,BARRIE,ON,LCD DISTRIBUTION,False
L4N,BARRIE,ON,LCD DISTRIBUTION,False
L4P,KESWICK,ON,LCD MAIN,False
L4R,MIDLAND,ON,LCD MAIN,False
L4S,RICHMOND HILL,ON,LCD 14,False
L4T,BRAMPTON,ON,LCD SOUTH,False
L4V,BRAMPTON,ON,LCD SOUTH,False
L4W,MISSISSAUGA,ON,LCD 2,False
L4X,MISSISSAUGA,ON,LCD 2,False
L4Y,MISSISSAUGA,ON,LCD 2,False
L4Z,MISSISSAUGA,ON,LCD 5,False
L5A,MISSISSAUGA,ON,LCD 5,False
L5B,MISSISSAUGA,ON,LCD 5,False
L5C,MISSISSAUGA,ON,STN LCD 3,False
L5E,MISSISSAUGA,ON,STN PORT CREDIT,False
L5G,MISSISSAUGA,ON,STN PORT CREDIT,False
L5H,MISSISSAUGA,ON,STN PORT CREDIT,False
L5J,MISSISSAUGA,ON,STN PORT CREDIT,False
L5K,MISSISSAUGA,ON,STN LCD 3,False
L5L,MISSISSAUGA,ON,STN LCD 3,False
L5M,MISSISSAUGA,ON,LCD 4,False
L5N,MISSISSAUGA,ON,LCD 4,False
L5P,BRAMPTON,ON,LCD SOUTH,False
L5R,MISSISSAUGA,ON,LCD 5,False
L5S,BRAMPTON,ON,LCD SOUTH,False
L5T,BRAMPTON,ON,LCD SOUTH,False
L5V,MISSISSAUGA,ON,LCD 4,False
L5W,MISSISSAUGA,ON,LCD 4,False
L6A,MAPLE,ON,STN DELIVERY CENTRE,False
L6B,UNIONVILLE,ON,LCD 2,False
L6C,UNIONVILLE,ON,LCD 2,False
L6E,UNIONVILLE,ON,LCD 2,False
L6G,MARKHAM,ON,LCD BRODIE,False
L6H,OAKVILLE,ON,STN MAIN,False
L6J,OAKVILLE,ON,STN MAIN,False
L6K,OAKVILLE,ON,LCD 1,False
L6L,OAKVILLE,ON,LCD 1,False
L6M,OAKVILLE,ON,LCD 1,False
L6P,BRAMPTON,ON,LCD 4,False
L6R,BRAMPTON,ON,LCD 4,False
L6S,BRAMPTON,ON,LCD SOUTH,False
L6T,BRAMPTON,ON,LCD SOUTH,False
L6V,BRAMPTON,ON,LCD 1,False
L6W,BRAMPTON,ON,LCD SOUTH,False
L6X,BRAMPTON,ON,LCD 1,False
L6Y,BRAMPTON,ON,LCD SOUTH,False
L6Z,BRAMPTON,ON,LCD 1,False
L7A,BRAMPTON,ON,LCD 1,False
L7B,KING CITY,ON,STN MAIN,False
L7C,CALEDON,ON,STN MAIN,False
L7E,CALEDON,ON,STN MAIN ETION / (-***) SUPPRIMER (*) TRANSFER -,False
L7G,GEORGETOWN,ON,LCD MAIN,False
L7J,ACTON,ON,LCD MAIN,False
L7K,ORANGEVILLE,ON,LCD MAIN,False
L7L,BURLINGTON,ON,LCD 1,False
L7M,BURLINGTON,ON,LCD 1,False
L7N,BURLINGTON,ON,LCD 1,False
L7P,BURLINGTON,ON,LCD 1,False
L7R,BURLINGTON,ON,LCD 1,False
L7S,BURLINGTON,ON,LCD 1,False
L7T,BURLINGTON,ON,LCD 1,False
L8B,WATERDOWN,ON,STN WATERDOWN,False
L8E,STONEY CREEK,ON,STN LCD 3,False
L8G,STONEY CREEK,ON,STN LCD 3,False
L8H,STONEY CREEK,ON,STN LCD 3,False
L8J,HAMILTON,ON,STN LCD 5,False
L8K,STONEY CREEK,ON,STN LCD 3,False
L8L,HAMILTON,ON,STN LCD 1,False
L8M,HAMILTON,ON,STN LCD 1,False
L8N,HAMILTON,ON,STN LCD 1,False
L8P,HAMILTON,ON,STN LCD 1,False
L8R,HAMILTON,ON,STN LCD 1,False
L8S,HAMILTON,ON,STN LCD 1,False
L8T,HAMILTON,ON,STN LCD 5,False
L8V,HAMILTON,ON,STN LCD 5,False
L8W,HAMILTON,ON,STN LCD 5,False
L9A,HAMILTON,ON,STN LCD 5,False
L9B,HAMILTON,ON,LCD WEST,False
L9C,HAMILTON,ON,STN LCD 5,False
L9E,MILTON,ON,LCD MAIN,False
L9G,HAMILTON,ON,LCD WEST,False
L9H,HAMILTON,ON,LCD WEST,False
L9J,BARRIE,ON,LCD DISTRIBUTION,False
L9K,HAMILTON,ON,LCD WEST,False
L9L,PORT PERRY,ON,LCD MAIN,False
L9M,PENETANGUISHENE,ON,LCD MAIN,False
L9N,EAST GWILLIMBURY,ON,LCD MAIN,False
L9P,UXBRIDGE,ON,STN MAIN,False
L9R,ALLISTON,ON,LCD MAIN,False
L9S,INNISFIL,ON,LCD MAIN,False
L9T,MILTON,ON,LCD MAIN,False
L9V,SHELBURNE,ON,LCD MAIN,False
L9W,ORANGEVILLE,ON,LCD MAIN,False
L9X,BARRIE,ON,LCD DISTRIBUTION,False
L9Y,COLLINGWOOD,ON,LCD COLLINGWOOD,False
L9Z,WASAGA BEACH,ON,LCD MAIN HANGE / (*) TRANFERER - CHANGEMENT,False
M0B,TORONTO WEST # 2,ON,DCF,False
M1B,TORONTO,ON,LCD MALVERN,False
M1C,TORONTO,ON,LCD WEST HILL,False
M1E,TORONTO,ON,LCD WEST HILL,False
M1G,SCARBOROUGH,ON,LCD C,False
M1H,SCARBOROUGH,ON,LCD C,False
M1J,SCARBOROUGH,ON,LCD 11,False
M1K,SCARBOROUGH,ON,LCD 11,False
M1L,SCARBOROUGH,ON,LCD 11,False
M1M,SCARBOROUGH,ON,LCD 11,False
M1N,SCARBOROUGH,ON,LCD 11,False
M1P,SCARBOROUGH,ON,LCD D,False
M1R,SCARBOROUGH,ON,LCD D,False
M1S,TORONTO,ON,LCD AGINCOURT,False
M1T,TORONTO,ON,LCD AGINCOURT,False
M1V,TORONTO,ON,LCD AGINCOURT 4,False
M1W,SCARBOROUGH,ON,STN F,False
M1X,TORONTO,ON,LCD AGINCOURT 4,False
M2H,WILLOWDALE,ON,LCD 2,False
M2J,SCARBOROUGH,ON,STN F,False
M2K,WILLOWDALE,ON,LCD B,False
M2L,WILLOWDALE,ON,LCD L,False
M2M,WILLOWDALE,ON,LCD 2,False
M2N,WILLOWDALE,ON,LCD N,False
M2P,WILLOWDALE,ON,LCD L,False
M2R,WILLOWDALE,ON,STN D,False
M3A,TORONTO,ON,LCD DON MILLS,False
M3B,TORONTO,ON,LCD DON MILLS,False
M3C,TORONTO,ON,LCD DON MILLS,False
M3H,TORONTO,ON,LCD DOWNSVIEW A,False
M3J,TORONTO,ON,LCD DOWNSVIEW C,False
M3K,TORONTO,ON,LCD DOWNSVIEW A,False
M3L,TORONTO,ON,LCD DOWNSVIEW A,False
M3M,TORONTO,ON,LCD DOWNSVIEW A,False
M3N,TORONTO,ON,LCD DOWNSVIEW C,False
M4A,NORTH YORK,ON,STN O,False
M4B,NORTH YORK,ON,STN O,False
M4C,TORONTO,ON,STN H,False
M4E,TORONTO,ON,STN H,False
M4G,TORONTO,ON,LCD Q,True
M4H,TORONTO,ON,LCD Q,True
M4J,TORONTO,ON,STN J,False
M4K,TORONTO,ON,STN J,False
M4L,TORONTO,ON,STN G,False
M4M,TORONTO,ON,STN G,False
M4N,TORONTO,ON,LCD K,False
M4P,TORONTO,ON,LCD K,False
M4R,TORONTO,ON,LCD K,False
M4S,TORONTO,ON,LCD Q,False
M4T,TORONTO,ON,LCD Q,False
M4V,TORONTO,ON,LCD Q,False
M4W,TORONTO,ON,LCD F,False
M4X,TORONTO,ON,LCD ADELAIDE,False
M4Y,TORONTO,ON,LCD CHARLES ST,False
M5A,TORONTO,ON,LCD ADELAIDE,False
M5B,TORONTO,ON,LCD 1,False
M5C,TORONTO,ON,LCD 1,False
M5E,TORONTO,ON,LCD 1,False
M5G,TORONTO,ON,LCD 1,False
M5H,TORONTO,ON,LCD 1,False
M5J,TORONTO,ON,LCD 1,False
M5K,TORONTO,ON,STN TORONTO DOM,False
M5L,TORONTO,ON,STN COMMERCE COURT,False
M5M,TORONTO,ON,LCD K,True
M5N,TORONTO,ON,LCD K,True
M5P,TORONTO,ON,LCD K,True
M5R,TORONTO,ON,LCD P,False
M5S,TORONTO,ON,LCD P,False
M5T,TORONTO,ON,LCD B,False
M5V,TORONTO,ON,LCD B,False
M5W,TORONTO,ON,STN A,False
M5X,TORONTO,ON,STN 1ST CAN PLACE ETION / (-***) SUPPRIMER (*) TRANSFER -,False
M6A,TORONTO,ON,STN T,False
M6B,TORONTO,ON,STN T,False
M6C,TORONTO,ON,STN L,False
M6E,TORONTO,ON,STN L,False
M6G,TORONTO,ON,LCD E,False
M6H,TORONTO,ON,LCD E,False
M6J,TORONTO,ON,LCD C,False
M6K,TORONTO,ON,LCD C,False
M6L,NORTH YORK,ON,STN W,False
M6M,NORTH YORK,ON,STN W,False
M6N,TORONTO,ON,STN L,False
M6P,TORONTO,ON,LCD 3,False
M6R,TORONTO,ON,LCD 5,True
M6S,TORONTO,ON,LCD 3,False
M7A,TORONTO,ON,STN PROVINCIAL GOVT,False
M7R,MISSISSAUGA,ON,STN GATEWAY CR,False
M7Y,TORONTO,ON,STN BRM B,False
M8V,ETOBICOKE,ON,LCD SOUTH,True
M8W,ETOBICOKE,ON,LCD SOUTH,True
M8X,ETOBICOKE,ON,LCD CENTRAL,True
M8Y,ETOBICOKE,ON,LCD SOUTH,True
M8Z,ETOBICOKE,ON,LCD SOUTH,True
M9A,ETOBICOKE,ON,LCD CENTRAL,True
M9B,ETOBICOKE,ON,LCD CENTRAL,True
M9C,ETOBICOKE,ON,LCD CENTRAL,True
M9L,TORONTO,ON,LCD WESTON B,False
M9M,TORONTO,ON,LCD WESTON B,False
M9N,YORK,ON,STN WESTON A,False
M9P,YORK,ON,STN WESTON A,False
M9R,YORK,ON,STN WESTON A,False
M9V,ETOBICOKE,ON,LCD NORTH,False
M9W,ETOBICOKE,ON,LCD NORTH,False
N0A,HAMILTON,ON,DCF,False
N0B,KITCHENER,ON,DCF,False
N0C,OWEN SOUND,ON,DCF,False
N0E,HAMILTON,ON,DCF,False
N0G,KITCHENER,ON,DCF,False
N0H,OWEN SOUND,ON,DCF,False
N0J,LONDON,ON,DCF,False
N0K,LONDON,ON,DCF,False
N0L,LONDON,ON,DCF,False
N0M,LONDON,ON,DCF,False
N0N,LONDON,ON,DCF,False
N0P,LONDON,ON,DCF,False
N0R,WINDSOR,ON,DCF,False
N1A,DUNNVILLE,ON,LCD MAIN,False
N1C,GUELPH,ON,LCD ROYAL CITY MAIL,False
N1E,GUELPH,ON,LCD ROYAL CITY MAIL,False
N1G,GUELPH,ON,LCD ROYAL CITY MAIL,False
N1H,GUELPH,ON,LCD ROYAL CITY MAIL,False
N1K,GUELPH,ON,LCD ROYAL CITY MAIL,False
N1L,GUELPH,ON,LCD ROYAL CITY MAIL HANGE / (*) TRANFERER - CHANGEMENT,False
N1M,FERGUS,ON,LCD MAIN,False
N1P,KITCHENER,ON,LCD GALT,False
N1R,KITCHENER,ON,LCD GALT,False
N1S,KITCHENER,ON,LCD GALT,False
N1T,KITCHENER,ON,LCD GALT,False
N2A,KITCHENER,ON,LCD DEL CTR,False
N2B,KITCHENER,ON,LCD DEL CTR,False
N2C,KITCHENER,ON,LCD DEL CTR,False
N2E,KITCHENER,ON,LCD DEL CTR,False
N2G,KITCHENER,ON,LCD DEL CTR,False
N2H,KITCHENER,ON,LCD DEL CTR,False
N2J,KITCHENER,ON,LCD WATERLOO,False
N2K,KITCHENER,ON,LCD WATERLOO,False
N2L,KITCHENER,ON,LCD WATERLOO,False
N2M,KITCHENER,ON,LCD DEL CTR,False
N2N,KITCHENER,ON,LCD DEL CTR,False
N2P,KITCHENER,ON,LCD DEL CTR,False
N2R,KITCHENER,ON,LCD DEL CTR,False
N2T,KITCHENER,ON,LCD WATERLOO,False
N2V,KITCHENER,ON,LCD WATERLOO,False
N2Z,KINCARDINE,ON,STN MAIN,False
N3A,NEW HAMBURG,ON,STN MAIN,False
N3B,ELMIRA,ON,LCD MAIN,False
N3C,KITCHENER,ON,LCD PRESTON,False
N3E,KITCHENER,ON,LCD PRESTON,False
N3H,KITCHENER,ON,LCD PRESTON,False
N3L,BRANTFORD,ON,LCD MAIN,False
N3P,BRANTFORD,ON,LCD MAIN,False
N3R,BRANTFORD,ON,LCD MAIN,False
N3S,BRANTFORD,ON,LCD MAIN,False
N3T,BRANTFORD,ON,LCD MAIN,False
N3V,BRANTFORD,ON,LCD MAIN,False
N3W,CALEDONIA,ON,STN MAIN,False
N3Y,SIMCOE,ON,LCD MAIN,False
N4B,DELHI,ON,LCD MAIN,False
N4G,TILLSONBURG,ON,LCD MAIN,False
N4K,OWEN SOUND,ON,LCD MAIN,False
N4L,MEAFORD,ON,STN MAIN,False
N4N,HANOVER,ON,LCD MAIN,False
N4S,WOODSTOCK,ON,LCD MAIN,False
N4T,WOODSTOCK,ON,LCD MAIN,False
N4V,WOODSTOCK,ON,LCD MAIN,False
N4W,LISTOWEL,ON,LCD MAIN,False
N4X,ST MARYS,ON,STN MAIN,False
N4Z,STRATFORD,ON,LCD MAIN,False
N5A,STRATFORD,ON,LCD MAIN,False
N5C,INGERSOLL,ON,LCD MAIN,False
N5H,AYLMER,ON,LCD MAIN,False
N5L,PORT STANLEY,ON,STN MAIN,False
N5P,ST THOMAS,ON,LCD MAIN,False
N5R,ST THOMAS,ON,LCD MAIN,False
N5V,LONDON,ON,LCD 1,False
N5W,LONDON,ON,LCD 1,False
N5X,LONDON,ON,LCD 1,False
N5Y,LONDON,ON,LCD 1,False
N5Z,LONDON,ON,LCD 1,False
N6A,LONDON,ON,LCD 6,False
N6B,LONDON,ON,LCD 6,False
N6C,LONDON,ON,LCD 5,False
N6E,LONDON,ON,LCD 5,False
N6G,LONDON,ON,LCD 4,False
N6H,LONDON,ON,LCD 4,False
N6J,LONDON,ON,LCD 6,False
N6K,LONDON,ON,LCD 6,False
N6L,LONDON,ON,LCD 5,False
N6M,LONDON,ON,LCD 1,False
N6N,LONDON,ON,LCD 5,False
N6P,LONDON,ON,STN LAMBETH,False
N7A,GODERICH,ON,LCD MAIN,False
N7G,STRATHROY,ON,LCD MAIN,False
N7L,CHATHAM,ON,LCD MAIN,False
N7M,CHATHAM,ON,LCD MAIN,False
N7S,SARNIA,ON,LCD MAIN,False
N7T,SARNIA,ON,LCD MAIN,False
N7V,SARNIA,ON,LCD MAIN,False
N7W,SARNIA,ON,LCD MAIN,False
N7X,SARNIA,ON,LCD MAIN,False
N8A,WALLACEBURG,ON,LCD MAIN,False
N8H,LEAMINGTON,ON,LCD MAIN,False
N8L,BELLE RIVER,ON,LCD MAIN,False
N8M,ESSEX,ON,LCD MAIN,False
N8N,WINDSOR,ON,LCD TECUMSEH,False
N8P,WINDSOR,ON,LCD TECUMSEH,False
N8R,WINDSOR,ON,LCD EAST,False
N8S,WINDSOR,ON,LCD EAST,False
N8T,WINDSOR,ON,LCD EAST,False
N8V,WINDSOR,ON,LCD EAST,False
N8W,WINDSOR,ON,LCD EAST,False
N8X,WINDSOR,ON,LCD WEST,False
N8Y,WINDSOR,ON,LCD EAST ETION / (-***) SUPPRIMER (*) TRANSFER -,False
N9A,WINDSOR,ON,LCD WEST,False
N9B,WINDSOR,ON,LCD WEST,False
N9C,WINDSOR,ON,LCD WEST,False
N9E,WINDSOR,ON,LCD WEST,False
N9G,WINDSOR,ON,LCD EAST,False
N9H,WINDSOR,ON,LCD EAST,False
N9J,WINDSOR,ON,LCD WEST,False
N9K,WINDSOR,ON,LCD TECUMSEH,False
N9V,AMHERSTBURG,ON,LCD MAIN,False
N9Y,KINGSVILLE,ON,LCD MAIN,False
P0A,BARRIE,ON,DCF,False
P0B,BARRIE,ON,DCF,False
P0C,BARRIE,ON,DCF,False
P0E,BARRIE,ON,DCF,False
P0G,BARRIE,ON,DCF,False
P0H,NORTH BAY,ON,DCF,False
P0J,SUDBURY,ON,DCF,False
P0K,SUDBURY,ON,DCF,False
P0L,TIMMINS,ON,DCF,False
P0M,SUDBURY,ON,DCF,False
P0N,TIMMINS,ON,DCF,False
P0P,SUDBURY,ON,DCF,False
P0R,SUDBURY,ON,DCF,False
P0S,SAULT STE. MARIE,ON,DCF,False
P0T,THUNDER BAY,ON,DCF,False
P0V,DRYDEN,ON,DCF,False
P0W,DRYDEN,ON,DCF,False
P0X,DRYDEN,ON,DCF,False
P0Y,WINNIPEG # 2,MB,DCF,False
P1A,NORTH BAY,ON,LCD MAIN,False
P1B,NORTH BAY,ON,LCD MAIN,False
P1C,NORTH BAY,ON,LCD MAIN,False
P1H,HUNTSVILLE,ON,STN MAIN,False
P1L,BRACEBRIDGE,ON,LCD MAIN,False
P1P,GRAVENHURST,ON,STN MAIN,False
P2A,PARRY SOUND,ON,LCD MAIN,False
P2B,STURGEON FALLS,ON,STN MAIN,False
P2N,KIRKLAND LAKE,ON,LCD MAIN,False
P3A,SUDBURY,ON,LCD MAIN,False
P3B,SUDBURY,ON,LCD MAIN,False
P3C,SUDBURY,ON,LCD MAIN,False
P3E,SUDBURY,ON,LCD MAIN,False
P3G,SUDBURY,ON,LCD MAIN,False
P3L,GARSON,ON,STN MAIN,False
P3N,VAL CARON,ON,STN MAIN,False
P3P,HANMER,ON,STN MAIN HANGE / (*) TRANFERER - CHANGEMENT,False
P3Y,LIVELY,ON,STN MAIN,False
P4N,TIMMINS,ON,LCD MAIN,False
P4P,TIMMINS,ON,LCD MAIN,False
P4R,TIMMINS,ON,LCD MAIN,False
P5A,ELLIOT LAKE,ON,LCD MAIN,False
P5E,ESPANOLA,ON,STN MAIN,False
P5N,KAPUSKASING,ON,LCD MAIN,False
P6A,SAULT STE. MARIE,ON,LCD MAIN,False
P6B,SAULT STE. MARIE,ON,LCD MAIN,False
P6C,SAULT STE. MARIE,ON,LCD MAIN,False
P7A,THUNDER BAY,ON,LCD MAIN,False
P7B,THUNDER BAY,ON,LCD MAIN,False
P7C,THUNDER BAY,ON,LCD MAIN,False
P7E,THUNDER BAY,ON,LCD MAIN,False
P7G,THUNDER BAY,ON,LCD MAIN,False
P7J,THUNDER BAY,ON,LCD MAIN,False
P7K,THUNDER BAY,ON,LCD MAIN,False
P7L,THUNDER BAY,ON,LCD MAIN,False
P8N,DRYDEN,ON,LCD MAIN,False
P8T,SIOUX LOOKOUT,ON,STN MAIN,False
P9A,FORT FRANCES,ON,LCD MAIN,False
P9N,KENORA,ON,LCD MAIN,False
R0A,WINNIPEG # 5,MB,DCF,False
R0B,WINNIPEG # 4,MB,DCF,False
R0C,WINNIPEG # 1,MB,DCF,False
R0E,WINNIPEG # 2,MB,DCF,False
R0G,WINNIPEG # 3,MB,DCF,False
R0H,WINNIPEG # 6,MB,DCF,False
R0J,WINNIPEG # 8,MB,DCF,False
R0K,WINNIPEG # 7,MB,DCF,False
R0L,WINNIPEG # 9,MB,DCF,False
R0M,WINNIPEG # 10,MB,DCF,False
R1A,SELKIRK,MB,LCD MAIN,False
R1B,SELKIRK,MB,LCD MAIN,False
R1C,WINNIPEG,MB,LCD NORTHEAST 4,False
R1N,PORTAGE LA PRAIRIE,MB,LCD MAIN,False
R2C,WINNIPEG,MB,LCD NORTHEAST 5,False
R2E,WINNIPEG,MB,LCD NORTHEAST 4,False
R2G,WINNIPEG,MB,LCD NORTHEAST 4,False
R2H,WINNIPEG,MB,LCD 1,False
R2J,WINNIPEG,MB,LCD NORTHEAST 5,False
R2K,WINNIPEG,MB,LCD NORTHEAST 4,False
R2L,WINNIPEG,MB,LCD NORTHEAST 4,False
R2M,WINNIPEG,MB,LCD 1,False
R2N,WINNIPEG,MB,LCD SOUTH WEST 6,False
R2P,WINNIPEG,MB,LCD CHURCH,False
R2R,WINNIPEG,MB,LCD CHURCH,False
R2V,WINNIPEG,MB,LCD CHURCH,False
R2W,WINNIPEG,MB,LCD CHURCH,False
R2X,WINNIPEG,MB,LCD CHURCH,False
R2Y,WINNIPEG,MB,LCD MORAY,False
R3A,WINNIPEG,MB,LCD 1,False
R3B,WINNIPEG,MB,LCD 1,False
R3C,WINNIPEG,MB,LCD 1,False
R3E,WINNIPEG,MB,LCD CHURCH,False
R3G,WINNIPEG,MB,LCD 1,False
R3H,WINNIPEG,MB,LCD CHURCH,False
R3J,WINNIPEG,MB,LCD MORAY,False
R3K,WINNIPEG,MB,LCD MORAY,False
R3L,WINNIPEG,MB,LCD SOUTH WEST 2,False
R3M,WINNIPEG,MB,LCD SOUTH WEST 2,False
R3N,WINNIPEG,MB,LCD SOUTH WEST 2,False
R3P,WINNIPEG,MB,LCD SOUTH WEST 2,False
R3R,WINNIPEG,MB,LCD SOUTH WEST 1,False
R3S,WINNIPEG,MB,LCD SOUTH WEST 1,False
R3T,WINNIPEG,MB,LCD SOUTH WEST 3,False
R3V,WINNIPEG,MB,LCD SOUTH WEST 3,False
R3W,WINNIPEG,MB,LCD NORTHEAST 5,False
R3X,WINNIPEG,MB,LCD NORTHEAST 7,False
R3Y,WINNIPEG,MB,LCD SOUTH WEST 1,False
R4A,WINNIPEG,MB,LCD CHURCH,False
R4B,WINNIPEG,MB,LCD CHURCH,False
R4G,WINNIPEG,MB,LCD SOUTH WEST 3,False
R4H,WINNIPEG,MB,LCD MORAY,False
R4J,WINNIPEG,MB,LCD MORAY,False
R4K,WINNIPEG,MB,LCD MORAY,False
R4L,WINNIPEG,MB,LCD MORAY ETION / (-***) SUPPRIMER (*) TRANSFER -,False
R5A,WINNIPEG,MB,LCD NORTHEAST 7,False
R5G,STEINBACH,MB,STN MAIN,False
R5H,STE ANNE,MB,STN MAIN,False
R5J,STEINBACH,MB,STN DELIVERY CTR,False
R5K,DUGALD,MB,STN MAIN,False
R5L,DUGALD,MB,STN MAIN,False
R5M,DUGALD,MB,STN MAIN,False
R5N,DUGALD,MB,STN MAIN,False
R5P,DUGALD,MB,STN MAIN,False
R5R,WINNIPEG,MB,LCD NORTHEAST 5,False
R5T,WINNIPEG,MB,LCD NORTHEAST 5,False
R6M,MORDEN,MB,STN MAIN,False
R6P,MORDEN,MB,STN MAIN,False
R6T,MORDEN,MB,STN MAIN,False
R6W,WINKLER,MB,STN MAIN,False
R7A,BRANDON,MB,LCD MAIN,False
R7B,BRANDON,MB,LCD MAIN,False
R7C,BRANDON,MB,LCD MAIN,False
R7N,DAUPHIN,MB,LCD MAIN,False
R8A,FLIN FLON,MB,LCD MAIN,False
R8N,THOMPSON,MB,LCD MAIN,False
R9A,THE PAS,MB,STN MAIN,False
S0A,REGINA # 4,SK,DCF,False
S0C,REGINA # 3,SK,DCF,False
S0E,SASKATOON # 5,SK,DCF,False
S0G,REGINA # 1,SK,DCF,False
S0H,REGINA # 2,SK,DCF,False
S0J,SASKATOON # 4,SK,DCF,False
S0K,SASKATOON # 1,SK,DCF,False
S0L,SASKATOON # 2,SK,DCF,False
S0M,SASKATOON # 3,SK,DCF,False
S0N,REG EXT-SWIFT CURRENT,SK,DCF,False
S0P,WINNIPEG # 4,MB,DCF,False
S2V,BUENA VISTA,SK,STN MAIN,False
S3N,YORKTON,SK,STN MAIN,False
S4A,ESTEVAN,SK,LCD MAIN,False
S4H,WEYBURN,SK,LCD MAIN,False
S4K,REGINA,SK,LCD MAIN,False
S4L,REGINA,SK,LCD 1,False
S4M,REGINA,SK,LCD MAIN,False
S4N,REGINA,SK,LCD 1 HANGE / (*) TRANFERER - CHANGEMENT,False
S4P,REGINA,SK,LCD MAIN,False
S4R,REGINA,SK,LCD 2,False
S4S,REGINA,SK,LCD 1,False
S4T,REGINA,SK,LCD 2,False
S4V,REGINA,SK,LCD 1,False
S4W,REGINA,SK,LCD 1,False
S4X,REGINA,SK,LCD 2,False
S4Y,REGINA,SK,LCD 1,False
S4Z,REGINA,SK,LCD 1,False
S6H,MOOSE JAW,SK,LCD MAIN,False
S6J,MOOSE JAW,SK,LCD MAIN,False
S6K,MOOSE JAW,SK,LCD MAIN,False
S6V,PRINCE ALBERT,SK,STN MPP,False
S6W,PRINCE ALBERT,SK,STN MPP,False
S6X,PRINCE ALBERT,SK,STN MPP,False
S7A,SASKATOON,SK,LCD MAIN,False
S7B,SASKATOON,SK,LCD MAIN,False
S7C,SASKATOON,SK,LCD 1,False
S7H,SASKATOON,SK,LCD 1,False
S7J,SASKATOON,SK,LCD 1,False
S7K,SASKATOON,SK,LCD MAIN,False
S7L,SASKATOON,SK,LCD 2,False
S7M,SASKATOON,SK,LCD 2,False
S7N,SASKATOON,SK,LCD 1,False
S7P,SASKATOON,SK,LCD 1,False
S7R,SASKATOON,SK,LCD 2,False
S7S,SASKATOON,SK,LCD 1,False
S7T,SASKATOON,SK,LCD 4,False
S7V,SASKATOON,SK,LCD 1,False
S7W,SASKATOON,SK,LCD 1,False
S9A,NORTH BATTLEFORD,SK,LCD MAIN,False
S9H,SWIFT CURRENT,SK,LCD MAIN,False
S9V,LLOYDMINSTER,SK,LCD MAIN,False
S9X,MEADOW LAKE,SK,STN MAIN,False
T0A,EDMONTON # 1,AB,DCF,False
T0B,EDMONTON # 2,AB,DCF,False
T0C,EDMONTON # 6,AB,DCF,False
T0E,EDMONTON # 3,AB,DCF,False
T0G,EDMONTON # 4,AB,DCF,False
T0H,GRANDE PRAIRIE,AB,DCF,False
T0J,CALGARY # 3,AB,DCF,False
T0K,LETHBRIDGE,AB,DCF,False
T0L,CALGARY # 2,AB,DCF,False
T0M,CALGARY,AB,DCF,False
T0N,EDMONTON,AB,DCF,False
T0P,EDMONTON # 7,AB,DCF,False
T0T,EDMONTON,AB,DCF,False
T0V,EDMONTON,AB,DCF,False
T1A,MEDICINE HAT,AB,LCD 1,False
T1B,MEDICINE HAT,AB,LCD 1,False
T1C,MEDICINE HAT,AB,LCD 1,False
T1G,TABER,AB,STN MAIN,False
T1H,LETHBRIDGE,AB,LCD MAIN,False
T1J,LETHBRIDGE,AB,LCD MAIN,False
T1K,LETHBRIDGE,AB,LCD MAIN,False
T1L,BANFF,AB,STN MAIN,False
T1M,COALDALE,AB,STN MAIN,False
T1P,STRATHMORE,AB,STN MAIN,False
T1R,BROOKS,AB,STN MAIN,False
T1S,OKOTOKS,AB,STN MAIN,False
T1V,HIGH RIVER,AB,STN MAIN,False
T1W,CANMORE,AB,STN MAIN,False
T1X,CALGARY,AB,LCD 7,False
T1Y,CALGARY,AB,LCD 6,True
T1Z,CALGARY,AB,LCD 7,False
T2A,CALGARY,AB,LCD 6,False
T2B,CALGARY,AB,LCD 6,False
T2C,CALGARY,AB,LCD 17,False
T2E,CALGARY,AB,LCD 6,True
T2G,CALGARY,AB,LCD 6,False
T2H,CALGARY,AB,LCD 3,False
T2J,CALGARY,AB,LCD 17,False
T2K,CALGARY,AB,LCD 10,False
T2L,CALGARY,AB,LCD 10,False
T2M,CALGARY,AB,LCD 10,True
T2N,CALGARY,AB,LCD 10,True
T2P,CALGARY,AB,LCD 1,False
T2R,CALGARY,AB,LCD 1,False
T2S,CALGARY,AB,LCD 3,False
T2T,CALGARY,AB,LCD 3,False
T2V,CALGARY,AB,LCD 3,False
T2W,CALGARY,AB,LCD 17,False
T2X,CALGARY,AB,LCD 18,False
T2Y,CALGARY,AB,LCD 18,False
T2Z,CALGARY,AB,LCD 19,False
T3A,CALGARY,AB,LCD 16,False
T3B,CALGARY,AB,LCD 4,False
T3C,CALGARY,AB,LCD 4 ETION / (-***) SUPPRIMER (*) TRANSFER -,False
T3E,CALGARY,AB,LCD 3,False
T3G,CALGARY,AB,LCD 16,False
T3H,CALGARY,AB,LCD 4,False
T3J,CALGARY,AB,LCD 7,False
T3K,CALGARY,AB,LCD 16,False
T3L,CALGARY,AB,LCD 4,False
T3M,CALGARY,AB,LCD 19,False
T3N,CALGARY,AB,LCD 7,False
T3P,CALGARY,AB,LCD 16,False
T3R,CALGARY,AB,LCD 16,False
T3S,CALGARY,AB,LCD 19,False
T3T,CALGARY,AB,LCD 18,False
T3Z,CALGARY,AB,LCD 4,False
T4A,AIRDRIE,AB,LCD MAIN,False
T4B,AIRDRIE,AB,LCD MAIN,False
T4C,COCHRANE,AB,LCD MAIN,False
T4E,RED DEER,AB,LCD 1,False
T4G,INNISFAIL,AB,STN MAIN,False
T4H,OLDS,AB,STN MAIN,False
T4J,PONOKA,AB,STN MAIN,False
T4K,STETTLER,AB,LCD MAIN,False
T4L,LACOMBE,AB,STN MAIN,False
T4M,BLACKFALDS,AB,LCD MAIN,False
T4N,RED DEER,AB,LCD 1,False
T4P,RED DEER,AB,LCD 1,False
T4R,RED DEER,AB,LCD 1,False
T4S,RED DEER,AB,LCD 1,False
T4T,ROCKY MOUNTAIN HOUSE,AB,STN MAIN,False
T4V,CAMROSE,AB,LCD MAIN,False
T4X,NISKU,AB,LCD MAIN,False
T5A,EDMONTON,AB,LCD DELTON,False
T5B,EDMONTON,AB,LCD 1,False
T5C,EDMONTON,AB,LCD DELTON,False
T5E,EDMONTON,AB,LCD DELTON,False
T5G,EDMONTON,AB,LCD 1,False
T5H,EDMONTON,AB,LCD 1,False
T5J,EDMONTON,AB,LCD 1,False
T5K,EDMONTON,AB,LCD 1,False
T5L,EDMONTON,AB,LCD 2,False
T5M,EDMONTON,AB,LCD 2,False
T5N,EDMONTON,AB,LCD 2,False
T5P,EDMONTON,AB,LCD 6,False
T5R,EDMONTON,AB,LCD 6,False
T5S,EDMONTON,AB,LCD 6,False
T5T,EDMONTON,AB,LCD 6 HANGE / (*) TRANFERER - CHANGEMENT,False
T5V,EDMONTON,AB,LCD 6,False
T5W,EDMONTON,AB,LCD 1,False
T5X,EDMONTON,AB,LCD DELTON,False
T5Y,EDMONTON,AB,LCD DELTON,False
T5Z,EDMONTON,AB,LCD DELTON,False
T6A,EDMONTON,AB,LCD 3,False
T6B,EDMONTON,AB,LCD 3,False
T6C,EDMONTON,AB,LCD 3,False
T6E,EDMONTON,AB,LCD 9,False
T6G,EDMONTON,AB,LCD 9,False
T6H,EDMONTON,AB,LCD 9,False
T6J,EDMONTON,AB,LCD 8,False
T6K,EDMONTON,AB,LCD 4,False
T6L,EDMONTON,AB,LCD 4,False
T6M,EDMONTON,AB,LCD 6,False
T6N,EDMONTON,AB,LCD 4,False
T6P,EDMONTON,AB,LCD 3,False
T6R,EDMONTON,AB,LCD 9,False
T6S,EDMONTON,AB,LCD 3,False
T6T,EDMONTON,AB,LCD 4,False
T6V,EDMONTON,AB,LCD 2,False
T6W,EDMONTON,AB,LCD 8,False
T6X,EDMONTON,AB,LCD 4,False
T6Y,EDMONTON,AB,LCD 6,False
T7A,DRAYTON VALLEY,AB,STN MAIN,False
T7E,EDSON,AB,STN MAIN,False
T7N,BARRHEAD,AB,STN MAIN,False
T7P,WESTLOCK,AB,STN MAIN,False
T7S,WHITECOURT,AB,STN MAIN,False
T7V,HINTON,AB,STN MAIN,False
T7X,SPRUCE GROVE,AB,LCD MAIN,False
T7Y,STONY PLAIN,AB,LCD STONY PLAIN,False
T7Z,STONY PLAIN,AB,LCD STONY PLAIN,False
T8A,SHERWOOD PARK,AB,LCD MAIN,False
T8B,SHERWOOD PARK,AB,LCD MAIN,False
T8C,SHERWOOD PARK,AB,LCD MAIN,False
T8E,SHERWOOD PARK,AB,LCD MAIN,False
T8G,SHERWOOD PARK,AB,LCD MAIN,False
T8H,SHERWOOD PARK,AB,LCD MAIN,False
T8L,FORT SASKATCHEWAN,AB,LCD MAIN,False
T8N,ST. ALBERT,AB,LCD MAIN,False
T8R,MORINVILLE,AB,STN MAIN,False
T8S,PEACE RIVER,AB,STN MAIN,False
T8T,ST. ALBERT,AB,LCD MAIN,False
T8V,GRANDE PRAIRIE,AB,LCD MAIN,False
T8W,GRANDE PRAIRIE,AB,LCD MAIN,False
T8X,GRANDE PRAIRIE,AB,LCD MAIN,False
T9A,WETASKIWIN,AB,LCD MAIN,False
T9C,VEGREVILLE,AB,STN MAIN,False
T9E,NISKU,AB,LCD MAIN,False
T9G,DEVON,AB,STN MAIN,False
T9H,FORT MCMURRAY,AB,LCD MAIN,False
T9J,FORT MCMURRAY,AB,LCD MAIN,False
T9K,FORT MCMURRAY,AB,LCD MAIN,False
T9M,COLD LAKE,AB,STN MAIN,False
T9N,BONNYVILLE,AB,STN MAIN,False
T9S,ATHABASCA,AB,STN MAIN,False
T9V,LLOYDMINSTER,SK,LCD MAIN,False
T9W,WAINWRIGHT,AB,STN MAIN,False
T9X,VERMILION,AB,STN MAIN,False
V0A,KAMLOOPS,BC,DCF,False
V0B,CRANBROOK,BC,DCF,False
V0C,DAWSON CREEK,BC,DCF,False
V0E,KAMLOOPS,BC,DCF,False
V0G,CASTLEGAR,BC,DCF,False
V0H,OKANAGAN VALLEY,BC,DCF,False
V0J,PRINCE GEORGE,BC,DCF,False
V0K,KAMLOOPS,BC,DCF,False
V0L,WILLIAMS LAKE,BC,DCF,False
V0M,VANCOUVER # 2,BC,DCF,False
V0N,VANCOUVER # 1,BC,DCF,False
V0P,CAMPBELL RIVER,BC,DCF,False
V0R,VICTORIA,BC,DCF HANGE / (*) TRANFERER - CHANGEMENT,False
V0S,VICTORIA,BC,DCF,False
V0T,VANCOUVER # 1,BC,DCF,False
V0V,PRINCE RUPERT,BC,DCF,False
V0W,WHITEHORSE,YT,DCF,False
V0X,VANCOUVER # 2,BC,DCF,False
V1A,KIMBERLEY,BC,LCD MAIN,False
V1B,VERNON,BC,LCD MAIN,False
V1C,CRANBROOK,BC,LCD MAIN,False
V1E,SALMON ARM,BC,STN MAIN,False
V1G,DAWSON CREEK,BC,STN LCD,False
V1H,VERNON,BC,LCD MAIN,False
V1J,FORT ST. JOHN,BC,LCD MAIN,False
V1K,MERRITT,BC,STN MAIN,False
V1L,NELSON,BC,LCD MAIN,False
V1M,LANGLEY,BC,LCD 2 LOGAN,False
V1N,CASTLEGAR,BC,LCD MAIN ETION / (-***) SUPPRIMER (*) TRANSFER -,False
V1P,KELOWNA,BC,STN RUTLAND,False
V1R,TRAIL,BC,LCD MAIN,False
V1S,KAMLOOPS,BC,STN DELIVERY CENTRE,False
V1T,VERNON,BC,LCD MAIN,False
V1V,KELOWNA,BC,STN OKANAGAN DC,False
V1W,KELOWNA,BC,STN OKANAGAN DC,False
V1X,KELOWNA,BC,STN RUTLAND,False
V1Y,KELOWNA,BC,STN OKANAGAN DC,False
V1Z,KELOWNA,BC,STN OKANAGAN DC,False
V2A,PENTICTON,BC,LCD MAIN,False
V2B,KAMLOOPS,BC,STN DELIVERY CENTRE,False
V2C,KAMLOOPS,BC,STN DELIVERY CENTRE,False
V2E,KAMLOOPS,BC,STN DELIVERY CENTRE,False
V2G,WILLIAMS LAKE,BC,LCD MAIN,False
V2H,KAMLOOPS,BC,STN DELIVERY CENTRE,False
V2J,QUESNEL,BC,LCD MAIN,False
V2K,PRINCE GEORGE,BC,LCD DEL CTR,False
V2L,PRINCE GEORGE,BC,LCD DEL CTR,False
V2M,PRINCE GEORGE,BC,LCD DEL CTR,False
V2N,PRINCE GEORGE,BC,LCD DEL CTR,False
V2P,CHILLIWACK,BC,LCD MAIN,False
V2R,CHILLIWACK,BC,LCD MAIN,False
V2S,ABBOTSFORD,BC,STN DEL CTR,False
V2T,ABBOTSFORD,BC,STN DEL CTR,False
V2V,MISSION,BC,LCD MAIN,False
V2W,MAPLE RIDGE,BC,LCD DEL CTR,False
V2X,MAPLE RIDGE,BC,LCD DEL CTR,False
V2Y,LANGLEY,BC,LCD LCD 1,False
V2Z,LANGLEY,BC,LCD 2 LOGAN,False
V3A,LANGLEY,BC,LCD LCD 1,False
V3B,PORT COQUITLAM,BC,LCD MAIN,False
V3C,PORT COQUITLAM,BC,LCD MAIN,False
V3E,PORT COQUITLAM,BC,LCD MAIN,False
V3G,ABBOTSFORD,BC,STN DEL CTR,False
V3H,COQUITLAM,BC,LCD PORT MOODY,False
V3J,COQUITLAM,BC,LCD MAIN,False
V3K,COQUITLAM,BC,LCD 1,False
V3L,NEW WESTMINSTER,BC,LCD NEW WESTMINSTER,False
V3M,NEW WESTMINSTER,BC,LCD NEW WESTMINSTER,False
V3N,NEW WESTMINSTER,BC,LCD NEW WESTMINSTER,False
V3R,SURREY,BC,LCD 3,False
V3S,SURREY,BC,LCD CLOVERDALE,False
V3T,SURREY,BC,LCD 3,False
V3V,SURREY,BC,LCD 1,False
V3W,SURREY,BC,LCD 2 HANGE / (*) TRANFERER - CHANGEMENT,False
V3X,SURREY,BC,LCD 2,False
V3Y,MAPLE RIDGE,BC,LCD DEL CTR,False
V3Z,SURREY,BC,LCD CLOVERDALE,False
V4A,WHITE ROCK,BC,STN A,False
V4B,WHITE ROCK,BC,STN A,False
V4C,DELTA,BC,LCD 1,False
V4E,DELTA,BC,LCD 1,False
V4G,DELTA,BC,LCD MAIN,False
V4K,DELTA,BC,LCD MAIN,False
V4L,DELTA,BC,STN A,False
V4M,DELTA,BC,STN A,False
V4N,SURREY,BC,LCD CLOVERDALE,False
V4P,WHITE ROCK,BC,STN A,False
V4R,MAPLE RIDGE,BC,LCD DEL CTR,False
V4S,MISSION,BC,LCD MAIN,False
V4T,WEST KELOWNA,BC,LCD MAIN,False
V4V,LAKE COUNTRY,BC,STN MAIN,False
V4W,LANGLEY,BC,LCD 2 LOGAN,False
V4X,ABBOTSFORD,BC,STN DEL CTR,False
V4Y,ARMSTRONG,BC,LCD MAIN,False
V4Z,CHILLIWACK,BC,LCD MAIN,False
V5A,BURNABY,BC,STN NORTH,False
V5B,BURNABY,BC,STN NORTH,False
V5C,BURNABY,BC,STN NORTH,False
V5E,NEW WESTMINSTER,BC,LCD NEW WESTMINSTER,False
V5G,BURNABY,BC,STN NORTH,False
V5H,BURNABY,BC,LCD NORTH FRASER 3,False
V5J,BURNABY,BC,LCD NORTH FRASER 3,False
V5K,VANCOUVER,BC,LCD 2,False
V5L,VANCOUVER,BC,LCD 2,False
V5M,BURNABY,BC,LCD NORTH BURNABY 2,False
V5N,VANCOUVER,BC,STN F,False
V5P,BURNABY,BC,LCD NORTH FRASER 2,False
V5R,BURNABY,BC,LCD 3,False
V5S,BURNABY,BC,LCD NORTH FRASER 3,False
V5T,VANCOUVER,BC,LCD 2,False
V5V,VANCOUVER,BC,LCD 2,False
V5W,BURNABY,BC,LCD NORTH FRASER 1,False
V5X,BURNABY,BC,LCD NORTH FRASER 1,False
V5Y,VANCOUVER,BC,LCD 2,False
V5Z,VANCOUVER,BC,LCD 2,False
V6A,VANCOUVER,BC,LCD 1,False
V6B,VANCOUVER,BC,LCD 1,False
V6C,VANCOUVER,BC,LCD 1,False
V6E,VANCOUVER,BC,LCD 1,False
V6G,VANCOUVER,BC,LCD 1,False
V6H,VANCOUVER,BC,STN F,False
V6J,VANCOUVER,BC,LCD SOUTH VAN 2,False
V6K,VANCOUVER,BC,LCD SOUTH VAN 3,False
V6L,VANCOUVER,BC,LCD SOUTH VAN 3,False
V6M,VANCOUVER,BC,LCD SOUTH VAN 1,False
V6N,VANCOUVER,BC,LCD SOUTH VAN 1,False
V6P,VANCOUVER,BC,LCD SOUTH VAN 1,False
V6R,VANCOUVER,BC,LCD SOUTH VAN 4,False
V6S,VANCOUVER,BC,LCD SOUTH VAN 4,False
V6T,VANCOUVER,BC,LCD SOUTH VAN 4,False
V6V,RICHMOND,BC,LCD 23,False
V6W,RICHMOND,BC,LCD 23,False
V6X,RICHMOND,BC,LCD 24,False
V6Y,RICHMOND,BC,LCD 22,False
V6Z,VANCOUVER,BC,LCD 1,False
V7A,RICHMOND,BC,LCD 23,False
V7B,RICHMOND,BC,LCD 24,False
V7C,RICHMOND,BC,LCD 24,False
V7E,RICHMOND,BC,LCD 23,False
V7G,NORTH VANCOUVER,BC,LCD 1,False
V7H,NORTH VANCOUVER,BC,LCD 1,False
V7J,NORTH VANCOUVER,BC,LCD 1,False
V7K,NORTH VANCOUVER,BC,LCD 1,False
V7L,NORTH VANCOUVER,BC,LCD 2,False
V7M,NORTH VANCOUVER,BC,LCD CAPILANO,False
V7N,NORTH VANCOUVER,BC,LCD 2,False
V7P,NORTH VANCOUVER,BC,LCD CAPILANO,False
V7R,NORTH VANCOUVER,BC,LCD CAPILANO,False
V7S,NORTH VANCOUVER,BC,LCD CAPILANO,False
V7T,NORTH VANCOUVER,BC,LCD CAPILANO,False
V7V,NORTH VANCOUVER,BC,LCD CAPILANO,False
V7W,NORTH VANCOUVER,BC,LCD CAPILANO,False
V7X,VANCOUVER,BC,STN BENTALL CENTRE,False
V7Y,VANCOUVER,BC,LCD PACIFIC CENTRE,False
V7Z,SECHELT,BC,LCD MAIN,False
V8A,POWELL RIVER,BC,LCD MAIN,False
V8B,SQUAMISH,BC,STN MAIN,False
V8C,KITIMAT,BC,LCD MAIN,False
V8E,WHISTLER,BC,LCD MAIN,False
V8G,TERRACE,BC,LCD MAIN,False
V8H,COBBLE HILL,BC,LCD MAIN,False
V8J,PRINCE RUPERT,BC,STN MAIN,False
V8K,SALT SPRING ISLAND,BC,STN GANGES,False
V8L,SIDNEY,BC,LCD DEL CTR ETION / (-***) SUPPRIMER (*) TRANSFER -,False
V8M,SIDNEY,BC,LCD DEL CTR,False
V8N,VICTORIA,BC,LCD 1,False
V8P,VICTORIA,BC,LCD 1,False
V8R,VICTORIA,BC,LCD 9,False
V8S,VICTORIA,BC,LCD 9,False
V8T,VICTORIA,BC,LCD 3,False
V8V,VICTORIA,BC,LCD 3,False
V8W,VICTORIA,BC,LCD 3,False
V8X,VICTORIA,BC,LCD 2,False
V8Y,VICTORIA,BC,LCD 2,False
V8Z,VICTORIA,BC,LCD 2,False
V9A,VICTORIA,BC,LCD 4,False
V9B,VICTORIA,BC,LCD 4,False
V9C,VICTORIA,BC,LCD 4,False
V9E,VICTORIA,BC,LCD 2,False
V9G,LADYSMITH,BC,STN MAIN,False
V9H,CAMPBELL RIVER,BC,LCD 1,False
V9J,COURTENAY,BC,LCD MAIN,False
V9K,QUALICUM BEACH,BC,STN MAIN,False
V9L,DUNCAN,BC,LCD MAIN,False
V9M,COURTENAY,BC,LCD MAIN,False
V9N,COURTENAY,BC,LCD MAIN,False
V9P,PARKSVILLE,BC,STN MAIN,False
V9R,NANAIMO,BC,LCD MAIN,False
V9S,NANAIMO,BC,LCD MAIN,False
V9T,NANAIMO,BC,LCD MAIN,False
V9V,NANAIMO,BC,LCD MAIN,False
V9W,CAMPBELL RIVER,BC,LCD 1,False
V9X,NANAIMO,BC,LCD MAIN,False
V9Y,PORT ALBERNI,BC,LCD MAIN,False
V9Z,SOOKE,BC,STN MAIN,False
X0A,MONTREAL,QC,NU DCF,False
X0B,EDMONTON,AB,#6 NU DCF,False
X0C,WINNIPEG,MB,NU DCF,False
X0E,EDMONTON,AB,#5 NT DCF,False
X0G,FT NELSON,BC,NT DCF,False
X1A,YELLOWKNIFE,NT,LCD MAIN,False
Y0A,DAWSON CREEK,BC,DCF,False
Y0B,WHITEHORSE,YT,DCF,False
Y1A,WHITEHORSE,YT,STN CENTRAL,False
