WEATHERLOC,n_evaluations,top_prov,map_name,map_prov,matched_via,lat,lon,HDD_18C,design_heating_db_C,design_cooling_db_C,design_cooling_wb_C
"TORONTO MET RES STN,ONTARIO",455066,ON,TORONTO BUTTONVILLE,ON,alias:nearest (Downsview absent),43.86,-79.37000339832807,3863.0,-19.8,31.6,23.2
"TORONTO,ONTARIO",377107,ON,TORONTO CITY CENTRE,ON,alias:downtown approx,43.63,-79.39000338424748,3559.0,-16.3,28.5,23.2
"LONDON,ONTARIO",185243,ON,LONDON,ON,exact,43.03,-81.15000388724363,3809.0,-18.4,30.1,23.8
"OTTAWA,ONTARIO",153163,ON,OTTAWA INTL,ON,prefix,45.32,-75.67000232031012,4354.0,-24.3,30.4,23.5
"VANCOUVER,BRITISH COLUMBIA",131486,BC,VANCOUVER INTL,BC,prefix,49.19,-123.18001543206012,2768.0,-4.4,24.9,19.2
"SIMCOE,ONTARIO",123696,ON,LONDON,ON,"proxy:~65 km, inland SW Ontario",43.03,-81.15000388724363,3809.0,-18.4,30.1,23.8
"TORONTO BUTTONVILLE,ONTARIO",119280,ON,TORONTO BUTTONVILLE,ON,exact,43.86,-79.37000339832807,3863.0,-19.8,31.6,23.2
"QUEBEC,QUEBEC",112950,QC,QUÉBEC INTL,QC,alias,46.8,-71.38000099180711,4838.0,-25.7,28.4,22.7
"WINDSOR,ONTARIO",97213,ON,WINDSOR,ON,exact,42.28,-82.96000438207619,3306.0,-15.2,31.8,24.6
"TORONTO INTL,ONTARIO",87690,ON,TORONTO INTL,ON,exact,43.68,-79.63000346451871,3664.0,-18.3,31.5,23.9
"MONTREAL,QUEBEC",80828,QC,MONTRÉAL INTL,QC,alias,45.47,-73.7400016901359,4167.0,-23.1,29.7,23.4
"ST-HUBERT,QUEBEC",80431,QC,MONTRÉAL-ST-HUBERT,QC,alias,45.52,-73.42000158714774,4275.0,-23.2,29.6,23.5
"OTTAWA INTL,ONTARIO",76292,ON,OTTAWA INTL,ON,exact,45.32,-75.67000232031012,4354.0,-24.3,30.4,23.5
"CALGARY,ALBERTA",73666,AB,CALGARY INTL,AB,prefix,51.11,-114.02001426026708,4876.0,-26.2,28.6,18.7
"HALIFAX,NOVA SCOTIA",73444,NS,HALIFAX INTL,NS,prefix,44.88,-63.509998181166985,4111.0,-18.0,27.4,21.8
"EDMONTON,ALBERTA",73179,AB,EDMONTON INTL,AB,prefix,53.31,-113.58001483973388,5668.0,-30.8,27.4,20.1
"BURLINGTON PIERS,ONTARIO",71220,ON,BURLINGTON PIERS,ON,exact,43.3,-79.80000348513677,3449.0,-15.6,30.5,23.5
"CALGARY INTL,ALBERTA",70933,AB,CALGARY INTL,AB,exact,51.11,-114.02001426026708,4876.0,-26.2,28.6,18.7
"MCTAVISH,QUEBEC",64803,QC,MCTAVISH,QC,exact,45.5,-73.58000163863731,4028.0,-22.3,29.6,23.3
"EDMONTON INTL,ALBERTA",62183,AB,EDMONTON INTL,AB,exact,53.31,-113.58001483973388,5668.0,-30.8,27.4,20.1
"SHERBROOKE,QUEBEC",51499,QC,LENNOXVILLE,QC,alias:Sherbrooke borough,45.37,-71.8200010365851,4517.0,-25.8,28.8,22.9
"TORONTO CITY CENTRE,ONTARIO",48147,ON,TORONTO CITY CENTRE,ON,exact,43.63,-79.39000338424748,3559.0,-16.3,28.5,23.2
"WINNIPEG,MANITOBA",47618,MB,WINNIPEG INTL,MB,prefix,49.91,-97.24000972888996,5542.0,-31.3,29.9,23.4
"HALIFAX INTL,NOVA SCOTIA",46117,NS,HALIFAX INTL,NS,exact,44.88,-63.509998181166985,4111.0,-18.0,27.4,21.8
"MONCTON,NEW BRUNSWICK",43809,NB,MONCTON INTL,NB,prefix,46.11,-64.67999863576253,4514.0,-22.1,28.3,22.2
"FREDERICTON,NEW BRUNSWICK",43487,NB,FREDERICTON,NB,exact,45.87,-66.53999926675375,4481.0,-23.3,29.2,22.2
"MONTRÉAL-ST-HUBERT,QUEBEC",41776,QC,MONTRÉAL-ST-HUBERT,QC,exact,45.52,-73.42000158714774,4275.0,-23.2,29.6,23.5
"REGINA,SASKATCHEWAN",40728,SK,REGINA INTL,SK,prefix,50.43,-104.6700118738994,5597.0,-32.4,30.3,22.1
"GREENWOOD,NOVA SCOTIA",39719,NS,GREENWOOD,NS,exact,44.98,-64.91999866780347,3938.0,-17.1,29.1,22.7
"SYDNEY,NOVA SCOTIA",39370,NS,SYDNEY,NS,exact,46.16,-60.04999702849223,4315.0,-15.5,27.1,21.6
"SASKATOON,SASKATCHEWAN",39065,SK,SASKATOON INTL,SK,prefix,52.17,-106.70001284814377,5695.0,-32.5,29.6,21.3
"BAGOTVILLE,QUEBEC",37161,QC,BAGOTVILLE,QC,exact,48.33,-71.00000097750525,5420.0,-29.2,28.4,21.0
"MONCTON INTL,NEW BRUNSWICK",35028,NB,MONCTON INTL,NB,exact,46.11,-64.67999863576253,4514.0,-22.1,28.3,22.2
"L'ASSOMPTION,QUEBEC",34786,QC,L'ASSOMPTION,QC,exact,45.81,-73.43000161290502,4531.0,-26.1,29.8,23.6
"MUSKOKA,ONTARIO",34525,ON,MUSKOKA,ON,exact,44.97,-79.30000347701672,4622.0,-26.6,29.0,22.7
"COMOX,BRITISH COLUMBIA",33931,BC,COMOX,BC,exact,49.72,-124.90001584313909,2939.0,-3.2,26.4,18.7
"ABBOTSFORD,BRITISH COLUMBIA",33908,BC,ABBOTSFORD,BC,exact,49.03,-122.36001525765933,2760.0,-5.9,29.0,20.5
"MIRABEL,QUEBEC",33714,QC,MONTRÉAL MIRABEL  INTL,QC,contains,45.68,-74.03000180329269,4569.0,-25.9,29.2,23.2
"VICTORIA,BRITISH COLUMBIA",33150,BC,VICTORIA GONZALES,BC,alias:city station,48.41,-123.32001524919549,2763.0,-1.3,22.8,17.4
"QUÉBEC INTL,QUEBEC",33040,QC,QUÉBEC INTL,QC,exact,46.8,-71.38000099180711,4838.0,-25.7,28.4,22.7
"MONTRÉAL MIRABEL  INTL,QUEBEC",31471,QC,MONTRÉAL MIRABEL  INTL,QC,exact,45.68,-74.03000180329269,4569.0,-25.9,29.2,23.2
"SAINT JOHN,NEW BRUNSWICK",31144,NB,SAINT JOHN,NB,exact,45.32,-65.88999901572035,4580.0,-22.5,25.8,20.1
"CHARLOTTETOWN,PRINCE EDWARD ISLAND",30121,PE,CHARLOTTETOWN,PE,exact,46.29,-63.11999810244639,4404.0,-19.3,26.7,21.8
"LENNOXVILLE,QUEBEC",29692,QC,LENNOXVILLE,QC,exact,45.37,-71.8200010365851,4517.0,-25.8,28.8,22.9
"MONTRÉAL INTL,QUEBEC",29415,QC,MONTRÉAL INTL,QC,exact,45.47,-73.7400016901359,4167.0,-23.1,29.7,23.4
"NICOLET,QUEBEC",29342,QC,NICOLET,QC,exact,46.23,-72.66000138493598,4560.0,-25.2,28.4,23.4
"TRENTON,ONTARIO",29165,ON,TRENTON,ON,exact,44.12,-77.53000282873546,3935.0,-21.8,29.5,23.6
"SHEARWATER,NOVA SCOTIA",28833,NS,SHEARWATER,NS,exact,44.64,-63.50999817114914,3870.0,-15.9,27.0,21.3
"STE-FOY,QUEBEC",27871,QC,STE-FOY,QC,exact,46.78,-71.29000095856752,4754.0,-24.8,28.5,22.6
"SUMMERLAND,BRITISH COLUMBIA",24661,BC,SUMMERLAND,BC,exact,49.56,-119.6500149356602,3359.0,-13.4,33.4,19.3
"TRURO,NOVA SCOTIA",24532,NS,HALIFAX INTL,NS,proxy:~60 km,44.88,-63.509998181166985,4111.0,-18.0,27.4,21.8
"VANCOUVER INTL,BRITISH COLUMBIA",23983,BC,VANCOUVER INTL,BC,exact,49.19,-123.18001543206012,2768.0,-4.4,24.9,19.2
"COP UPPER,ALBERTA",22715,AB,COP UPPER,AB,exact,51.08,-114.22001429461861,4836.0,-25.5,28.3,17.8
"PITT MEADOWS,BRITISH COLUMBIA",22476,BC,PITT MEADOWS,BC,exact,49.21,-122.69001535857441,2851.0,-6.3,29.5,20.7
"SUDBURY,ONTARIO",21089,ON,SUDBURY,ON,exact,46.63,-80.80000413444762,5049.0,-27.7,28.7,21.5
"KAMLOOPS,BRITISH COLUMBIA",20013,BC,KAMLOOPS,BC,exact,50.7,-120.4500153990904,3365.0,-17.8,34.7,19.2
"KINGSTON,ONTARIO",19481,ON,TRENTON,ON,"proxy:~85 km, same lakeshore",44.12,-77.53000282873546,3935.0,-21.8,29.5,23.6
"BEAUCEVILLE,QUEBEC",18612,QC,BEAUCEVILLE,QC,exact,46.21,-70.78000074292221,4942.0,-26.7,28.2,21.9
"MONT-JOLI,QUEBEC",17045,QC,MONT JOLI ,QC,exact,48.61,-68.21000001528897,5100.0,-22.9,26.3,20.7
"WINNIPEG INTL,MANITOBA",16320,MB,WINNIPEG INTL,MB,exact,49.91,-97.24000972888996,5542.0,-31.3,29.9,23.4
"CHARLO,NEW BRUNSWICK",14970,NB,BATHURST,NB,"proxy:~60 km, north shore NB",47.63,-65.73999908211024,4979.0,-24.1,29.0,22.0
"WIARTON,ONTARIO",14807,ON,WIARTON,ON,exact,44.74,-81.11000403685449,4154.0,-18.3,28.0,22.7
"THUNDER BAY,ONTARIO",13962,ON,THUNDER BAY,ON,exact,48.37,-89.32000707951066,5405.0,-28.6,29.2,22.0
"BATHURST,NEW BRUNSWICK",13631,NB,BATHURST,NB,exact,47.63,-65.73999908211024,4979.0,-24.1,29.0,22.0
"ST-JOHN'S INTL,NEWFOUNDLAND AND LABRADOR",13235,,ST-JOHN'S INTL,NL,exact,47.62,-52.74999448585086,4578.0,-12.8,25.1,20.8
"COLLINGWOOD,ONTARIO",13074,ON,COLLINGWOOD,ON,exact,44.5,-80.22000372893781,3908.0,-18.5,29.5,23.1
"YARMOUTH,NOVA SCOTIA",12580,NS,YARMOUTH,NS,exact,43.83,-66.0899990131733,3820.0,-13.6,23.2,20.4
"CHATHAM,NEW BRUNSWICK",12237,NB,BATHURST,NB,"proxy:Miramichi area, ~70 km",47.63,-65.73999908211024,4979.0,-24.1,29.0,22.0
"ST-JOVITE,QUEBEC",11845,QC,ST-JOVITE,QC,exact,46.08,-74.56000201378569,5103.0,-30.6,28.6,22.2
"PRINCE ALBERT,SASKATCHEWAN",11835,SK,PRINCE ALBERT,SK,exact,53.21,-105.6700128815757,6010.0,-33.6,28.2,21.0
"LETHBRIDGE,ALBERTA",11805,AB,LETHBRIDGE,AB,exact,49.7,-112.77001361230921,4274.0,-26.1,31.6,19.8
"NORTH BAY,ONTARIO",10784,ON,NORTH BAY,ON,exact,46.36,-79.42000365441932,5001.0,-27.8,27.5,21.6
"STE-ANNE-DE-BELLEVUE,QUEBEC",10540,QC,STE-ANNE-DE-BELLEVUE,QC,exact,45.43,-73.93000175040817,4281.0,-24.0,29.4,23.4
"ENTRANCE ISLAND,BRITISH COLUMBIA",10338,BC,ENTRANCE ISLAND,BC,exact,49.21,-123.81001553550739,2572.0,0.0,23.5,19.7
"MONTREAL MIRABEL,QUEBEC",10147,QC,MONTRÉAL MIRABEL  INTL,QC,prefix,45.68,-74.03000180329269,4569.0,-25.9,29.2,23.2
"SAULT STE. MARIE,ONTARIO",10092,ON,SAULT STE MARIE,ON,exact,46.49,-84.51000530974812,4765.0,-24.0,28.3,22.2
"ST-ANICET,QUEBEC",9831,QC,ST-ANICET,QC,exact,45.12,-74.2900018463862,4296.0,-24.9,30.1,24.2
"KELOWNA,BRITISH COLUMBIA",9787,BC,KELOWNA,BC,exact,49.96,-119.38001499593297,3715.0,-16.1,33.7,19.3
"PRINCE GEORGE,BRITISH COLUMBIA",9680,BC,PRINCE GEORGE,BC,exact,53.89,-122.6700168421051,4965.0,-27.8,28.0,17.3
"JONQUIÈRE,QUEBEC",9680,QC,JONQUIÈRE,QC,exact,48.43,-71.14000103587153,5343.0,-28.9,27.8,21.5
"STE-AGATHE-DES-MONTS,QUEBEC",9167,QC,ST-JOVITE,QC,"proxy:~25 km, Laurentians",46.08,-74.56000201378569,5103.0,-30.6,28.6,22.2
"SUMMERSIDE,PRINCE EDWARD ISLAND",8965,PE,SUMMERSIDE,PE,exact,46.44,-63.839998358777535,4378.0,-19.6,26.5,21.7
"ST. JOHN'S,NEWFOUNDLAND",8569,,ST-JOHN'S INTL,NL,prefix,47.62,-52.74999448585086,4578.0,-12.8,25.1,20.8
"RIVIERE-DU-LOUP,QUEBEC",8475,QC,RIVIERE-DU-LOUP,QC,exact,47.81,-69.5500004317531,5212.0,-24.1,25.7,21.1
"PORT WELLER,ONTARIO",8347,ON,PORT WELLER,ON,exact,43.25,-79.2200032967584,3347.0,-13.0,29.5,24.3
"ERIEAU,ONTARIO",8155,ON,ERIEAU,ON,exact,42.25,-81.90000405148666,3419.0,-14.4,27.4,24.8
"SASKATOON INTL,SASKATCHEWAN",8135,SK,SASKATOON INTL,SK,exact,52.17,-106.70001284814377,5695.0,-32.5,29.6,21.3
"DESCHAMBAULT,QUEBEC",7645,QC,DESCHAMBAULT,QC,exact,46.69,-71.97000118520813,5050.0,-28.8,28.5,23.3
"MEDICINE HAT,ALBERTA",7493,AB,MEDICINE HAT,AB,exact,50.03,-110.72001324256695,4508.0,-28.1,33.0,19.3
"SHERINGHAM POINT,BRITISH COLUMBIA",7060,BC,SHERINGHAM POINT,BC,exact,48.38,-123.9200153338901,2942.0,0.1,19.7,17.1
"POINT PETRE,ONTARIO",6793,ON,POINT PETRE ,ON,exact,43.83,-77.15000268156899,3836.0,-19.9,25.9,23.1
"L'ACADIE,QUEBEC",6772,QC,L'ACADIE,QC,exact,45.29,-73.35000154557535,4275.0,-24.0,29.4,23.6
"VICTORIA UNIVERSITY,BRITISH COLUMBIA",6760,BC,VICTORIA UNIVERSITY,BC,exact,48.46,-123.3000152580048,2674.0,-1.1,26.6,19.2
"CRANBROOK,BRITISH COLUMBIA",6454,BC,CRANBROOK,BC,exact,49.61,-115.78001421521915,4396.0,-22.0,32.2,17.9
"MOOSE JAW,SASKATCHEWAN",6363,SK,MOOSE JAW,SK,exact,50.33,-105.54001207151518,5242.0,-30.0,30.7,21.9
"CASTLEGAR,BRITISH COLUMBIA",6082,BC,NELSON,BC,"proxy:~40 km, Kootenay valley",49.49,-117.31001448319451,3482.0,-11.2,32.8,20.6
"VICTORIA INTL,BRITISH COLUMBIA",6000,BC,VICTORIA INTL,BC,exact,48.65,-123.43001532805579,2858.0,-2.9,26.2,18.1
"WHITEHORSE,YUKON",5901,YK,WHITEHORSE,YT,exact,60.71,-135.07002200968327,6522.0,-36.4,23.9,14.9
"PETERBOROUGH,ONTARIO",5710,ON,PETERBOROUGH,ON,exact,44.23,-78.36000310701624,4268.0,-23.3,30.0,23.5
"VAL D'OR,QUEBEC",5681,QC,VAL-D'OR,QC,exact,48.06,-77.79000329170246,5782.0,-31.9,28.1,21.2
"MOUNT FOREST,ONTARIO",5650,ON,MOUNT FOREST,ON,exact,43.98,-80.75000384895993,4331.0,-20.3,28.5,22.6
"BRANDON,MANITOBA",5001,MB,BRANDON,MB,exact,49.91,-99.95001049350903,5758.0,-32.3,29.2,22.5
"LAGOON CITY,ONTARIO",4897,ON,LAGOON CITY,ON,exact,44.55,-79.22000341205593,4242.0,-23.5,28.2,24.4
"POINTE-AU-PÈRE,QUEBEC",4833,QC,POINTE-AU-PÈRE,QC,exact,48.51,-68.47000010089654,5205.0,-22.0,22.7,19.8
"GODERICH,ONTARIO",4833,ON,GODERICH,ON,exact,43.77,-81.72000413456253,3839.0,-16.5,27.8,23.5
"FRELIGHSBURG,QUEBEC",4830,QC,FRELIGHSBURG,QC,exact,45.03,-72.85000135906152,4253.0,-24.7,28.8,23.2
"YORKTON,SASKATCHEWAN",4760,SK,YORKTON,SK,exact,51.26,-102.46001149271497,5800.0,-31.8,28.8,21.7
"SWIFT CURRENT,SASKATCHEWAN",4750,SK,SWIFT CURRENT,SK,exact,50.29,-107.69001259581815,5104.0,-29.2,30.7,20.3
"RED DEER,ALBERTA",4724,AB,RED DEER REGIONAL,AB,prefix,52.18,-113.89001454954396,5515.0,-28.9,27.8,19.4
"ESQUIMALT HARBOUR,BRITISH COLUMBIA",4709,BC,ESQUIMALT HARBOUR,BC,exact,48.43,-123.44001527321244,2900.0,-1.2,21.5,16.5
"NORTH BATTLEFORD,SASKATCHEWAN",4703,SK,NORTH BATTLEFORD,SK,exact,52.77,-108.24001340886166,5754.0,-31.7,28.7,20.7
"BAS CARAQUET,NEW BRUNSWICK",4272,NB,BAS CARAQUET,NB,exact,47.8,-64.82999876912822,4756.0,-20.6,27.0,21.9
"TIMMINS,ONTARIO",4192,ON,TIMMINS,ON,exact,48.57,-81.3800045555948,5826.0,-32.2,28.9,21.3
"REGINA INTL,SASKATCHEWAN",4146,SK,REGINA INTL,SK,exact,50.43,-104.6700118738994,5597.0,-32.4,30.3,22.1
"WHITE ROCK,BRITISH COLUMBIA",3812,BC,WHITE ROCK,BC,exact,49.02,-122.78001532227063,2644.0,-4.0,24.5,19.6
"LA POCATIÈRE,QUEBEC",3795,QC,LA POCATIÈRE,QC,exact,47.36,-70.03000056681536,4894.0,-23.1,27.5,22.4
"GANDER,NEWFOUNDLAND",3338,,GANDER INTL,NL,prefix,48.94,-54.56999513216569,4861.0,-16.2,26.8,20.7
"SISTERS ISLAND,BRITISH COLUMBIA",3213,BC,SISTERS ISLAND,BC,exact,49.49,-124.43001570784331,2568.0,0.3,23.5,19.2
"AMQUI,QUEBEC",3195,QC,AMQUI,QC,exact,48.47,-67.4299997292721,5404.0,-26.8,27.4,20.8
"ESTEVAN,SASKATCHEWAN",3190,SK,ESTEVAN,SK,exact,49.21,-102.97001115320764,5349.0,-31.4,30.4,22.0
"RED DEER REGIONAL,ALBERTA",3188,AB,RED DEER REGIONAL,AB,exact,52.18,-113.89001454954396,5515.0,-28.9,27.8,19.4
"CAP-TOURMENTE,QUEBEC",2813,QC,CAP-TOURMENTE,QC,exact,47.08,-70.78000080557496,4658.0,-23.9,27.9,22.8
"NORMANDIN,QUEBEC",2808,QC,NORMANDIN,QC,exact,48.84,-72.55000156376308,5937.0,-33.4,27.4,21.6
"SAULT STE MARIE,ONTARIO",2777,ON,SAULT STE MARIE,ON,exact,46.49,-84.51000530974812,4765.0,-24.0,28.3,22.2
"GRANDE PRAIRIE,ALBERTA",2736,AB,GRANDE PRAIRIE,AB,exact,55.18,-118.88001663732247,5717.0,-33.4,27.2,18.1
"MALAHAT,BRITISH COLUMBIA",2684,BC,MALAHAT,BC,exact,48.57,-123.53001532320678,3144.0,-4.0,27.3,21.2
"VERNON,BRITISH COLUMBIA",2651,BC,VERNON,BC,exact,50.22,-119.19001503394746,3671.0,-16.5,33.2,19.8
"TERRACE,BRITISH COLUMBIA",2638,BC,TERRACE,BC,exact,54.47,-128.5800179783358,4205.0,-16.7,27.6,17.9
"KEJIMKUJIK,NOVA SCOTIA",2503,NS,KEJIMKUJIK,NS,exact,44.4,-65.19999873721176,4049.0,-17.5,28.6,22.6
"VICTORIA GONZALES,BRITISH COLUMBIA",2448,BC,VICTORIA GONZALES,BC,exact,48.41,-123.32001524919549,2763.0,-1.3,22.8,17.4
"MANIWAKI AIRPORT,QUEBEC",2347,QC,MANIWAKI AIRPORT,QC,exact,46.27,-75.99000250979223,4908.0,-28.1,29.2,22.6
"WEST VANCOUVER,BRITISH COLUMBIA",2333,BC,WEST VANCOUVER,BC,exact,49.35,-123.19001547683379,2823.0,-4.2,27.1,20.6
"STAVELY,ALBERTA",2268,AB,STAVELY,AB,exact,50.18,-113.8800139751623,4743.0,-24.9,27.2,17.6
"COBOURG,ONTARIO",2221,ON,COBOURG,ON,exact,43.95,-78.17000302082285,3931.0,-19.4,25.7,22.3
"BANCROFT,ONTARIO",2216,ON,BANCROFT,ON,exact,45.07,-77.88000302544225,4913.0,-28.7,29.1,22.4
"NELSON,BRITISH COLUMBIA",2190,BC,NELSON,BC,exact,49.49,-117.31001448319451,3482.0,-11.2,32.8,20.6
"ROBERVAL,QUEBEC",2171,QC,ROBERVAL,QC,exact,48.52,-72.27000143901553,5527.0,-29.8,27.4,21.1
"SMITHERS,BRITISH COLUMBIA",2164,BC,SMITHERS,BC,exact,54.83,-127.18001792732257,4975.0,-24.0,27.2,17.4
"WILLIAMS LAKE,BRITISH COLUMBIA",2160,BC,WILLIAMS LAKE,BC,exact,52.18,-122.05001613689139,4869.0,-26.1,28.3,16.0
"NORTH CAPE,PRINCE EDWARD ISLAND",2143,PE,NORTH CAPE,PE,exact,47.06,-63.9999984426975,4428.0,-18.1,25.8,22.0
"ST-STEPHEN,NEW BRUNSWICK",2132,NB,ST-STEPHEN,NB,exact,45.22,-67.24999947624617,4406.0,-23.0,29.1,22.0
"WESTERN HEAD,NOVA SCOTIA",2106,NS,WESTERN HEAD,NS,exact,43.99,-64.65999853586816,4020.0,-15.1,23.9,19.4
"HOWE SOUND - PAM ROCKS,BRITISH COLUMBIA",2087,BC,HOWE SOUND - PAM ROCKS,BC,exact,49.49,-123.30001553184398,2627.0,-2.0,24.1,19.3
"STEPHENVILLE,NEWFOUNDLAND",2076,,STEPHENVILLE,NL,exact,48.53,-58.54999655681975,4556.0,-13.9,23.3,19.4
"BANFF,ALBERTA",2075,AB,BANFF,AB,exact,51.19,-115.55001460452084,5565.0,-28.4,27.9,15.3
"WHITEHORSE,YUKON TERRITORY",2053,YK,WHITEHORSE,YT,exact,60.71,-135.07002200968327,6522.0,-36.4,23.9,14.9
"PENTICTON,BRITISH COLUMBIA",2043,BC,PENTICTON,BC,exact,49.46,-119.60001489977242,3266.0,-12.3,33.5,20.0
"NEW CARLISLE,QUEBEC",2036,QC,NEW CARLISLE ,QC,exact,48.01,-65.32999895777458,4982.0,-21.7,25.5,21.0
"BROADVIEW,SASKATCHEWAN",2012,SK,BROADVIEW,SK,exact,50.37,-102.57001130892792,5720.0,-31.9,28.9,21.5
"ELK ISLAND,ALBERTA",1965,AB,ELK ISLAND,AB,exact,53.68,-112.87001480377404,5435.0,-30.4,28.1,20.0
"ROUYN,QUEBEC",1932,QC,ROUYN,QC,exact,48.25,-79.03000373054533,5635.0,-30.7,28.1,20.9
"ROCKY MOUNTAIN HOUSE,ALBERTA",1778,AB,ROCKY MTN HOUSE,AB,alias:abbreviated,52.42,-114.9100148430431,5819.0,-29.9,26.8,18.2
"BRIER ISLAND,NOVA SCOTIA",1737,NS,BRIER ISLAND,NS,exact,44.29,-66.34999912307573,3735.0,-12.2,21.0,18.6
"VAL-D'OR,QUEBEC",1709,QC,VAL-D'OR,QC,exact,48.06,-77.79000329170246,5782.0,-31.9,28.1,21.2
"YELLOWKNIFE,N.W.T.",1641,NT,YELLOWKNIFE,NT,name-only,62.46,-114.44001936965242,7856.0,-39.2,25.7,17.5
"LACOMBE,ALBERTA",1617,AB,LACOMBE,AB,exact,52.45,-113.76001460333853,5504.0,-29.7,28.0,20.2
"CAMROSE,ALBERTA",1605,AB,CAMROSE,AB,exact,53.03,-112.81001457597047,5587.0,-30.9,28.1,20.6
"FORT ST. JOHN,BRITISH COLUMBIA",1591,BC,FORT ST JOHN,BC,exact,56.24,-120.74001744027903,5680.0,-31.0,26.2,17.3
"KENORA,ONTARIO",1524,ON,KENORA,ON,exact,49.79,-94.36000886042022,5469.0,-30.5,28.5,21.8
"STE-CLOTHILDE,QUEBEC",1491,QC,STE-CLOTHILDE,QC,exact,45.17,-73.68000164659357,4332.0,-24.7,29.7,23.6
"EAST POINT,PRINCE EDWARD ISLAND",1430,PE,EAST POINT,PE,exact,46.46,-61.989997714582294,4354.0,-17.3,24.0,21.2
"WHISTLER,BRITISH COLUMBIA",1393,BC,WHISTLER - NESTERS,BC,prefix,50.13,-122.95001565543555,4178.0,-15.8,30.4,17.6
"QUESNEL,BRITISH COLUMBIA",1304,BC,QUESNEL,BC,exact,53.03,-122.5100165040942,4586.0,-26.3,29.6,18.2
"POINTE CLAVEAU,QUEBEC",1198,QC,POINTE CLAVEAU,QC,exact,48.26,-70.11000066025831,5123.0,-25.8,25.7,20.4
"BAIE-COMEAU,QUEBEC",1192,QC,BAIE-COMEAU,QC,exact,49.26,-68.15000003876786,5494.0,-26.3,24.7,19.2
"ÎLES DE LA MADELEINE,QUEBEC",1161,QC,ÎLES DE LA MADELEINE,QC,exact,47.43,-61.76999767119228,4494.0,-14.7,23.3,20.4
"OSOYOOS,BRITISH COLUMBIA",1133,BC,OSOYOOS,BC,exact,49.03,-119.44001475777166,3070.0,-12.1,35.4,20.9
"SQUAMISH AIRPORT,BRITISH COLUMBIA",1119,BC,SQUAMISH AIRPORT,BC,exact,49.78,-123.16001559067382,3172.0,-7.1,28.8,19.4
"COLD LAKE,ALBERTA",1085,AB,COLD LAKE,AB,exact,54.42,-110.23001442934968,5701.0,-31.8,28.1,19.9
"DAUPHIN,MANITOBA",1048,MB,DAUPHIN,MB,exact,51.1,-100.05001078937141,5640.0,-30.5,29.3,22.7
"ARMSTRONG,ONTARIO",1015,ON,ARMSTRONG,ON,exact,50.29,-88.91000727176828,6462.0,-35.2,28.6,21.2
"SALMON ARM,BRITISH COLUMBIA",973,BC,SALMON ARM,BC,exact,50.7,-119.29001518972728,3595.0,-16.5,32.2,22.0
"LA TUQUE,QUEBEC",956,QC,LA TUQUE,QC,exact,47.41,-72.79000152446385,5396.0,-31.5,29.3,21.7
"PRINCE RUPERT,BRITISH COLUMBIA",932,BC,PRINCE RUPERT,BC,exact,54.29,-130.440018147448,3684.0,-8.1,18.1,15.5
"GASPÉ,QUEBEC",887,QC,GASPÉ,QC,exact,48.78,-64.47999869448287,5263.0,-23.8,27.2,20.8
"YELLOWKNIFE,NORTHWEST TERRITORIES",873,NT,YELLOWKNIFE,NT,exact,62.46,-114.44001936965242,7856.0,-39.2,25.7,17.5
"MONT JOLI,QUEBEC",826,QC,MONT JOLI ,QC,exact,48.61,-68.21000001528897,5100.0,-22.9,26.3,20.7
"POINT LEPREAU,NEW BRUNSWICK",825,NB,POINT LEPREAU,NB,exact,45.07,-66.44999919504895,4255.0,-19.0,22.1,18.3
"BAIE-COMEAU A,QUEBEC",816,QC,BAIE-COMEAU A,QC,exact,49.13,-68.20000004745648,5600.0,-26.4,23.7,19.1
"FORT MCMURRAY,ALBERTA",806,AB,FORT MCMURRAY,AB,exact,56.65,-111.22001551091475,6133.0,-35.3,28.6,19.0
"SEPT ILES,QUEBEC",767,QC,SEPT-ÎLES,QC,exact,50.22,-66.26999942428506,5924.0,-27.6,22.7,18.0
"CHARLEVOIX,QUEBEC",765,QC,CHARLEVOIX,QC,exact,47.28,-70.64000077270339,6221.0,-28.8,23.6,19.7
"PORT HARDY,BRITISH COLUMBIA",765,BC,PORT HARDY,BC,exact,50.68,-127.37001647882553,3451.0,-3.0,19.9,16.1
"FORT ST JOHN,BRITISH COLUMBIA",687,BC,FORT ST JOHN,BC,exact,56.24,-120.74001744027903,5680.0,-31.0,26.2,17.3
"KAPUSKASING,ONTARIO",687,ON,KAPUSKASING,ON,exact,49.41,-82.47000502957331,6011.0,-33.1,28.5,21.4
"ST-LAWRENCE,NEWFOUNDLAND AND LABRADOR",683,,ST-LAWRENCE,NL,exact,46.92,-55.379995408434176,4373.0,-11.6,22.3,19.5
"THREE HILLS,ALBERTA",678,AB,THREE HILLS,AB,exact,51.77,-113.21001427740839,5260.0,-28.4,28.8,20.0
"CAP-MADELEINE,QUEBEC",657,QC,CAP-MADELEINE,QC,exact,49.25,-65.31999902212709,5077.0,-20.5,23.3,19.2
"SPRAGUE,MANITOBA",633,MB,SPRAGUE,MB,exact,49.02,-95.60000907915114,5521.0,-32.3,29.3,22.9
"PEACE RIVER,ALBERTA",615,AB,PEACE RIVER,AB,exact,56.23,-117.45001677422722,5901.0,-32.5,27.2,18.4
"ROUYN-NORANDA,QUEBEC",571,QC,ROUYN-NORANDA,QC,exact,48.21,-78.84000366306998,5807.0,-32.6,28.3,21.2
"WATERTON PARK GATE,ALBERTA",534,BC,WATERTON PARK GATE,AB,exact,49.13,-113.81001368998233,4656.0,-27.0,29.5,17.5
"REVELSTOKE,BRITISH COLUMBIA",532,BC,REVELSTOKE,BC,exact,50.97,-118.18001505993433,3919.0,-15.1,30.9,19.4
"CLARESHOLM,ALBERTA",531,AB,CLARESHOLM,AB,exact,50.0,-113.64001387689349,4697.0,-27.7,30.7,19.0
"POINTE NOIRE,QUEBEC",513,QC,POINTE NOIRE,QC,exact,50.16,-66.42999947862117,5318.0,-23.7,24.3,23.2
"DANIELS HARBOUR,NEWFOUNDLAND",512,,DANIELS HARBOUR,NL,exact,50.24,-57.57999623855485,5100.0,-18.1,21.2,18.6
"SUNDRE,ALBERTA",506,AB,SUNDRE,AB,exact,51.78,-114.6800145976609,5619.0,-30.7,28.0,17.8
"SIOUX LOOKOUT,ONTARIO",494,ON,SIOUX LOOKOUT,ON,exact,50.11,-91.91000817992587,5803.0,-31.9,28.5,21.4
"GANDER INTL,NEWFOUNDLAND AND LABRADOR",490,,GANDER INTL,NL,exact,48.94,-54.56999513216569,4861.0,-16.2,26.8,20.7
"CORNER BROOK,NEWFOUNDLAND AND LABRADOR",484,,CORNER BROOK,NL,exact,48.93,-57.9199963393264,4858.0,-15.8,26.2,20.7
"BADGER,NEWFOUNDLAND AND LABRADOR",453,,BADGER,NL,exact,48.97,-56.06999567234948,5201.0,-23.3,28.5,21.3
"GORE BAY CLIMATE,ONTARIO",450,ON,GORE BAY CLIMATE,ON,exact,45.88,-82.5700046217166,4448.0,-24.0,27.5,22.2
"AGASSIZ,BRITISH COLUMBIA",428,BC,AGASSIZ,BC,exact,49.24,-121.7600152137766,2764.0,-7.6,29.7,21.6
"GORE BAY,ONTARIO",404,ON,GORE BAY CLIMATE,ON,prefix,45.88,-82.5700046217166,4448.0,-24.0,27.5,22.2
"CAP-D'ESPOIR,QUEBEC",397,QC,CAP-D'ESPOIR,QC,exact,48.42,-64.31999861998929,5225.0,-21.1,20.8,19.0
"CROWSNEST,ALBERTA",396,AB,CROWSNEST,AB,exact,49.63,-114.48001395555262,5124.0,-27.7,28.9,17.7
"THE PAS,MANITOBA",382,MB,THE PAS,MB,exact,53.97,-101.09001183937896,6327.0,-32.9,28.2,20.9
"LLOYDMINSTER,ALBERTA",380,AB,LLOYDMINSTER,AB,exact,53.31,-110.07001402391849,5767.0,-31.0,27.4,19.8
"LA GRANDE RIVIERE,QUEBEC",371,QC,MATAGAMI,QC,"proxy:regional, James Bay",49.76,-77.80000348897627,6385.0,-34.1,27.7,20.5
"BONAVISTA,NEWFOUNDLAND",364,,BONAVISTA,NL,exact,48.67,-53.1099946083775,4649.0,-12.0,24.3,20.0
"BOW ISLAND,ALBERTA",359,AB,BOW ISLAND,AB,exact,49.73,-111.45001333027746,4537.0,-27.1,31.6,20.8
"CRESTON CAMPBELL SCIENTIFIC,BRITISH COLUMBIA",354,BC,CRESTON CAMPBELL SCIENTIFIC,BC,exact,49.08,-116.50001422112742,3576.0,-13.2,33.0,21.4
"ROCKY MTN HOUSE,ALBERTA",339,AB,ROCKY MTN HOUSE,AB,exact,52.42,-114.9100148430431,5819.0,-29.9,26.8,18.2
"GRAND ETANG,NOVA SCOTIA",338,NS,GRAND ETANG,NS,exact,46.55,-61.04999738833335,3983.0,-13.1,26.3,22.6
"PEMBERTON AIRPORT,BRITISH COLUMBIA",326,BC,PEMBERTON AIRPORT,BC,exact,50.31,-122.73001567181707,3624.0,-14.7,33.7,20.6
"DEER LAKE,NEWFOUNDLAND",320,,DEER LAKE,NL,exact,49.21,-57.389996152303546,5004.0,-19.2,27.1,20.6
"WHISTLER - NESTERS,BRITISH COLUMBIA",314,BC,WHISTLER - NESTERS,BC,exact,50.13,-122.95001565543555,4178.0,-15.8,30.4,17.6
"CHAMOUCHOUANE,QUEBEC",313,QC,CHAMOUCHOUANE,QC,exact,49.28,-73.36000188930866,6296.0,-37.3,27.6,21.4
"PORTAGE SOUTHPORT,MANITOBA",310,MB,PORTAGE SOUTHPORT,MB,exact,49.9,-98.28001002333912,5360.0,-29.0,29.5,23.8
"EDSON CLIMATE,ALBERTA",304,AB,EDSON CLIMATE,AB,exact,53.58,-116.4500155491205,5567.0,-29.9,27.2,18.1
"LA BAIE,QUEBEC",284,QC,LA BAIE,QC,exact,48.3,-70.92000094705575,5625.0,-30.7,27.8,21.4
"PINAWA,MANITOBA",275,MB,PINAWA,MB,exact,50.18,-96.0600094417886,5643.0,-32.6,29.0,22.4
"DRUMHELLER EAST,ALBERTA",273,AB,DRUMHELLER EAST,AB,exact,51.45,-112.68001406640329,5031.0,-29.8,31.7,19.6
"SLAVE LAKE,ALBERTA",272,AB,SLAVE LAKE,AB,exact,55.29,-114.78001581354815,5741.0,-30.6,26.1,19.0
"CARDSTON,ALBERTA",262,AB,CARDSTON,AB,exact,49.2,-113.29001359826486,4502.0,-26.0,30.9,19.0
"GRETNA,MANITOBA",261,MB,GRETNA,MB,exact,49.03,-97.5600096418601,5367.0,-29.9,29.7,23.9
"FORT SMITH,N.W.T.",261,NT,FORT SMITH,NT,name-only,60.02,-111.96001726933967,7037.0,-36.7,27.8,18.6
"VEGREVILLE,ALBERTA",261,AB,VEGREVILLE,AB,exact,53.51,-112.10001456974133,5716.0,-31.9,28.2,19.7
"BOW VALLEY,ALBERTA",245,AB,BOW VALLEY,AB,exact,51.08,-115.07001447373234,5121.0,-28.6,29.1,17.1
"ESTEVAN POINT,BRITISH COLUMBIA",241,BC,ESTEVAN POINT,BC,exact,49.38,-126.54001598342545,3054.0,-1.3,18.5,16.8
"SANDSPIT,BRITISH COLUMBIA",233,BC,SANDSPIT,BC,exact,53.25,-131.81001790465314,3391.0,-1.8,19.5,16.1
"INUVIK,N.W.T.",231,NT,INUVIK,NT,name-only,68.3,-133.48002886650977,9003.0,-38.3,25.3,17.4
"BROOKS,ALBERTA",230,AB,BROOKS,AB,exact,50.56,-111.85001363518838,4864.0,-28.8,31.7,20.1
"TOFINO,BRITISH COLUMBIA",228,BC,ESTEVAN POINT,BC,"proxy:~50 km, outer coast",49.38,-126.54001598342545,3054.0,-1.3,18.5,16.8
"CATHEDRAL POINT,BRITISH COLUMBIA",221,BC,CATHEDRAL POINT,BC,exact,52.19,-127.47001698003041,3413.0,-7.1,23.1,18.0
"SPIRITWOOD WEST,SASKATCHEWAN",215,SK,SPIRITWOOD WEST,SK,exact,53.37,-107.55001341679299,6002.0,-32.5,27.3,21.3
"BONAVISTA,NEWFOUNDLAND AND LABRADOR",209,,BONAVISTA,NL,exact,48.67,-53.1099946083775,4649.0,-12.0,24.3,20.0
"PRINCETON,BRITISH COLUMBIA",205,BC,PRINCETON,BC,exact,49.47,-120.51001506317502,4325.0,-21.6,33.0,19.3
"MELFORT,SASKATCHEWAN",199,SK,MELFORT,SK,exact,52.82,-104.60001248336589,6020.0,-32.2,27.4,21.8
"EMERSON,MANITOBA",188,MB,EMERSON,MB,exact,49.01,-97.24000954808184,5332.0,-30.6,29.9,23.8
"POINT ATKINSON,BRITISH COLUMBIA",187,BC,POINT ATKINSON,BC,exact,49.33,-123.26001548252724,2365.0,-0.7,24.5,21.6
"PILOT MOUND,MANITOBA",186,MB,PILOT MOUND,MB,exact,49.19,-98.90001004997164,5672.0,-30.9,28.3,23.6
"NAKUSP,BRITISH COLUMBIA",184,BC,NAKUSP,BC,exact,50.27,-117.82001479255372,3719.0,-12.3,31.6,20.3
"QUÃ BEC INTL,QUEBEC",181,QC,QUÉBEC INTL,QC,alias:encoding-corrupt,46.8,-71.38000099180711,4838.0,-25.7,28.4,22.7
"PINCHER CREEK,ALBERTA",173,AB,PINCHER CREEK,AB,exact,49.52,-114.00001382768507,4726.0,-27.3,29.5,17.9
"MONTRÃ AL-ST-HUBERT,QUEBEC",170,QC,MONTRÉAL-ST-HUBERT,QC,alias:encoding-corrupt,45.52,-73.42000158714774,4275.0,-23.2,29.6,23.5
"KILLARNEY,ONTARIO",166,ON,KILLARNEY ,ON,exact,45.97,-81.48000428311262,4486.0,-23.5,25.6,21.3
"CARBERRY,MANITOBA",164,MB,CARBERRY,MB,exact,49.91,-99.36001032964411,5716.0,-32.4,29.3,23.7
"WAINWRIGHT,ALBERTA",162,AB,WAINWRIGHT,AB,exact,52.83,-111.1000141191533,5474.0,-31.3,29.6,19.4
"YOHO PARK,BRITISH COLUMBIA",162,BC,YOHO PARK,BC,exact,51.44,-116.36001484263824,6427.0,-28.1,25.6,14.8
"GIMLI CLIMATE,MANITOBA",160,MB,GIMLI CLIMATE,MB,exact,50.63,-97.0500098259858,5800.0,-32.2,28.5,22.8
"CARTWRIGHT,NEWFOUNDLAND AND LABRADOR",155,,CARTWRIGHT,NL,exact,53.68,-57.03999608880308,6296.0,-26.0,24.5,18.2
"MONTRÃ AL INTL,QUEBEC",154,QC,MONTRÉAL INTL,QC,alias:encoding-corrupt,45.47,-73.7400016901359,4167.0,-23.1,29.7,23.4
"MATAGAMI,QUEBEC",153,QC,MATAGAMI,QC,exact,49.76,-77.80000348897627,6385.0,-34.1,27.7,20.5
"HAINES JUNCTION,YUKON",150,YK,HAINES JUNCTION,YT,exact,60.77,-137.58002228799413,7196.0,-38.4,23.4,14.2
"THOMPSON,MANITOBA",144,MB,THOMPSON,MB,exact,55.8,-97.86001142008192,7445.0,-37.3,27.7,19.6
"DAWSON CREEK,BRITISH COLUMBIA",141,BC,DAWSON CREEK,BC,exact,55.74,-120.18001712020677,5666.0,-33.3,27.1,17.7
"JASPER WARDEN,ALBERTA",141,AB,JASPER WARDEN,AB,exact,52.93,-118.03001564735679,5357.0,-29.1,29.6,15.6
"DEER LAKE,NEWFOUNDLAND AND LABRADOR",140,,DEER LAKE,NL,exact,49.21,-57.389996152303546,5004.0,-19.2,27.1,20.6
"LILLOOET,BRITISH COLUMBIA",139,BC,LILLOOET,BC,exact,50.68,-121.9300156479166,3241.0,-16.5,35.5,25.5
"GREY ISLET,BRITISH COLUMBIA",138,BC,GREY ISLET,BC,exact,54.58,-130.7000182959463,3542.0,-5.2,18.0,15.7
"CARMAN U OF M,MANITOBA",138,MB,CARMAN U OF M,MB,exact,49.5,-98.03000986903935,5451.0,-30.3,29.5,24.5
"INDIAN HEAD,SASKATCHEWAN",136,SK,INDIAN HEAD,SK,exact,50.55,-103.65001163742913,5759.0,-31.8,28.5,22.3
"MONTRÃ AL MIRABEL  INTL,QUEBEC",135,QC,MONTRÉAL MIRABEL  INTL,QC,alias:encoding-corrupt,45.68,-74.03000180329269,4569.0,-25.9,29.2,23.2
"SEPT-ÎLES,QUEBEC",132,QC,SEPT-ÎLES,QC,exact,50.22,-66.26999942428506,5924.0,-27.6,22.7,18.0
"MISCOU ISLAND,NEW BRUNSWICK",131,NB,MISCOU ISLAND,NB,exact,48.01,-64.48999865948686,4845.0,-19.6,25.8,21.1
"JONQUIÃ RE,QUEBEC",129,QC,JONQUIÈRE,QC,alias:encoding-corrupt,48.43,-71.14000103587153,5343.0,-28.9,27.8,21.5
"BIG TROUT LAKE,ONTARIO",128,ON,BIG TROUT LAKE ,ON,exact,53.82,-89.90000830586933,7150.0,-36.2,26.7,20.2
"WABUSH,NEWFOUNDLAND AND LABRADOR",124,QC,WABUSH,NL,exact,52.92,-66.85999983456216,7414.0,-34.8,24.5,17.0
"PORTAGE LA PRAIRIE,MANITOBA",124,MB,PORTAGE SOUTHPORT,MB,alias:same location,49.9,-98.28001002333912,5360.0,-29.0,29.5,23.8
"L'ÉTAPE,QUEBEC",123,QC,L'ÉTAPE,QC,exact,47.56,-71.2300009974805,6527.0,-32.8,23.7,18.9
"MAYO,YUKON",118,YK,MAYO,YT,exact,63.62,-135.87002427356455,7303.0,-47.5,25.5,16.1
"STEPHENVILLE,NEWFOUNDLAND AND LABRADOR",117,,STEPHENVILLE,NL,exact,48.53,-58.54999655681975,4556.0,-13.9,23.3,19.4
"WYNYARD,SASKATCHEWAN",111,SK,WYNYARD,SK,exact,51.77,-104.20001208893075,5817.0,-31.5,28.4,20.9
"LAC LA BICHE CLIMATE,ALBERTA",110,AB,LAC LA BICHE CLIMATE,AB,exact,54.77,-112.0200149848726,5710.0,-32.0,27.4,19.2
"DAWSON CITY,YUKON",110,YK,DAWSON,YT,alias:same station,64.06,-139.13002495295243,7917.0,-48.0,25.8,15.8
"DAWSON,YUKON",108,YK,DAWSON,YT,exact,64.06,-139.13002495295243,7917.0,-48.0,25.8,15.8
"BARRAGE TEMISCAMINGUE,QUEBEC",104,QC,BARRAGE TEMISCAMINGUE,QC,exact,46.71,-79.10000358623957,4820.0,-26.5,29.1,21.9
"FORT NELSON,BRITISH COLUMBIA",104,BC,FORT NELSON,BC,exact,58.84,-122.60001904935125,6572.0,-36.2,27.9,18.4
"INUVIK,NORTHWEST TERRITORIES",101,NT,INUVIK,NT,exact,68.3,-133.48002886650977,9003.0,-38.3,25.3,17.4
"HIGH LEVEL,ALBERTA",101,AB,HIGH LEVEL,AB,exact,58.62,-117.17001781498394,6651.0,-36.0,27.2,19.0
"FISHER BRANCH,MANITOBA",96,MB,FISHER BRANCH,MB,exact,51.08,-97.55001007055766,5894.0,-32.0,29.0,22.3
"MOOSONEE,ONTARIO",89,ON,MOOSONEE,ON,exact,51.29,-80.61000466571156,6572.0,-33.8,28.2,21.6
"TWILLINGATE,NEWFOUNDLAND AND LABRADOR",88,,TWILLINGATE,NL,exact,49.68,-54.79999521781429,4986.0,-14.2,24.9,19.5
"NORMAN WELLS,N.W.T.",85,NT,NORMAN WELLS,NT,name-only,65.28,-126.80002442731468,8231.0,-42.1,26.8,18.0
"BURNS LAKE,BRITISH COLUMBIA",84,BC,BURNS LAKE,BC,exact,54.38,-125.96001756463272,5701.0,-29.3,27.4,17.3
"VICTORIA BEACH,MANITOBA",83,MB,VICTORIA BEACH,MB,exact,50.7,-96.57000970062765,5459.0,-30.3,28.2,23.5
"YELLOWKNIFE,NORTHWEST TERRITORY",82,NT,YELLOWKNIFE,NT,name-only,62.46,-114.44001936965242,7856.0,-39.2,25.7,17.5
"WATROUS EAST,SASKATCHEWAN",82,SK,WATROUS EAST,SK,exact,51.67,-105.4000123774781,5792.0,-31.4,28.6,21.9
"VAUXHALL,ALBERTA",81,AB,VAUXHALL,AB,exact,50.05,-112.13001356390357,4597.0,-28.3,31.6,20.8
"WEYBURN,SASKATCHEWAN",79,SK,WEYBURN,SK,exact,49.7,-103.8000114775097,5385.0,-31.3,31.2,22.6
"POINTE DE L'ISLET,QUEBEC",78,QC,POINTE DE L'ISLET,QC,exact,48.14,-69.72000051506855,5014.0,-22.6,24.0,19.6
"LA RONGE,SASKATCHEWAN",76,SK,LA RONGE,SK,exact,55.15,-105.27001338853856,6389.0,-35.1,27.8,19.5
"ROSETOWN EAST,SASKATCHEWAN",75,SK,ROSETOWN EAST,SK,exact,51.57,-107.92001298706553,5625.0,-32.0,30.1,20.9
"PUNTZI MOUNTAIN,BRITISH COLUMBIA",75,BC,PUNTZI MOUNTAIN,BC,exact,52.11,-124.14001645751783,5572.0,-32.1,29.5,16.4
"ASSINIBOIA AIRPORT,SASKATCHEWAN",74,SK,ASSINIBOIA AIRPORT,SK,exact,49.73,-105.9500120307111,5147.0,-29.5,31.5,20.9
"BLUE RIVER,BRITISH COLUMBIA",73,BC,BLUE RIVER,BC,exact,52.13,-119.2900156266328,4860.0,-26.5,31.1,17.9
"HAY RIVER,NORTHWEST TERRITORIES",71,NT,HAY RIVER,NT,exact,60.84,-115.78001870016837,7284.0,-35.0,26.8,18.6
"LOURDES DE BLANC SABLON,QUEBEC",70,QC,LOURDES DE BLANC SABLON,QC,exact,51.44,-57.1899961145768,6045.0,-24.4,18.8,16.2
"FORT SMITH,NORTHWEST TERRITORIES",70,NT,FORT SMITH,NT,exact,60.02,-111.96001726933967,7037.0,-36.7,27.8,18.6
"IQALUIT,NUNAVUT",69,NU,IQALUIT,NU,exact,63.76,-68.56000186524278,9483.0,-35.8,18.8,13.1
"WASAGAMING,MANITOBA",67,MB,WASAGAMING,MB,exact,50.66,-99.94001065671023,6294.0,-34.4,27.6,21.0
"LONGUE-POINTE-DE-MINGAN,QUEBEC",67,QC,LONGUE-POINTE-DE-MINGAN,QC,exact,50.27,-64.22999868128815,5987.0,-26.6,21.2,18.1
"SHOAL LAKE,MANITOBA",67,MB,SHOAL LAKE,MB,exact,50.45,-100.6000107918514,6006.0,-32.8,27.7,22.5
"CORONATION CLIMATE,ALBERTA",67,AB,CORONATION CLIMATE,AB,exact,52.07,-111.4500139705973,5733.0,-31.4,29.9,18.5
"LAST MOUNTAIN,SASKATCHEWAN",63,SK,LAST MOUNTAIN,SK,exact,51.42,-105.2500122722385,5761.0,-32.4,29.2,21.7
"CAP-ROUGE,QUEBEC",63,QC,CAP-ROUGE,QC,exact,48.37,-70.54000082045164,5148.0,-26.9,26.5,20.7
"MELITA,MANITOBA",61,MB,MELITA,MB,exact,49.28,-100.99001064136526,5428.0,-31.3,29.8,23.2
"LYTTON,BRITISH COLUMBIA",61,BC,LYTTON,BC,exact,50.22,-121.58001545526852,3147.0,-15.3,35.2,19.5
"DAWSON,YUKON TERRITORY",60,YK,DAWSON,YT,exact,64.06,-139.13002495295243,7917.0,-48.0,25.8,15.8
"ROSE SPIT,BRITISH COLUMBIA",57,BC,ROSE SPIT,BC,exact,54.16,-131.6600182402638,3571.0,-2.6,16.4,15.3
"MILK RIVER,ALBERTA",56,AB,MILK RIVER,AB,exact,49.13,-112.05001331474766,4732.0,-27.1,31.9,18.2
"OAKPOINT MARINE,MANITOBA",55,MB,OAKPOINT MARINE,MB,exact,50.5,-98.04001008328382,5748.0,-30.9,27.8,23.6
"ROBLIN,MANITOBA",53,MB,ROBLIN,MB,exact,51.18,-101.36001117291218,6033.0,-33.3,27.7,22.0
"NIPAWIN,SASKATCHEWAN",52,SK,NIPAWIN,SK,exact,53.33,-104.00001246973576,6194.0,-34.5,27.7,20.8
"CARMACKS,YUKON",50,YK,CARMACKS,YT,exact,62.12,-136.19002311513094,7396.0,-43.5,25.8,17.4
"SWIFT CURRENT CDA,SASKATCHEWAN",49,SK,SWIFT CURRENT CDA,SK,exact,50.27,-107.7300126003188,5124.0,-29.2,30.5,20.5
"FARO,YUKON",48,YK,FARO,YT,exact,62.21,-133.38002287319196,7227.0,-42.5,24.1,15.3
"SCHEFFERVILLE,QUEBEC",48,QC,SCHEFFERVILLE,QC,exact,54.81,-66.8099999693253,7926.0,-35.4,23.4,16.6
"CHEVERY,QUEBEC",47,QC,CHEVERY,QC,exact,50.47,-59.63999700267352,6002.0,-26.5,19.6,16.5
"CORONATION,ALBERTA",46,AB,CORONATION CLIMATE,AB,prefix,52.07,-111.4500139705973,5733.0,-31.4,29.9,18.5
"DANIELS HARBOUR,NEWFOUNDLAND AND LABRADOR",44,,DANIELS HARBOUR,NL,exact,50.24,-57.57999623855485,5100.0,-18.1,21.2,18.6
"CARTWRIGHT,NEWFOUNDLAND",44,,CARTWRIGHT,NL,exact,53.68,-57.03999608880308,6296.0,-26.0,24.5,18.2
"SWAN RIVER,MANITOBA",43,MB,SWAN RIVER,MB,exact,52.11,-101.23001136860454,5972.0,-32.1,29.0,21.6
"SUFFIELD,ALBERTA",43,AB,MEDICINE HAT,AB,proxy:~40 km,50.03,-110.72001324256695,4508.0,-28.1,33.0,19.3
"WATSON LAKE,YUKON",41,YK,WATSON LAKE,YT,exact,60.12,-128.82002083938775,7199.0,-43.5,25.7,16.1
"HUDSON BAY,SASKATCHEWAN",41,SK,HUDSON BAY,SK,exact,52.82,-102.32001186213213,6124.0,-33.1,28.7,21.2
"MACKENZIE,BRITISH COLUMBIA",41,BC,MACKENZIE,BC,exact,55.3,-123.1300174758714,5387.0,-29.3,27.6,17.0
"SCOTT,SASKATCHEWAN",38,SK,SCOTT,SK,exact,52.36,-108.83001343335052,5824.0,-32.1,28.8,20.2
"ATIKOKAN,ONTARIO",37,ON,ATIKOKAN,ON,exact,48.76,-91.6300078519845,5616.0,-33.0,28.9,21.9
"BURWASH,YUKON",37,YK,BURWASH,YT,exact,61.37,-139.04002281686473,7672.0,-40.5,22.4,14.4
"RESOLUTE,NUNAVUT",36,NU,RESOLUTE BAY,NU,prefix,74.72,-94.97002432715381,11759.0,-38.6,13.9,9.9
"NORMAN WELLS,NORTHWEST TERRITORIES",36,NT,NORMAN WELLS,NT,exact,65.28,-126.80002442731468,8231.0,-42.1,26.8,18.0
"WAWA,ONTARIO",35,ON,WAWA,ON,exact,47.97,-84.79000559147099,5605.0,-30.6,24.6,19.9
"KINDERSLEY,SASKATCHEWAN",33,SK,KINDERSLEY,SK,exact,51.52,-109.18001327884211,5490.0,-31.2,30.2,20.3
"LAC BENOIT,QUEBEC",33,QC,LAC BENOIT,QC,exact,51.53,-71.11000129905376,7333.0,-40.5,25.5,18.5
"DAWSON CITY,YUKON TERRITORY",33,YK,DAWSON,YT,alias:same station,64.06,-139.13002495295243,7917.0,-48.0,25.8,15.8
"LEADER AIRPORT,SASKATCHEWAN",31,SK,LEADER AIRPORT,SK,exact,50.91,-109.50001318896315,5157.0,-31.3,31.9,19.9
"PUKASKWA,ONTARIO",29,ON,PUKASKWA,ON,exact,48.61,-86.29000616277817,5553.0,-28.5,22.7,18.9
"LA SCIE,NEWFOUNDLAND AND LABRADOR",29,,LA SCIE,NL,exact,49.92,-55.66999553600719,5309.0,-17.7,26.1,20.0
"BAKER LAKE,NUNAVUT",29,NU,BAKER LAKE,NU,exact,64.3,-96.08001444264129,10235.0,-39.7,22.4,15.4
"WASKESIU LAKE,SASKATCHEWAN",29,SK,WASKESIU LAKE,SK,exact,53.92,-106.0700132031999,6007.0,-31.9,27.3,19.4
"POINTE-AU-PÃ RE,QUEBEC",29,QC,POINTE-AU-PÈRE,QC,alias:encoding-corrupt,48.51,-68.47000010089654,5205.0,-22.0,22.7,19.8
"HAVRE ST-PIERRE,QUEBEC",28,QC,HAVRE ST-PIERRE,QC,exact,50.28,-63.60999845519212,5860.0,-26.7,22.6,18.3
"POSTE DE LA BALEINE,QUEBEC",27,QC,KUUJJUARAPIK,QC,alias:renamed station,55.28,-77.77000426876073,7577.0,-34.1,24.5,17.7
"KUUJJUAQ,QUEBEC",27,QC,KUUJJUAQ,QC,exact,58.09,-68.42000095699946,8022.0,-34.4,24.2,17.7
"NORWAY HOUSE,MANITOBA",27,MB,NORWAY HOUSE,MB,exact,53.96,-97.85001087669926,6625.0,-35.0,27.5,20.5
"NAGAGAMI,ONTARIO",27,ON,NAGAGAMI,ON,exact,49.75,-84.16000563962993,6217.0,-34.7,28.5,21.4
"OUTLOOK,SASKATCHEWAN",26,SK,OUTLOOK,SK,exact,51.48,-107.05001274582602,5270.0,-29.7,29.9,21.3
"OLD CROW,YUKON",26,YK,OLD CROW,YT,exact,67.57,-139.84002866062878,9247.0,-47.3,24.7,16.3
"FORT SMITH,NORTHWEST TERRITORY",25,NT,FORT SMITH,NT,name-only,60.02,-111.96001726933967,7037.0,-36.7,27.8,18.6
"NATASHQUAN,QUEBEC",24,QC,NATASHQUAN,QC,exact,50.19,-61.809997791299075,5757.0,-26.6,22.2,18.3
"POINTE-DES-MONTS,QUEBEC",23,QC,POINTE-DES-MONTS,QC,exact,49.32,-67.37999976713508,5594.0,-24.0,19.6,17.3
"RIVIERE-DU-LOUP,NEW BRUNSWICK",22,NB,RIVIERE-DU-LOUP,QC,name-only,47.81,-69.5500004317531,5212.0,-24.1,25.7,21.1
"ÎLE AUX PERROQUETS,QUEBEC",22,QC,ÎLE AUX PERROQUETS,QC,exact,50.22,-64.2099986726071,5798.0,-21.6,17.0,15.7
"INUVIK,NORTHWEST TERRITORY",22,NT,INUVIK,NT,name-only,68.3,-133.48002886650977,9003.0,-38.3,25.3,17.4
"LA POCATIÃ RE,QUEBEC",20,QC,LA POCATIÈRE,QC,alias:encoding-corrupt,47.36,-70.03000056681536,4894.0,-23.1,27.5,22.4
"ELBOW,SASKATCHEWAN",20,SK,ELBOW ,SK,exact,51.13,-106.58001253565496,5431.0,-30.9,30.6,21.0
"ST. JOHN'S,NEWFOUNDLAND AND LABRADOR",20,,ST-JOHN'S INTL,NL,prefix,47.62,-52.74999448585086,4578.0,-12.8,25.1,20.8
"LUCKY LAKE,SASKATCHEWAN",19,SK,LUCKY LAKE,SK,exact,50.95,-107.15001263173413,5320.0,-29.9,30.0,21.5
"BANFF,BRITISH COLUMBIA",18,BC,BANFF,AB,name-only,51.19,-115.55001460452084,5565.0,-28.4,27.9,15.3
"MAPLE CREEK,SASKATCHEWAN",17,SK,MAPLE CREEK,SK,exact,49.9,-109.47001292209492,4716.0,-28.9,32.3,20.1
"GASPÃ ,QUEBEC",15,QC,GASPÉ,QC,prefix,48.78,-64.47999869448287,5263.0,-23.8,27.2,20.8
"WRECKHOUSE,NEWFOUNDLAND AND LABRADOR",14,,WRECKHOUSE,NL,exact,47.71,-59.30999680954366,4477.0,-11.6,23.3,20.6
"GOOSE BAY,NEWFOUNDLAND",14,,GOOSE,NL,contains,53.32,-60.41999738932218,6348.0,-29.3,27.5,18.8
"FLIN FLON,MANITOBA",14,MB,FLIN FLON,MB,exact,54.68,-101.68001222416795,6510.0,-34.5,28.4,20.3
"SARTINE ISLAND,BRITISH COLUMBIA",14,BC,SARTINE ISLAND,BC,exact,50.82,-128.91001672456,3379.0,0.2,15.3,14.4
"SABLE ISLAND,NOVA SCOTIA",13,NS,SABLE ISLAND,NS,exact,43.95,-59.95999693800275,3526.0,-8.1,21.0,19.7
"NORMAN WELLS,NORTHWEST TERRITORY",13,NT,NORMAN WELLS,NT,name-only,65.28,-126.80002442731468,8231.0,-42.1,26.8,18.0
"ESTHER,ALBERTA",11,AB,ESTHER,AB,exact,51.67,-110.21001356515332,5302.0,-30.5,31.4,20.8
"GOOSE,NEWFOUNDLAND AND LABRADOR",11,,GOOSE,NL,exact,53.32,-60.41999738932218,6348.0,-29.3,27.5,18.8
"AMQUI,NEW BRUNSWICK",11,NB,AMQUI,QC,name-only,48.47,-67.4299997292721,5404.0,-26.8,27.4,20.8
"Ã LES DE LA MADELEINE,QUEBEC",11,QC,ÎLES DE LA MADELEINE,QC,contains,47.43,-61.76999767119228,4494.0,-14.7,23.3,20.4
"MCCREARY,MANITOBA",10,MB,MCCREARY,MB,exact,50.71,-99.53001055311412,5473.0,-28.9,29.3,22.7
"CHURCHILL,MANITOBA",10,MB,CHURCHILL,MB,exact,58.74,-94.07001114894715,8578.0,-34.8,24.9,18.4
"UPSALA,ONTARIO",9,ON,UPSALA,ON,exact,49.03,-90.47000754252926,5941.0,-31.9,28.1,21.5
"MONCTON INTL,NOVA SCOTIA",9,NS,MONCTON INTL,NB,name-only,46.11,-64.67999863576253,4514.0,-22.1,28.3,22.2
"DEASE LAKE,BRITISH COLUMBIA",8,BC,DEASE LAKE,BC,exact,58.43,-130.03002003319133,6732.0,-35.9,24.1,14.6
"FORT SIMPSON,NORTHWEST TERRITORIES",8,NT,FORT SIMPSON,NT,exact,61.76,-121.24002052470989,7360.0,-38.0,28.2,19.1
"TESLIN,YUKON",8,YK,TESLIN,YT,exact,60.17,-132.73002139819013,6874.0,-38.9,23.5,14.9
"WABUSH LAKE,NEWFOUNDLAND",7,,WABUSH,NL,contains,52.92,-66.85999983456216,7414.0,-34.8,24.5,17.0
"GERALDTON,ONTARIO",7,ON,GERALDTON,ON,exact,49.78,-86.94000655258432,6191.0,-33.9,28.1,20.8
"CAMBRIDGE BAY,NUNAVUT",7,NU,CAMBRIDGE BAY,NU,exact,69.11,-105.14002192108266,11204.0,-41.0,17.4,13.1
"ST-ANICET,ONTARIO",7,ON,ST-ANICET,QC,name-only,45.12,-74.2900018463862,4296.0,-24.9,30.1,24.2
"ROCKGLEN,SASKATCHEWAN",6,SK,ROCKGLEN,SK,exact,49.17,-105.98001190942337,5125.0,-28.3,31.7,19.8
"LITTLE CHICAGO,NORTHWEST TERRITORIES",6,NT,LITTLE CHICAGO,NT,exact,67.18,-130.2300270006516,8716.0,-44.0,26.4,17.8
"FORT GOOD HOPE,NORTHWEST TERRITORIES",6,NT,FORT GOOD HOPE ,NT,exact,66.24,-128.64002570776995,8351.0,-42.9,28.3,18.1
"EASTEND CYPRESS,SASKATCHEWAN",6,SK,EASTEND CYPRESS,SK,exact,49.44,-108.99001269745334,5233.0,-27.6,29.9,18.6
"MANOUANE,QUEBEC",5,QC,MANOUANE,QC,exact,50.66,-70.53000100701657,6906.0,-37.3,25.2,18.8
"VAL MARIE SOUTHEAST,SASKATCHEWAN",5,SK,VAL MARIE SOUTHEAST,SK,exact,49.06,-107.59001227598948,5195.0,-31.4,33.5,19.8
"PEAWANUCK,ONTARIO",4,ON,PEAWANUCK,ON,exact,54.99,-85.44000703216018,7794.0,-37.3,27.5,19.6
"DAWSON CREEK,ALBERTA",4,AB,DAWSON CREEK,BC,name-only,55.74,-120.18001712020677,5666.0,-33.3,27.1,17.7
"INUKJUAK,QUEBEC",4,QC,INUKJUAK,QC,exact,58.47,-78.08000500161977,8283.0,-32.6,21.7,15.8
"PICKLE LAKE,ONTARIO",3,ON,PICKLE LAKE,ON,exact,51.45,-90.2200079070823,6353.0,-32.4,28.4,21.0
"KUUJJUARAPIK,QUEBEC",3,QC,KUUJJUARAPIK,QC,exact,55.28,-77.77000426876073,7577.0,-34.1,24.5,17.7
"QUï¿½ï¿½ï¿½ï¿½ï¿½ï¿½BEC INTL,QUEBEC",3,QC,QUÉBEC INTL,QC,alias:encoding-corrupt,46.8,-71.38000099180711,4838.0,-25.7,28.4,22.7
"GARDEN RIVER,ALBERTA",3,AB,GARDEN RIVER,AB,exact,58.71,-113.87001708740631,6582.0,-38.3,29.1,20.7
"CORONACH,SASKATCHEWAN",2,SK,CORONACH,SK,exact,49.05,-105.48001175846727,5143.0,-29.7,32.6,21.1
"SEPT-Ã LES,QUEBEC",2,QC,SEPT-ÎLES,QC,alias:encoding-corrupt,50.22,-66.26999942428506,5924.0,-27.6,22.7,18.0
"MARY'S HARBOUR,NEWFOUNDLAND AND LABRADOR",2,,MARY'S HARBOUR,NL,exact,52.3,-55.84999561911508,6106.0,-26.7,25.4,18.7
"LANSDOWNE HOUSE,ONTARIO",2,ON,LANSDOWNE HOUSE,ON,exact,52.2,-87.94000731115648,6805.0,-36.0,27.7,20.5
"FORT VERMILION,ALBERTA",2,AB,FORT VERMILION,AB,exact,58.38,-116.04001744158948,6249.0,-34.0,28.6,20.1
"FORT PROVIDENCE,NORTHWEST TERRITORIES",2,NT,FORT PROVIDENCE,NT,exact,61.32,-117.60001942661471,7285.0,-36.6,28.5,18.5
"ST-ANICET,QUÉBEC",2,ON,ST-ANICET,QC,exact,45.12,-74.2900018463862,4296.0,-24.9,30.1,24.2
"ÎLE ROUGE,QUEBEC",2,QC,ÎLE ROUGE,QC,exact,48.07,-69.56000045286827,5395.0,-22.5,22.0,18.6
"COLLINS BAY,SASKATCHEWAN",2,SK,COLLINS BAY,SK,exact,58.23,-103.68001408555888,7509.0,-34.6,25.6,17.2
"DEADMEN VALLEY,NORTHWEST TERRITORIES",2,NT,DEADMEN VALLEY,NT,exact,61.26,-124.47002083596233,7199.0,-40.4,28.1,17.7
"GILLAM,MANITOBA",2,MB,GILLAM,MB,exact,56.36,-94.7100105791579,7728.0,-36.2,27.2,19.5
"ST-ANICET,QU�BEC",2,ON,ST-ANICET,QC,name-only,45.12,-74.2900018463862,4296.0,-24.9,30.1,24.2
"ST-JOVITE,ONTARIO",2,ON,ST-JOVITE,QC,name-only,46.08,-74.56000201378569,5103.0,-30.6,28.6,22.2
"MCTAVISH,QU?BEC",1,QC,MCTAVISH,QC,name-only,45.5,-73.58000163863731,4028.0,-22.3,29.6,23.3
"ONEFOUR,ALBERTA",1,AB,ONEFOUR,AB,exact,49.12,-110.47001296121242,4704.0,-27.1,33.6,19.0
"LAC EON,QUEBEC",1,QC,LAC EON,QC,exact,51.87,-63.279998414185954,7068.0,-33.6,25.3,18.7
"MILDRED LAKE,ALBERTA",1,SK,MILDRED LAKE,AB,exact,57.04,-111.5600157573319,5875.0,-33.2,28.9,18.7
"HALL BEACH,NUNAVUT",1,NU,HALL BEACH,NU,exact,68.78,-81.24001014835508,11059.0,-41.0,14.4,11.1
"DELINE,NORTHWEST TERRITORIES",1,NT,DELINE ,NT,exact,65.21,-123.4300236811584,8602.0,-39.2,24.4,16.4
"Saskatoon, SK",1,SK,SASKATOON INTL,SK,prefix,52.17,-106.70001284814377,5695.0,-32.5,29.6,21.3
"YELLOWKNIFE,NT",1,NT,YELLOWKNIFE,NT,exact,62.46,-114.44001936965242,7856.0,-39.2,25.7,17.5
"CORAL HARBOUR,NUNAVUT",1,NU,CORAL HARBOUR,NU,exact,64.19,-83.36000897005904,10173.0,-39.3,19.4,13.6
