fuel,province,year,n,factor_native,factor_kwh
Electricity,AB,2002,1.0,0.0008044189413846731,0.8044189413846732
Electricity,AB,2003,1.0,0.0007984471579411075,0.7984471579411075
Electricity,AB,2010,3.0,0.00025007077474757005,0.25007077474757006
Electricity,AB,2011,1.0,0.0,0.0
Electricity,AB,2012,7.0,9.688804816720109e-05,0.09688804816720109
Electricity,AB,2013,12.0,0.0,0.0
Electricity,AB,2014,111.0,0.0,0.0
Electricity,AB,2015,3144.0,0.0,0.0
Electricity,AB,2016,4461.0,1.5839798978598514e-05,0.015839798978598513
Electricity,AB,2017,5630.0,0.0005943795989224309,0.594379598922431
Electricity,AB,2018,7593.0,0.0009152357905569663,0.9152357905569662
Electricity,AB,2019,11901.0,0.0009212119536962783,0.9212119536962784
Electricity,AB,2020,5933.0,0.000848212535645707,0.848212535645707
Electricity,AB,2021,13698.0,0.0007988193959919817,0.7988193959919817
Electricity,AB,2022,30421.0,0.0007957419829920054,0.7957419829920053
Electricity,AB,2023,48904.0,0.000765860527849526,0.7658605278495261
Electricity,AB,2024,50171.0,0.0007078855978271881,0.7078855978271881
Electricity,AB,2025,42078.0,0.0005975150998284084,0.5975150998284084
Electricity,AB,2026,8793.0,0.000584678665138603,0.584678665138603
Electricity,BC,2002,1.0,1.3332800021332481e-05,0.01333280002133248
Electricity,BC,2010,3.0,0.0,0.0
Electricity,BC,2011,24.0,0.0,0.0
Electricity,BC,2012,72.0,0.0,0.0
Electricity,BC,2013,115.0,0.0,0.0
Electricity,BC,2014,517.0,0.0,0.0
Electricity,BC,2015,5909.0,2.4462182533770182e-08,2.4462182533770184e-05
Electricity,BC,2016,7513.0,9.773745408872776e-06,0.009773745408872776
Electricity,BC,2017,6253.0,1.5731803410058356e-05,0.015731803410058358
Electricity,BC,2018,5911.0,1.3947410795265111e-05,0.013947410795265111
Electricity,BC,2019,6074.0,1.0321896598204487e-05,0.010321896598204486
Electricity,BC,2020,8559.0,1.0514162032367583e-05,0.010514162032367581
Electricity,BC,2021,16973.0,1.1408430543884444e-05,0.011408430543884445
Electricity,BC,2022,35273.0,1.1628950987364052e-05,0.01162895098736405
Electricity,BC,2023,47900.0,1.2004527952492695e-05,0.012004527952492695
Electricity,BC,2024,31554.0,1.304848908040627e-05,0.01304848908040627
Electricity,BC,2025,21082.0,1.575959196004661e-05,0.01575959196004661
Electricity,BC,2026,4781.0,1.6125798206787195e-05,0.016125798206787192
Electricity,MB,2014,3.0,0.0,0.0
Electricity,MB,2015,5.0,0.0,0.0
Electricity,MB,2016,30.0,0.0,0.0
Electricity,MB,2017,42.0,2.9497793363935066e-06,0.0029497793363935064
Electricity,MB,2018,77.0,4.1638342423533866e-06,0.004163834242353386
Electricity,MB,2019,179.0,2.4058187909348128e-06,0.0024058187909348125
Electricity,MB,2020,220.0,1.662636259667929e-06,0.001662636259667929
Electricity,MB,2021,1183.0,1.04906601150783e-06,0.00104906601150783
Electricity,MB,2022,4389.0,1.2852329380120321e-06,0.001285232938012032
Electricity,MB,2023,5823.0,1.1505321834122884e-06,0.0011505321834122885
Electricity,MB,2024,4612.0,6.581441910796741e-07,0.0006581441910796742
Electricity,MB,2025,4071.0,6.988350435127598e-07,0.0006988350435127599
Electricity,MB,2026,1851.0,7.540179689255796e-07,0.0007540179689255797
Electricity,NB,2000,1.0,0.00030623744426478517,0.30623744426478516
Electricity,NB,2008,1.0,0.0,0.0
Electricity,NB,2009,1.0,0.0,0.0
Electricity,NB,2010,1.0,0.0,0.0
Electricity,NB,2011,5.0,0.0,0.0
Electricity,NB,2012,1.0,0.0,0.0
Electricity,NB,2013,2.0,0.0,0.0
Electricity,NB,2014,2.0,0.0,0.0
Electricity,NB,2015,236.0,0.0,0.0
Electricity,NB,2016,606.0,0.00032232432663896384,0.3223243266389638
Electricity,NB,2017,1053.0,7.453199784135259e-05,0.07453199784135259
Electricity,NB,2018,4542.0,0.00032248485354916364,0.3224848535491636
Electricity,NB,2019,8587.0,0.000331856742644915,0.331856742644915
Electricity,NB,2020,7659.0,0.0002943817904940938,0.29438179049409385
Electricity,NB,2021,13470.0,0.000278155865254892,0.27815586525489205
Electricity,NB,2022,17477.0,0.00027825846389288713,0.27825846389288716
Electricity,NB,2023,21682.0,0.00029608963753113675,0.2960896375311367
Electricity,NB,2024,19190.0,0.00030999191967277106,0.30999191967277107
Electricity,NB,2025,20533.0,0.0003062447626709893,0.30624476267098927
Electricity,NB,2026,10655.0,0.0003059906311051183,0.3059906311051183
Electricity,NF,2015,2.0,0.0,0.0
Electricity,NF,2016,3.0,0.0,0.0
Electricity,NF,2017,21.0,0.0,0.0
Electricity,NF,2018,4.0,5.467438669006731e-06,0.005467438669006731
Electricity,NF,2019,25.0,2.8837564742077052e-05,0.028837564742077052
Electricity,NF,2020,11.0,3.308094908240464e-05,0.033080949082404644
Electricity,NF,2021,997.0,3.3978609828432935e-05,0.03397860982843294
Electricity,NF,2022,4876.0,3.401735690212018e-05,0.034017356902120176
Electricity,NF,2023,6433.0,3.3109356324267826e-05,0.03310935632426782
Electricity,NF,2024,3176.0,3.010237224752488e-05,0.030102372247524878
Electricity,NF,2025,880.0,2.5681742612130724e-05,0.025681742612130725
Electricity,NF,2026,292.0,2.3148851284265684e-05,0.023148851284265685
Electricity,NS,2000,2.0,0.0007185055085422321,0.7185055085422322
Electricity,NS,2001,3.0,0.0007169303349267904,0.7169303349267904
Electricity,NS,2003,9.0,0.0007162765953345645,0.7162765953345644
Electricity,NS,2008,1.0,0.0007191701507819452,0.7191701507819451
Electricity,NS,2010,1.0,0.0,0.0
Electricity,NS,2011,5.0,0.0,0.0
Electricity,NS,2012,5.0,0.0,0.0
Electricity,NS,2013,44.0,0.0,0.0
Electricity,NS,2014,532.0,0.0,0.0
Electricity,NS,2015,4546.0,6.219268859864564e-08,6.219268859864564e-05
Electricity,NS,2016,6706.0,7.548394025453062e-05,0.0754839402545306
Electricity,NS,2017,7508.0,0.00018095316186957563,0.18095316186957563
Electricity,NS,2018,8427.0,0.0006712062478770353,0.6712062478770353
Electricity,NS,2019,11321.0,0.0007320864419166453,0.7320864419166452
Electricity,NS,2020,8898.0,0.0007391455337319359,0.7391455337319358
Electricity,NS,2021,14392.0,0.0007392167686549936,0.7392167686549936
Electricity,NS,2022,23077.0,0.000738807774963739,0.738807774963739
Electricity,NS,2023,30375.0,0.0007313580153231605,0.7313580153231606
Electricity,NS,2024,30670.0,0.0007197172101805095,0.7197172101805095
Electricity,NS,2025,26576.0,0.0007182583736314915,0.7182583736314915
Electricity,NS,2026,6980.0,0.0007180159123995514,0.7180159123995514
Electricity,NT,2010,1.0,0.0,0.0
Electricity,NT,2012,8.0,0.0004591584449833995,0.45915844498339947
Electricity,NT,2013,3.0,0.0,0.0
Electricity,NT,2014,5.0,0.0,0.0
Electricity,NT,2015,117.0,0.0,0.0
Electricity,NT,2016,205.0,8.595059686356319e-07,0.0008595059686356319
Electricity,NT,2017,141.0,7.819036426374239e-05,0.07819036426374239
Electricity,NT,2018,174.0,0.00016234518789855885,0.16234518789855884
Electricity,NT,2019,221.0,0.000255080208890581,0.255080208890581
Electricity,NT,2020,124.0,0.00024042216183712103,0.240422161837121
Electricity,NT,2021,148.0,0.00023057334355211252,0.2305733435521125
Electricity,NT,2022,157.0,0.00022522811685616649,0.22522811685616648
Electricity,NT,2023,176.0,0.0002077360107582963,0.2077360107582963
Electricity,NT,2024,132.0,0.00018330020812602955,0.18330020812602954
Electricity,NT,2025,127.0,0.00018001825519613077,0.18001825519613077
Electricity,NT,2026,26.0,0.00018051081153800885,0.18051081153800883
Electricity,NU,2015,16.0,0.0,0.0
Electricity,NU,2016,27.0,0.0,0.0
Electricity,NU,2017,13.0,0.0,0.0
Electricity,NU,2021,5.0,0.0007962354384116832,0.7962354384116832
Electricity,NU,2022,20.0,0.0007812702570243126,0.7812702570243125
Electricity,NU,2024,9.0,0.0008175504604025517,0.8175504604025517
Electricity,NU,2025,1.0,0.0007804567566338825,0.7804567566338825
Electricity,ON,2001,1.0,3.636628118408612e-05,0.036366281184086115
Electricity,ON,2002,1.0,3.6400367643713206e-05,0.036400367643713204
Electricity,ON,2004,2.0,3.391459175310177e-05,0.03391459175310177
Electricity,ON,2006,2.0,0.0,0.0
Electricity,ON,2007,6.0,0.0,0.0
Electricity,ON,2008,3.0,0.0,0.0
Electricity,ON,2009,12.0,0.0,0.0
Electricity,ON,2010,18.0,0.0,0.0
Electricity,ON,2011,14.0,0.0,0.0
Electricity,ON,2012,45.0,0.0,0.0
Electricity,ON,2013,142.0,0.0,0.0
Electricity,ON,2014,509.0,8.779411834424743e-08,8.779411834424743e-05
Electricity,ON,2015,8517.0,0.0,0.0
Electricity,ON,2016,55799.0,4.317968788972894e-09,4.317968788972895e-06
Electricity,ON,2017,89159.0,8.04754603310429e-05,0.0804754603310429
Electricity,ON,2018,102617.0,9.067073205594447e-05,0.09067073205594448
Electricity,ON,2019,68333.0,6.336209105952225e-05,0.06336209105952224
Electricity,ON,2020,45920.0,4.29738079484125e-05,0.042973807948412504
Electricity,ON,2021,63315.0,3.339844383362612e-05,0.03339844383362612
Electricity,ON,2022,102944.0,3.33313126256416e-05,0.033331312625641596
Electricity,ON,2023,207249.0,3.192222864890316e-05,0.03192222864890316
Electricity,ON,2024,103949.0,3.061661619938929e-05,0.03061661619938929
Electricity,ON,2025,43870.0,3.2876852817087696e-05,0.032876852817087694
Electricity,ON,2026,9373.0,3.304972484536136e-05,0.03304972484536136
Electricity,PE,2010,2.0,0.000312526579594388,0.31252657959438795
Electricity,PE,2011,5.0,0.00030765262006334583,0.3076526200633458
Electricity,PE,2012,1.0,0.00030663344512312646,0.30663344512312646
Electricity,PE,2015,4.0,0.0,0.0
Electricity,PE,2016,17.0,0.00045449473967460146,0.45449473967460147
Electricity,PE,2017,89.0,0.0004858006160657006,0.48580061606570063
Electricity,PE,2018,1102.0,0.00034652670609622966,0.34652670609622965
Electricity,PE,2019,2657.0,0.000321139632969553,0.32113963296955295
Electricity,PE,2020,2860.0,0.00029266676200832094,0.2926667620083209
Electricity,PE,2021,3554.0,0.00027822417031305244,0.27822417031305247
Electricity,PE,2022,6150.0,0.0002774635580409043,0.27746355804090433
Electricity,PE,2023,8762.0,0.000292655355386553,0.29265535538655296
Electricity,PE,2024,6091.0,0.0003075530095332249,0.30755300953322495
Electricity,PE,2025,4463.0,0.0003060746163349504,0.3060746163349504
Electricity,PE,2026,1661.0,0.00030597690060851193,0.30597690060851196
Electricity,QC,1976,2.0,0.0,0.0
Electricity,QC,1991,1.0,0.0,0.0
Electricity,QC,1998,1.0,0.0,0.0
Electricity,QC,2000,5.0,6.279352046221053e-07,0.0006279352046221053
Electricity,QC,2002,1.0,0.0,0.0
Electricity,QC,2003,1.0,0.0,0.0
Electricity,QC,2004,1.0,0.0,0.0
Electricity,QC,2006,1.0,2.727612439003767e-06,0.002727612439003767
Electricity,QC,2007,43.0,1.1053829464993081e-06,0.0011053829464993082
Electricity,QC,2008,213.0,9.73843743371776e-07,0.0009738437433717759
Electricity,QC,2009,400.0,1.006927272354076e-06,0.0010069272723540758
Electricity,QC,2010,751.0,9.374222725838358e-07,0.0009374222725838359
Electricity,QC,2011,830.0,7.305889302392358e-07,0.0007305889302392357
Electricity,QC,2012,1170.0,6.429696915593171e-07,0.0006429696915593172
Electricity,QC,2013,1780.0,4.523575787309363e-07,0.0004523575787309363
Electricity,QC,2014,3630.0,4.2116749363552206e-07,0.00042116749363552207
Electricity,QC,2015,20067.0,8.886517518960868e-08,8.886517518960868e-05
Electricity,QC,2016,37848.0,5.762733040743894e-08,5.762733040743894e-05
Electricity,QC,2017,45062.0,7.848426712968427e-08,7.848426712968427e-05
Electricity,QC,2018,51081.0,1.4486915863501196e-07,0.00014486915863501197
Electricity,QC,2019,74079.0,4.347382822089569e-07,0.0004347382822089569
Electricity,QC,2020,59343.0,1.343964006574647e-06,0.0013439640065746469
Electricity,QC,2021,67516.0,1.249782652316993e-06,0.001249782652316993
Electricity,QC,2022,109369.0,1.0447412710706167e-06,0.0010447412710706168
Electricity,QC,2023,124764.0,1.0212884514472556e-06,0.0010212884514472556
Electricity,QC,2024,87809.0,1.1483149125816145e-06,0.0011483149125816145
Electricity,QC,2025,53048.0,1.421406916435281e-06,0.001421406916435281
Electricity,QC,2026,19674.0,1.4700471062325263e-06,0.0014700471062325264
Electricity,SK,2013,5.0,0.0,0.0
Electricity,SK,2014,29.0,0.0,0.0
Electricity,SK,2015,80.0,0.0,0.0
Electricity,SK,2016,99.0,9.885612741244683e-05,0.09885612741244684
Electricity,SK,2017,104.0,0.0003811931982426993,0.3811931982426993
Electricity,SK,2018,168.0,0.0006465002974374273,0.6465002974374273
Electricity,SK,2019,214.0,0.0007837496890112954,0.7837496890112954
Electricity,SK,2020,245.0,0.0007587234097971036,0.7587234097971035
Electricity,SK,2021,1342.0,0.0007496544422084454,0.7496544422084455
Electricity,SK,2022,3524.0,0.0007490654836376891,0.7490654836376891
Electricity,SK,2023,3745.0,0.0007343324874765068,0.7343324874765068
Electricity,SK,2024,3849.0,0.0007062163291687946,0.7062163291687946
Electricity,SK,2025,3665.0,0.0006962501730086866,0.6962501730086866
Electricity,SK,2026,1046.0,0.0006924055155702756,0.6924055155702756
Electricity,YK,2009,1.0,0.0,0.0
Electricity,YK,2012,5.0,0.0,0.0
Electricity,YK,2013,13.0,0.0,0.0
Electricity,YK,2014,40.0,0.0,0.0
Electricity,YK,2015,252.0,0.0,0.0
Electricity,YK,2016,283.0,4.060520749916962e-07,0.0004060520749916962
Electricity,YK,2017,432.0,3.525986836145698e-06,0.003525986836145698
Electricity,YK,2018,570.0,4.069312882793691e-05,0.04069312882793691
Electricity,YK,2019,568.0,4.357742865989356e-05,0.04357742865989356
Electricity,YK,2020,811.0,5.184761696689593e-05,0.05184761696689593
Electricity,YK,2021,992.0,5.716565463736657e-05,0.05716565463736657
Electricity,YK,2022,1045.0,5.9885005260050174e-05,0.05988500526005017
Electricity,YK,2023,890.0,6.417126151251141e-05,0.0641712615125114
Electricity,YK,2024,858.0,8.231960512082065e-05,0.08231960512082065
Electricity,YK,2025,766.0,9.07585723713562e-05,0.0907585723713562
Electricity,YK,2026,230.0,9.177258644583759e-05,0.09177258644583758
NaturalGas,AB,2002,1.0,0.00193725921849202,0.18697428057754675
NaturalGas,AB,2003,1.0,0.0019285129316038358,0.18613013402088927
NaturalGas,AB,2010,2.0,0.0007534810053589416,0.07272210531304026
NaturalGas,AB,2011,1.0,0.0,0.0
NaturalGas,AB,2012,7.0,0.00024506846835977564,0.023652746171716862
NaturalGas,AB,2013,11.0,0.0,0.0
NaturalGas,AB,2014,113.0,0.0,0.0
NaturalGas,AB,2015,3131.0,0.0,0.0
NaturalGas,AB,2016,4459.0,5.107177750790803e-05,0.004929184884607622
NaturalGas,AB,2017,5613.0,0.0012358045126846294,0.11927348569984164
NaturalGas,AB,2018,7511.0,0.001858375747318067,0.179360854283625
NaturalGas,AB,2019,11809.0,0.0019394109668397802,0.1871819562440069
NaturalGas,AB,2020,5894.0,0.0019397879429382452,0.1872183400351551
NaturalGas,AB,2021,13551.0,0.00194110810938939,0.18734575570059064
NaturalGas,AB,2022,30176.0,0.001942178228414122,0.18744903807647081
NaturalGas,AB,2023,48665.0,0.0019565753292081654,0.1888385720829029
NaturalGas,AB,2024,49802.0,0.001971334009378617,0.19026300386818168
NaturalGas,AB,2025,41833.0,0.0019720305717556685,0.19033023248068917
NaturalGas,AB,2026,8752.0,0.0019722475007464065,0.1903511693494326
NaturalGas,BC,2002,1.0,0.0019465046816793637,0.18786660505924696
NaturalGas,BC,2010,1.0,0.0,0.0
NaturalGas,BC,2011,24.0,0.0,0.0
NaturalGas,BC,2012,1.0,0.0,0.0
NaturalGas,BC,2013,107.0,0.0,0.0
NaturalGas,BC,2014,365.0,0.0,0.0
NaturalGas,BC,2015,4379.0,7.865836077156026e-07,7.591699797469406e-05
NaturalGas,BC,2016,5100.0,0.0010825101097870049,0.10447829958083647
NaturalGas,BC,2017,3749.0,0.0016882771224440015,0.1629438112212025
NaturalGas,BC,2018,3777.0,0.001670199327720095,0.1611990355966157
NaturalGas,BC,2019,4412.0,0.0018938406735514138,0.1827837462770762
NaturalGas,BC,2020,6723.0,0.00191008973612464,0.18435202209462703
NaturalGas,BC,2021,12865.0,0.00193283104460872,0.18654689604469799
NaturalGas,BC,2022,24032.0,0.001938140870125701,0.18705937305167417
NaturalGas,BC,2023,33423.0,0.001954343414974696,0.18862315921810388
NaturalGas,BC,2024,20989.0,0.001974639158999314,0.19058199988411603
NaturalGas,BC,2025,13112.0,0.001975362766099182,0.19065183871395722
NaturalGas,BC,2026,2667.0,0.0019759664711107724,0.19071010521187637
NaturalGas,MB,2014,3.0,0.0,0.0
NaturalGas,MB,2015,2.0,0.0,0.0
NaturalGas,MB,2016,18.0,0.0,0.0
NaturalGas,MB,2017,15.0,0.0003660704947181257,0.03533123845133486
NaturalGas,MB,2018,21.0,0.001899517650574124,0.1833316588561179
NaturalGas,MB,2019,109.0,0.0018963707937590228,0.18302794044638335
NaturalGas,MB,2020,123.0,0.0018976742983131067,0.18315374799134326
NaturalGas,MB,2021,883.0,0.0018991501853894326,0.18329619300937472
NaturalGas,MB,2022,3573.0,0.0018992785356393867,0.1833085807143437
NaturalGas,MB,2023,4560.0,0.001910705703713497,0.18441147211333708
NaturalGas,MB,2024,3499.0,0.0019225873594043948,0.18555822831595054
NaturalGas,MB,2025,2698.0,0.0019233969197858622,0.18563636291377003
NaturalGas,MB,2026,903.0,0.0019258479790759868,0.18587292653057944
NaturalGas,NB,2010,1.0,0.0,0.0
NaturalGas,NB,2015,3.0,0.0,0.0
NaturalGas,NB,2016,5.0,0.0019087957867164529,0.18422713676312874
NaturalGas,NB,2017,15.0,0.0017256888986800316,0.16655460314831738
NaturalGas,NB,2018,125.0,0.0019073567512549437,0.18408824847312963
NaturalGas,NB,2019,243.0,0.0019100814302434588,0.18435122045376057
NaturalGas,NB,2020,275.0,0.0019112011343988525,0.18445928853102977
NaturalGas,NB,2021,458.0,0.0019110142852442244,0.18444125481312068
NaturalGas,NB,2022,546.0,0.0019105571264843113,0.1843971322045257
NaturalGas,NB,2023,635.0,0.0019196164548757775,0.18527149191454356
NaturalGas,NB,2024,438.0,0.001925520470715549,0.18584131711068794
NaturalGas,NB,2025,404.0,0.0019247406305175072,0.1857660509518784
NaturalGas,NB,2026,183.0,0.0019250698074440604,0.18579782141317622
NaturalGas,NF,2021,11.0,0.0019100561161314118,0.1843487772660636
NaturalGas,NF,2022,24.0,0.001899260700999859,0.18330685940680613
NaturalGas,NF,2023,35.0,0.0019137527967014263,0.18470556183237555
NaturalGas,NF,2024,21.0,0.0018626256122519379,0.17977102935517827
NaturalGas,NF,2025,4.0,0.0019216341787646266,0.18546623223061506
NaturalGas,NF,2026,2.0,0.001854427445526194,0.1789797845331281
NaturalGas,NS,2013,3.0,0.0,0.0
NaturalGas,NS,2014,11.0,0.0,0.0
NaturalGas,NS,2015,63.0,0.0,0.0
NaturalGas,NS,2016,87.0,4.910134714456026e-06,0.0004739009095999484
NaturalGas,NS,2017,102.0,0.0001430912571241897,0.013810431047300932
NaturalGas,NS,2018,136.0,0.001715378746515185,0.1655595203709244
NaturalGas,NS,2019,230.0,0.0019040299011352762,0.18376715803681812
NaturalGas,NS,2020,291.0,0.0019120404528052974,0.18454029522013082
NaturalGas,NS,2021,580.0,0.001911921317750619,0.18452879691834062
NaturalGas,NS,2022,661.0,0.0019115748972921356,0.1844953622001656
NaturalGas,NS,2023,820.0,0.0019178464599624565,0.18510066112309084
NaturalGas,NS,2024,552.0,0.001926916373155075,0.1859760424235916
NaturalGas,NS,2025,436.0,0.001923319460209358,0.1856288869144548
NaturalGas,NS,2026,100.0,0.0019187096421144799,0.1851839710179884
NaturalGas,NT,2015,10.0,0.0,0.0
NaturalGas,NT,2016,6.0,0.0,0.0
NaturalGas,NT,2017,4.0,0.0,0.0
NaturalGas,NT,2018,20.0,0.0024728118639139288,0.23866306317996433
NaturalGas,NT,2019,19.0,0.0019117305187257379,0.18451038197930125
NaturalGas,NT,2020,8.0,0.0019105635581778218,0.18439775295845248
NaturalGas,NT,2021,1.0,0.0019174041297935103,0.18505796969371113
NaturalGas,NT,2022,16.0,0.0019136392179971368,0.18469459980090308
NaturalGas,NT,2023,4.0,0.0019125048393341078,0.1845851154157481
NaturalGas,NT,2024,2.0,0.001975163782145302,0.19063263380773296
NaturalGas,NT,2025,6.0,0.001978877784791722,0.1909910902116302
NaturalGas,NU,2021,1.0,0.001903409090909091,0.18370724063169847
NaturalGas,ON,2001,1.0,0.001885822046974113,0.18200982974530822
NaturalGas,ON,2002,1.0,0.0018924635422464654,0.18265083265738827
NaturalGas,ON,2004,2.0,0.0019348518246387462,0.18674193132377315
NaturalGas,ON,2006,2.0,0.0,0.0
NaturalGas,ON,2007,6.0,0.0,0.0
NaturalGas,ON,2008,3.0,0.0,0.0
NaturalGas,ON,2009,12.0,0.0,0.0
NaturalGas,ON,2010,18.0,0.0,0.0
NaturalGas,ON,2011,14.0,0.0,0.0
NaturalGas,ON,2012,44.0,0.0,0.0
NaturalGas,ON,2013,141.0,0.0,0.0
NaturalGas,ON,2014,504.0,0.0,0.0
NaturalGas,ON,2015,8440.0,0.0,0.0
NaturalGas,ON,2016,54967.0,3.437639273614241e-08,3.317832347544412e-06
NaturalGas,ON,2017,85713.0,0.00118279530607523,0.11415731013842448
NaturalGas,ON,2018,98377.0,0.0018851996770789664,0.18194976180897454
NaturalGas,ON,2019,67831.0,0.0018975935812329512,0.1831459575945557
NaturalGas,ON,2020,45685.0,0.0018995265633414934,0.18333251907051315
NaturalGas,ON,2021,59908.0,0.001900828432181858,0.1834581687448107
NaturalGas,ON,2022,93823.0,0.0019017726569345366,0.18354930045405765
NaturalGas,ON,2023,190148.0,0.001918535301121613,0.18516714452342062
NaturalGas,ON,2024,94021.0,0.001930092039069941,0.18628254133923436
NaturalGas,ON,2025,38937.0,0.0019306658039022397,0.18633791816527587
NaturalGas,ON,2026,8555.0,0.001931137837513453,0.1863834764178951
NaturalGas,PE,2018,13.0,0.0019075785582255086,0.1841096561393586
NaturalGas,PE,2019,24.0,0.0019029893999304491,0.1836667342203481
NaturalGas,PE,2020,36.0,0.0019121352664061648,0.18454944614048363
NaturalGas,PE,2021,24.0,0.00190393197056959,0.18375770628307705
NaturalGas,PE,2022,80.0,0.0018927912039460996,0.1826824568767891
NaturalGas,PE,2023,98.0,0.001904465896348301,0.18380923804888483
NaturalGas,PE,2024,54.0,0.0019046469158906715,0.18382670912264834
NaturalGas,PE,2025,30.0,0.0018929897406716725,0.18270161861884093
NaturalGas,PE,2026,14.0,0.0019100627445342423,0.18434941700536067
NaturalGas,QC,2007,2.0,0.0018800376007520152,0.1814515447927358
NaturalGas,QC,2008,16.0,0.0019101868025021727,0.18436139044137906
NaturalGas,QC,2009,20.0,0.0018518992198490857,0.17873577321414574
NaturalGas,QC,2010,39.0,0.001816089102086952,0.1752795651124834
NaturalGas,QC,2011,61.0,0.0012805000355874186,0.1235872673352654
NaturalGas,QC,2012,78.0,0.001285898929224916,0.12410834073842701
NaturalGas,QC,2013,71.0,0.0006497890258532246,0.06271428958828934
NaturalGas,QC,2014,188.0,0.0005234457617153162,0.05052028855192172
NaturalGas,QC,2015,777.0,0.00013995393806076723,0.013507633172227584
NaturalGas,QC,2016,1081.0,9.773546307329649e-05,0.009432923441844638
NaturalGas,QC,2017,1369.0,0.00012913187880747673,0.012463143759588919
NaturalGas,QC,2018,1455.0,0.00025681332000387344,0.024786298752436858
NaturalGas,QC,2019,2298.0,0.0006886078656773646,0.06646088404487598
NaturalGas,QC,2020,2172.0,0.001886547908912367,0.18207988620053536
NaturalGas,QC,2021,3283.0,0.0018992010619379455,0.18330110335176245
NaturalGas,QC,2022,5088.0,0.0018997598169915137,0.18335503151127908
NaturalGas,QC,2023,5849.0,0.0019151965659332988,0.18484490700150552
NaturalGas,QC,2024,4956.0,0.0019344862268170554,0.18670664570528758
NaturalGas,QC,2025,3469.0,0.0019338663592546968,0.18664681928122467
NaturalGas,QC,2026,1236.0,0.001935412603188009,0.18679605478067085
NaturalGas,SK,2013,3.0,0.0,0.0
NaturalGas,SK,2014,28.0,0.0,0.0
NaturalGas,SK,2015,75.0,0.0,0.0
NaturalGas,SK,2016,88.0,0.0002463676203641114,0.02377813363099588
NaturalGas,SK,2017,92.0,0.0007888410109007588,0.07613487090181148
NaturalGas,SK,2018,162.0,0.001464705876483788,0.14136586621920333
NaturalGas,SK,2019,212.0,0.0018169665971394446,0.1753642564148058
NaturalGas,SK,2020,245.0,0.0018399690559563473,0.17758433524976572
NaturalGas,SK,2021,1304.0,0.0018444474977059153,0.17801657137812735
NaturalGas,SK,2022,3359.0,0.0018462636164850803,0.17819185380751856
NaturalGas,SK,2023,3525.0,0.001874255083668497,0.18089344603068175
NaturalGas,SK,2024,3622.0,0.0019216840111955322,0.1854710418001498
NaturalGas,SK,2025,3442.0,0.001925066642483952,0.18579751594752988
NaturalGas,SK,2026,1003.0,0.001931355322565311,0.18640446695479349
NaturalGas,YK,2015,1.0,0.0,0.0
NaturalGas,YK,2016,1.0,0.0,0.0
NaturalGas,YK,2017,3.0,0.001843439331094871,0.17791926833008764
NaturalGas,YK,2018,4.0,0.000804526108169833,0.07764871569329827
NaturalGas,YK,2019,3.0,0.0018643465909090908,0.17993712935007777
NaturalGas,YK,2020,4.0,0.0018916925839238192,0.1825764237314396
NaturalGas,YK,2021,4.0,0.0018999366687777073,0.18337210033468526
NaturalGas,YK,2022,5.0,0.0019080756495875192,0.18415763283700756
NaturalGas,YK,2023,8.0,0.001928270837258966,0.18610676832179654
NaturalGas,YK,2024,2.0,0.0019509022923101932,0.18829103978440445
NaturalGas,YK,2026,1.0,0.0017301038062283735,0.1669807072828535
Oil,AB,2018,1.0,0.0027432519389033764,0.2545280056137038
Oil,AB,2022,5.0,0.0027482544870150037,0.25499215860518887
Oil,AB,2023,3.0,0.0027400023533762545,0.25422649829986216
Oil,AB,2024,10.0,0.002756268197844561,0.2557356972521815
Oil,AB,2025,7.0,0.0027568922305764407,0.25579359707699545
Oil,BC,2014,3.0,0.0,0.0
Oil,BC,2015,158.0,0.0,0.0
Oil,BC,2016,251.0,0.0020263547367954586,0.1880119075131714
Oil,BC,2017,272.0,0.0027300994341592044,0.253307672638127
Oil,BC,2018,159.0,0.002748652496214133,0.2550290872176264
Oil,BC,2019,59.0,0.0027541194523925993,0.25553632952853084
Oil,BC,2020,73.0,0.002756379805608957,0.2557460525904134
Oil,BC,2021,345.0,0.002755439357359103,0.25565879468528857
Oil,BC,2022,1530.0,0.0027542235606781047,0.2555459890402591
Oil,BC,2023,1499.0,0.002755514891591361,0.25566580300166647
Oil,BC,2024,466.0,0.002754870418378789,0.2556060066413172
Oil,BC,2025,173.0,0.0027535815333598044,0.25548641961808577
Oil,BC,2026,32.0,0.002757476780976895,0.2558478336002612
Oil,MB,2022,3.0,0.0027615893388892713,0.2562294103517667
Oil,MB,2023,2.0,0.002758169323547286,0.2559120899949235
Oil,MB,2024,1.0,0.0027563132318967577,0.2557398756607803
Oil,MB,2026,1.0,0.0027563039686470427,0.2557390161857747
Oil,NB,2011,1.0,0.0,0.0
Oil,NB,2012,1.0,0.0,0.0
Oil,NB,2015,42.0,0.0,0.0
Oil,NB,2016,104.0,0.001950067474336548,0.18093372249777767
Oil,NB,2017,140.0,0.00031628155196203263,0.02934565050029065
Oil,NB,2018,491.0,0.0025443481950576277,0.2360730571227549
Oil,NB,2019,973.0,0.0027561284409345146,0.25572273014293406
Oil,NB,2020,883.0,0.0027558036659170912,0.2556925964405622
Oil,NB,2021,1506.0,0.0027551415139259357,0.2556311597845512
Oil,NB,2022,2723.0,0.002755817964539615,0.2556939231141435
Oil,NB,2023,3604.0,0.0027548803250251495,0.2556069258127957
Oil,NB,2024,2371.0,0.002754745674394694,0.2555944324810902
Oil,NB,2025,2362.0,0.00275506451201297,0.25562401529189355
Oil,NB,2026,1261.0,0.0027553428932802796,0.25564984442838795
Oil,NF,2017,3.0,0.0,0.0
Oil,NF,2018,1.0,0.0027686450943069734,0.25688406672112807
Oil,NF,2021,193.0,0.00275523967133332,0.2556402671540871
Oil,NF,2022,1687.0,0.0027550248006589667,0.2556203307408717
Oil,NF,2023,1660.0,0.002755458910447308,0.2556606088856082
Oil,NF,2024,707.0,0.0027556699264439832,0.2556801876490548
Oil,NF,2025,175.0,0.00275535070243376,0.2556505689875263
Oil,NF,2026,42.0,0.0027520225342080444,0.255341770510498
Oil,NS,2000,2.0,0.002753212080760888,0.2554521405816482
Oil,NS,2001,2.0,0.002750172940322935,0.2551701590605629
Oil,NS,2003,6.0,0.0027499303815093287,0.25514765365003333
Oil,NS,2010,1.0,0.0,0.0
Oil,NS,2012,2.0,0.0,0.0
Oil,NS,2013,8.0,0.0,0.0
Oil,NS,2014,283.0,0.0,0.0
Oil,NS,2015,2137.0,1.978010943524761e-06,0.00018352641016949292
Oil,NS,2016,2838.0,0.0003232196593216401,0.029989391092954055
Oil,NS,2017,2890.0,0.000644867868291744,0.05983297781474364
Oil,NS,2018,4216.0,0.002718708440915452,0.25225077853694183
Oil,NS,2019,5922.0,0.002754901287109708,0.25560887074446625
Oil,NS,2020,4282.0,0.0027553032973922846,0.25564617059068495
Oil,NS,2021,7165.0,0.0027551838110764825,0.2556350842543453
Oil,NS,2022,12892.0,0.0027552347173720256,0.2556398075091415
Oil,NS,2023,16788.0,0.002755052357378591,0.25562288754463725
Oil,NS,2024,17508.0,0.0027549892631180046,0.2556170334500552
Oil,NS,2025,16379.0,0.002754842963303616,0.25560345926846073
Oil,NS,2026,4215.0,0.0027545949226974015,0.25558044523904716
Oil,NT,2010,1.0,0.0,0.0
Oil,NT,2013,1.0,0.0,0.0
Oil,NT,2014,2.0,0.0,0.0
Oil,NT,2015,12.0,0.0,0.0
Oil,NT,2016,55.0,0.0,0.0
Oil,NT,2017,60.0,0.0009018052274850333,0.08367247745226608
Oil,NT,2018,68.0,0.0021202145245869638,0.1967205296616159
Oil,NT,2019,86.0,0.0026342824127556573,0.24441745186918087
Oil,NT,2020,42.0,0.002754110969640683,0.2555355424706975
Oil,NT,2021,62.0,0.002755035708952274,0.2556213428484732
Oil,NT,2022,86.0,0.0027550248301637832,0.2556203334784264
Oil,NT,2023,102.0,0.0027564262301366716,0.2557503600119385
Oil,NT,2024,80.0,0.002756529692740269,0.2557599596151598
Oil,NT,2025,66.0,0.002756000765256048,0.255710883970388
Oil,NT,2026,15.0,0.002753562365974115,0.25548464120452363
Oil,NU,2015,16.0,0.0,0.0
Oil,NU,2016,27.0,0.0,0.0
Oil,NU,2017,13.0,0.0,0.0
Oil,NU,2021,4.0,0.0027542867938411364,0.25555185602267033
Oil,NU,2022,20.0,0.0027546540841677856,0.2555859344363215
Oil,NU,2024,9.0,0.0027563944087818154,0.25574740752118386
Oil,NU,2025,1.0,0.00274887431067339,0.2550496678982158
Oil,ON,2012,1.0,0.0,0.0
Oil,ON,2015,20.0,0.0,0.0
Oil,ON,2016,462.0,0.0,0.0
Oil,ON,2017,1775.0,0.002017460375017141,0.1871866591528087
Oil,ON,2018,1969.0,0.002747089415459813,0.25488405940542724
Oil,ON,2019,50.0,0.0027425511159413648,0.254462980936867
Oil,ON,2020,19.0,0.002756037239271635,0.25571426815042353
Oil,ON,2021,641.0,0.002754866045242792,0.25560560088726764
Oil,ON,2022,1904.0,0.00275552375700206,0.25566662556384984
Oil,ON,2023,3920.0,0.00275546130069143,0.2556608306603788
Oil,ON,2024,1454.0,0.0027555036123072412,0.255664756472308
Oil,ON,2025,516.0,0.002754923985060388,0.25561097673554795
Oil,ON,2026,73.0,0.002756573535152152,0.25576402745942145
Oil,PE,2010,1.0,0.0026702269692923898,0.2477525069394858
Oil,PE,2011,4.0,0.002798092209856915,0.25961626768514123
Oil,PE,2016,15.0,0.0027234642805550597,0.2526920410988383
Oil,PE,2017,65.0,0.002729415075094087,0.2532441755362029
Oil,PE,2018,732.0,0.002723872041547005,0.25272987451492934
Oil,PE,2019,1772.0,0.002748191052573019,0.2549862729474493
Oil,PE,2020,1849.0,0.0027559627791995415,0.25570735949818535
Oil,PE,2021,2178.0,0.0027553393245249146,0.25564951330743885
Oil,PE,2022,3910.0,0.002755403783307403,0.25565549400688475
Oil,PE,2023,6073.0,0.002754621319759464,0.2555828944459412
Oil,PE,2024,3950.0,0.002753057265527494,0.25543777631125963
Oil,PE,2025,2632.0,0.002751365907978881,0.2552808465529961
Oil,PE,2026,1046.0,0.0027529474858641136,0.255427590590298
Oil,QC,1991,1.0,0.0,0.0
Oil,QC,2000,1.0,0.0027640984908657664,0.2564622177870963
Oil,QC,2002,1.0,0.002759338799947937,0.2560205978908439
Oil,QC,2007,9.0,0.002757113874005098,0.255814161888799
Oil,QC,2008,53.0,0.002756793694477988,0.25578445457124716
Oil,QC,2009,116.0,0.0027562712357761853,0.2557359791215448
Oil,QC,2010,200.0,0.0024634770306249817,0.2285695624918798
Oil,QC,2011,199.0,0.001863333198224869,0.172886228935856
Oil,QC,2012,258.0,0.0015401627326102711,0.14290140219806188
Oil,QC,2013,389.0,0.0009682012466288451,0.08983292013479977
Oil,QC,2014,708.0,0.0008062323100683797,0.07480490546014769
Oil,QC,2015,2600.0,0.00022563988893328953,0.020935616631714223
Oil,QC,2016,3581.0,0.00012646079036751274,0.011733451202240973
Oil,QC,2017,4106.0,0.0002610576331505654,0.024221792309243578
Oil,QC,2018,4702.0,0.0003523718735061728,0.03269423013102607
Oil,QC,2019,6464.0,0.0009554245868534484,0.08864745930091933
Oil,QC,2020,4439.0,0.002734336830397547,0.25370083230321094
Oil,QC,2021,5874.0,0.0027555651900582727,0.2556704698601081
Oil,QC,2022,14666.0,0.002755404180582325,0.2556555308673686
Oil,QC,2023,14688.0,0.0027552886774382035,0.2556448141028971
Oil,QC,2024,5422.0,0.002755256110581934,0.2556417924420507
Oil,QC,2025,1999.0,0.0027550563554628966,0.25562325850014816
Oil,QC,2026,533.0,0.0027549702297366683,0.2556152674698611
Oil,SK,2021,1.0,0.002751331129629263,0.2552776197024683
Oil,SK,2022,25.0,0.002755503939696438,0.2556647868485626
Oil,SK,2023,28.0,0.002755847370020251,0.2556966514520822
Oil,SK,2024,37.0,0.002755563456812779,0.25567030904384747
Oil,SK,2025,40.0,0.0027555806503301136,0.25567190431536246
Oil,SK,2026,7.0,0.002757429575367757,0.2558434537074131
Oil,YK,2012,3.0,0.0,0.0
Oil,YK,2013,12.0,0.0,0.0
Oil,YK,2014,1.0,0.0,0.0
Oil,YK,2015,22.0,0.0,0.0
Oil,YK,2016,43.0,0.0,0.0
Oil,YK,2017,122.0,0.0018727772180457604,0.17376247639089243
Oil,YK,2018,138.0,0.0027442726209343012,0.254622707874919
Oil,YK,2019,117.0,0.002755171802029293,0.25563397001515087
Oil,YK,2020,169.0,0.002756068838484671,0.25571720003012416
Oil,YK,2021,235.0,0.0027553136615523963,0.25564713221180546
Oil,YK,2022,346.0,0.002755291341729977,0.25564506130471687
Oil,YK,2023,261.0,0.002754677889225403,0.2555881431484536
Oil,YK,2024,222.0,0.0027546164671467224,0.25558244420445014
Oil,YK,2025,189.0,0.0027546538816112763,0.25558591564245725
Oil,YK,2026,35.0,0.0027579655668055663,0.25589318476920775
Propane,AB,2018,42.0,0.0015444705251787484,0.2177856543817066
Propane,AB,2019,3.0,0.0015687927320408353,0.22121532665522164
Propane,AB,2021,7.0,0.00154749150711022,0.21821164278102848
Propane,AB,2022,40.0,0.0015497337442351297,0.21852782044293043
Propane,AB,2023,60.0,0.0015488687449903777,0.21840584697468554
Propane,AB,2024,81.0,0.0015469216092015802,0.21813128152651412
Propane,AB,2025,56.0,0.0015479185310981298,0.21827185739641125
Propane,AB,2026,4.0,0.0015499837186584175,0.21856306931460967
Propane,BC,2014,1.0,0.0,0.0
Propane,BC,2015,18.0,0.0,0.0
Propane,BC,2016,44.0,0.0008673111787209214,0.12229947385266178
Propane,BC,2017,62.0,0.001414623181228948,0.19947589170846874
Propane,BC,2018,57.0,0.0013446930947114313,0.18961505629276917
Propane,BC,2019,46.0,0.0015515892583171987,0.2187894663222074
Propane,BC,2020,62.0,0.001544757214476784,0.21782608041467966
Propane,BC,2021,300.0,0.0015505001252859476,0.2186358877682287
Propane,BC,2022,1011.0,0.0015541610302802346,0.21915211166296295
Propane,BC,2023,1300.0,0.0015520733346354664,0.21885772588173022
Propane,BC,2024,917.0,0.0015510349663763541,0.2187113056638541
Propane,BC,2025,666.0,0.0015490507740730174,0.2184315148797915
Propane,BC,2026,130.0,0.0015540611775633336,0.21913803144004024
Propane,MB,2021,1.0,0.001543557814044642,0.2176569530640949
Propane,MB,2022,9.0,0.0015483106303418805,0.21832714727665867
Propane,MB,2023,14.0,0.001554172403195298,0.21915371535672662
Propane,MB,2024,13.0,0.0015465851054620996,0.2180838311634868
Propane,MB,2025,13.0,0.0015467448780801098,0.2181063606864517
Propane,MB,2026,6.0,0.0015599928686040295,0.21997445867761314
Propane,NB,2012,1.0,0.0,0.0
Propane,NB,2015,3.0,0.0,0.0
Propane,NB,2016,6.0,0.0013206550449022714,0.1862254529805648
Propane,NB,2017,21.0,0.00023043133866205808,0.03249310301649225
Propane,NB,2018,335.0,0.001547324273019357,0.21818806111642589
Propane,NB,2019,595.0,0.001562318836098748,0.22030244315167702
Propane,NB,2020,552.0,0.001566060190004765,0.220830011140455
Propane,NB,2021,942.0,0.0015626419280069337,0.2203480023135403
Propane,NB,2022,1075.0,0.0015627600053467329,0.22036465238895228
Propane,NB,2023,1432.0,0.0015660703183553585,0.220831439338291
Propane,NB,2024,1118.0,0.0015671410857906888,0.22098242816118682
Propane,NB,2025,969.0,0.001562097871592121,0.22027128496582216
Propane,NB,2026,492.0,0.0015603977244279578,0.22003154736212155
Propane,NF,2017,1.0,0.0,0.0
Propane,NF,2021,203.0,0.0015802518156084687,0.22283117103211766
Propane,NF,2022,1278.0,0.001580103582662522,0.22281026871730644
Propane,NF,2023,1734.0,0.001579449649144261,0.22271805760879063
Propane,NF,2024,719.0,0.0015756256418809197,0.22217883467728747
Propane,NF,2025,142.0,0.001578236605326955,0.222547006405651
Propane,NF,2026,16.0,0.0015819655922483687,0.22307283052700605
Propane,NS,2013,3.0,0.0,0.0
Propane,NS,2014,26.0,0.0,0.0
Propane,NS,2015,233.0,0.0,0.0
Propane,NS,2016,302.0,3.726582203629691e-05,0.005254850323095577
Propane,NS,2017,376.0,0.00036319077126863305,0.05121349905786103
Propane,NS,2018,427.0,0.0014557464384417909,0.20527467863020019
Propane,NS,2019,598.0,0.0015450292768369278,0.21786444390441317
Propane,NS,2020,496.0,0.001550982682884028,0.21870393317315
Propane,NS,2021,962.0,0.0015518785698574067,0.21883026211732126
Propane,NS,2022,1690.0,0.0015534810912523314,0.2190562335197951
Propane,NS,2023,2304.0,0.0015542795953815258,0.21916883051758046
Propane,NS,2024,2142.0,0.0015530787143352737,0.21899949438572888
Propane,NS,2025,1595.0,0.001552872584536961,0.2189704280408028
Propane,NS,2026,335.0,0.0015522299242880647,0.21887980657501938
Propane,NT,2012,8.0,0.0,0.0
Propane,NT,2013,2.0,0.0,0.0
Propane,NT,2014,3.0,0.0,0.0
Propane,NT,2015,95.0,0.0,0.0
Propane,NT,2016,143.0,9.383844465700819e-06,0.0013232150916847607
Propane,NT,2017,79.0,0.00012954840665796118,0.01826760955172401
Propane,NT,2018,86.0,0.0005571220240171662,0.07855972813530836
Propane,NT,2019,125.0,0.0014790264335490697,0.2085573887148455
Propane,NT,2020,77.0,0.0015454265573810375,0.21792046439937357
Propane,NT,2021,84.0,0.00154942225295485,0.21848389708459892
Propane,NT,2022,63.0,0.0015474793902971243,0.2182099341902681
Propane,NT,2023,74.0,0.001547714001711798,0.2182430167254394
Propane,NT,2024,55.0,0.0015475415328438768,0.21821869690537912
Propane,NT,2025,65.0,0.0015492282228158098,0.21845653691157405
Propane,NT,2026,16.0,0.0015508647908020416,0.2186873092209261
Propane,NU,2021,1.0,0.001584786053882726,0.22347054357667775
Propane,NU,2024,1.0,0.001584786053882726,0.22347054357667775
Propane,ON,2014,4.0,0.0,0.0
Propane,ON,2015,49.0,0.0,0.0
Propane,ON,2016,279.0,0.0,0.0
Propane,ON,2017,1508.0,0.0009250797695300483,0.1304454178166093
Propane,ON,2018,1945.0,0.0015312644702327896,0.21592346972274484
Propane,ON,2019,335.0,0.0015344801382077885,0.21637691078412633
Propane,ON,2020,112.0,0.0015471389836784254,0.21816193348258175
Propane,ON,2021,1483.0,0.0015484753081790956,0.2183503684841569
Propane,ON,2022,3915.0,0.0015481767593290056,0.21830827013678045
Propane,ON,2023,8382.0,0.0015484255814076579,0.21834335651644282
Propane,ON,2024,5383.0,0.0015483113977730388,0.21832725549205953
Propane,ON,2025,1938.0,0.001548483434796813,0.21835151441781417
Propane,ON,2026,373.0,0.0015475348017447777,0.21821774775368077
Propane,PE,2011,1.0,0.001584786053882726,0.22347054357667775
Propane,PE,2016,5.0,0.001584786053882726,0.22347054357667775
Propane,PE,2017,23.0,0.0015466924576674492,0.21809896888862323
Propane,PE,2018,154.0,0.0015504703239105268,0.2186316854788734
Propane,PE,2019,289.0,0.0015522744885816857,0.21888609058218558
Propane,PE,2020,327.0,0.0015509055143954904,0.21869305165129527
Propane,PE,2021,493.0,0.0015517567302096808,0.21881308151919576
Propane,PE,2022,917.0,0.0015523955832198412,0.21890316612657623
Propane,PE,2023,1162.0,0.0015531945745063732,0.21901583181837542
Propane,PE,2024,758.0,0.0015535695028577594,0.21906870043258442
Propane,PE,2025,559.0,0.0015518657214689403,0.21882845036718135
Propane,PE,2026,221.0,0.0015529315055745267,0.2189787364911836
Propane,QC,2008,9.0,0.0015599696920174121,0.2199711905491507
Propane,QC,2009,19.0,0.0015573305775041086,0.21959904924124093
Propane,QC,2010,28.0,0.0014002873633197767,0.19745439927235733
Propane,QC,2011,26.0,0.001073907698775745,0.15143163117105135
Propane,QC,2012,41.0,0.0009186515359354866,0.1295389731567165
Propane,QC,2013,55.0,0.0008159432577560191,0.11505608778657016
Propane,QC,2014,157.0,0.0006430800092095411,0.09068065614867254
Propane,QC,2015,771.0,0.00010720099370660255,0.015116402795747498
Propane,QC,2016,1864.0,9.670893313765782e-05,0.013636918247762572
Propane,QC,2017,2048.0,8.63579408249296e-05,0.012177325722313349
Propane,QC,2018,2220.0,0.0001793378413597516,0.0252884134071875
Propane,QC,2019,3003.0,0.0004156437246884023,0.05860988545601228
Propane,QC,2020,2135.0,0.0015532816956119004,0.21902811675788605
Propane,QC,2021,2417.0,0.0015624748965399771,0.220324449220917
Propane,QC,2022,4530.0,0.0015623166561931849,0.22030213576338323
Propane,QC,2023,6095.0,0.0015649538810432611,0.22067401061004568
Propane,QC,2024,4024.0,0.0015648590944335665,0.2206606447584594
Propane,QC,2025,2006.0,0.001565897531800367,0.22080707472120464
Propane,QC,2026,635.0,0.0015645043624136564,0.2206106240271946
Propane,SK,2013,1.0,0.0,0.0
Propane,SK,2015,3.0,0.0,0.0
Propane,SK,2016,8.0,0.0,0.0
Propane,SK,2017,5.0,0.0,0.0
Propane,SK,2018,1.0,0.0,0.0
Propane,SK,2021,15.0,0.0015455526135137781,0.21793823956368405
Propane,SK,2022,47.0,0.0015496471720498116,0.21851561290661078
Propane,SK,2023,60.0,0.0015494559281778494,0.21848864562486417
Propane,SK,2024,76.0,0.0015483946795923963,0.21833899905416138
Propane,SK,2025,66.0,0.0015480703712831816,0.2182932683676948
Propane,SK,2026,16.0,0.001549475723644703,0.21849143698192294
Propane,YK,2012,2.0,0.0,0.0
Propane,YK,2014,2.0,0.0,0.0
Propane,YK,2015,9.0,0.0,0.0
Propane,YK,2016,23.0,7.270410355179374e-05,0.010251999316354857
Propane,YK,2017,37.0,0.0012713981842222804,0.17927974734157967
Propane,YK,2018,52.0,0.001545343465160259,0.21790874757255096
Propane,YK,2019,46.0,0.001546159149129293,0.2180237670980573
Propane,YK,2020,85.0,0.0015484430526875228,0.21834582014009657
Propane,YK,2021,139.0,0.0015468541578368483,0.2181217702154418
Propane,YK,2022,193.0,0.0015498937000301392,0.21855037579566808
Propane,YK,2023,164.0,0.0015486275548132304,0.21837183676879032
Propane,YK,2024,152.0,0.001548929579023068,0.21841442517634246
Propane,YK,2025,79.0,0.0015457422977208698,0.21796498691722294
Propane,YK,2026,38.0,0.001546175971480143,0.21802613921628705
Wood,AB,2016,1.0,0.5,0.12857139183674518
Wood,AB,2017,1.0,0.41935483870967744,0.10783407057275404
Wood,AB,2018,4.0,0.42105263157894746,0.10827064575725912
Wood,AB,2019,15.0,0.34482758620689646,0.08866992540465184
Wood,AB,2020,4.0,0.3448275862068965,0.08866992540465186
Wood,AB,2021,19.0,0.35816326530612247,0.09209909905040321
Wood,AB,2022,128.0,0.3578912901113295,0.09202916259172397
Wood,AB,2023,122.0,0.35947879407256017,0.09243737777940753
Wood,AB,2024,116.0,0.3586454592098513,0.09222309173307841
Wood,AB,2025,43.0,0.3612774451097804,0.09289988791397558
Wood,AB,2026,2.0,0.3608247422680412,0.09278347864507384
Wood,BC,2014,1.0,0.0,0.0
Wood,BC,2015,19.0,0.0,0.0
Wood,BC,2016,108.0,0.3962264150943396,0.10188676334232641
Wood,BC,2017,140.0,0.41521068859198357,0.10676843227552942
Wood,BC,2018,27.0,0.4011627906976745,0.10315611670622582
Wood,BC,2019,24.0,0.356120826709062,0.0915739007040729
Wood,BC,2020,34.0,0.3555337904015671,0.09142294855384624
Wood,BC,2021,98.0,0.35796972395369536,0.09204933128828417
Wood,BC,2022,326.0,0.3585703623849407,0.09220378112647587
Wood,BC,2023,261.0,0.357890617356423,0.09202898959765461
Wood,BC,2024,196.0,0.35776053215077597,0.09199553912575979
Wood,BC,2025,141.0,0.3585604265402844,0.0922012261957228
Wood,BC,2026,35.0,0.3592896174863389,0.09238873238542074
Wood,MB,2016,1.0,0.0,0.0
Wood,MB,2017,1.0,0.0,0.0
Wood,MB,2020,1.0,0.35757575757575755,0.09194802567718748
Wood,MB,2021,10.0,0.35955056179775285,0.0924558323320415
Wood,MB,2022,68.0,0.3584507042253521,0.09217301189423002
Wood,MB,2023,60.0,0.3581780538302277,0.09210290181265807
Wood,MB,2024,46.0,0.35974178403755874,0.09250500375108545
Wood,MB,2025,31.0,0.35767707875054994,0.09197407968611863
Wood,MB,2026,15.0,0.35695876288659795,0.0917893699453052
Wood,NB,2015,19.0,0.0,0.0
Wood,NB,2016,89.0,0.3158547049289732,0.08121975806180509
Wood,NB,2017,228.0,0.07450011580328883,0.01915716716165508
Wood,NB,2018,281.0,0.27784930207345165,0.07144694297690386
Wood,NB,2019,368.0,0.36830597299829937,0.0947072231403561
Wood,NB,2020,310.0,0.35838818092704106,0.09215693447925785
Wood,NB,2021,491.0,0.35831140601761813,0.09213719236533255
Wood,NB,2022,660.0,0.35811435973353073,0.09208652333532981
Wood,NB,2023,647.0,0.3578542482313346,0.0920196375395896
Wood,NB,2024,468.0,0.3581640574459827,0.09209930274345193
Wood,NB,2025,738.0,0.3581608521859238,0.09209847853395799
Wood,NB,2026,433.0,0.3581841476505418,0.09210446879457683
Wood,NF,2021,11.0,0.3555240793201134,0.09142045141932875
Wood,NF,2022,23.0,0.35904920767306087,0.09232691273681205
Wood,NF,2023,54.0,0.35791630084869763,0.09203559392235258
Wood,NF,2024,14.0,0.35760869565217396,0.09195649546584601
Wood,NF,2025,18.0,0.35901162790697677,0.09231724937115135
Wood,NS,2013,1.0,0.0,0.0
Wood,NS,2014,15.0,0.0,0.0
Wood,NS,2015,294.0,0.0,0.0
Wood,NS,2016,467.0,0.06439736019451199,0.016559316461641233
Wood,NS,2017,486.0,0.0993139053053461,0.025537854067702124
Wood,NS,2018,566.0,0.40202640087316466,0.1033781878307601
Wood,NS,2019,630.0,0.36470269170791236,0.09378066535898738
Wood,NS,2020,431.0,0.358204807558705,0.09210978134087236
Wood,NS,2021,556.0,0.358006297087597,0.09205873580574328
Wood,NS,2022,702.0,0.3582632536314027,0.09212481032670061
Wood,NS,2023,1029.0,0.3583143604013829,0.09213795206379788
Wood,NS,2024,1093.0,0.35801299660875663,0.09206045853926353
Wood,NS,2025,792.0,0.35835968099664955,0.09214960592782248
Wood,NS,2026,217.0,0.35788005578800564,0.0920262737665518
Wood,NT,2017,1.0,0.0,0.0
Wood,NT,2018,4.0,0.35542168674698793,0.0913941219080478
Wood,NT,2019,6.0,0.33734939759036153,0.08674696316696064
Wood,NT,2020,2.0,0.3592592592592592,0.0923809259864021
Wood,NT,2021,2.0,0.35532994923857864,0.09137053226976816
Wood,NT,2022,9.0,0.3532934131736527,0.09084685171698163
Wood,NT,2023,3.0,0.3589743589743589,0.09230766593407348
Wood,NT,2024,6.0,0.35787321063394684,0.09202451358458244
Wood,NT,2025,1.0,0.3619047619047619,0.09306119790088223
Wood,ON,2009,1.0,0.0,0.0
Wood,ON,2012,2.0,0.0,0.0
Wood,ON,2014,1.0,0.0,0.0
Wood,ON,2015,25.0,0.0,0.0
Wood,ON,2016,877.0,0.0,0.0
Wood,ON,2017,623.0,0.2583713850837138,0.06643833718200153
Wood,ON,2018,570.0,0.41686089099021106,0.10719276991383431
Wood,ON,2019,133.0,0.38046068308181086,0.09783271912597448
Wood,ON,2020,9.0,0.3458646616541354,0.08893660187203428
Wood,ON,2021,285.0,0.3582802547770701,0.09212918204862315
Wood,ON,2022,659.0,0.358410448635352,0.09216266045975896
Wood,ON,2023,930.0,0.358206912284704,0.0921103225559746
Wood,ON,2024,474.0,0.3582549550985706,0.09212267641886775
Wood,ON,2025,223.0,0.35856599816489704,0.09220265889878528
Wood,ON,2026,24.0,0.3592964824120602,0.09239049765153044
Wood,PE,2011,1.0,0.25,0.06428569591837259
Wood,PE,2018,31.0,0.4127599577017977,0.10613824451239244
Wood,PE,2019,167.0,0.3583545686203131,0.09214829131714015
Wood,PE,2020,188.0,0.35831909274506757,0.09213916895182625
Wood,PE,2021,145.0,0.35821221724401714,0.09211168668797963
Wood,PE,2022,374.0,0.3578716811795502,0.09202412029642142
Wood,PE,2023,384.0,0.35803122519184977,0.09206514588786253
Wood,PE,2024,277.0,0.35737430751541754,0.09189622424790046
Wood,PE,2025,248.0,0.35745841995842,0.09191785315563566
Wood,PE,2026,73.0,0.35648535564853556,0.09166763669029866
Wood,QC,2000,1.0,0.0,0.0
Wood,QC,2007,2.0,0.3333333333333333,0.08571426122449681
Wood,QC,2008,7.0,0.35454545454545455,0.09116880512060113
Wood,QC,2009,24.0,0.3581267217630854,0.09208970214202135
Wood,QC,2010,36.0,0.35478547854785475,0.09123052556072676
Wood,QC,2011,36.0,0.27854671280276816,0.07162627711320407
Wood,QC,2012,52.0,0.2161538461538461,0.05558240170173137
Wood,QC,2013,104.0,0.0527350147396004,0.013560428487203392
Wood,QC,2014,287.0,0.10360477178423237,0.0266412194184542
Wood,QC,2015,1471.0,0.020040202229396353,0.005153193386646666
Wood,QC,2016,3952.0,0.01906566325719434,0.004902597722536339
Wood,QC,2017,4818.0,0.02068433900047107,0.005318828509027274
Wood,QC,2018,4988.0,0.03760692916277717,0.009670350450328288
Wood,QC,2019,4351.0,0.0924400157335781,0.023770282968553526
Wood,QC,2020,2105.0,0.3543595148114088,0.09112099205979311
Wood,QC,2021,2165.0,0.3579459960509691,0.09204322982932642
Wood,QC,2022,2886.0,0.35833138850682017,0.09214233071823069
Wood,QC,2023,2585.0,0.35822108805037917,0.092113967751821
Wood,QC,2024,1421.0,0.3582264688626267,0.09211535138886079
Wood,QC,2025,794.0,0.3582612485750687,0.09212429474093346
Wood,QC,2026,264.0,0.35842432027403126,0.09216622745154307
Wood,SK,2021,5.0,0.3580246913580247,0.0920634657596447
Wood,SK,2022,39.0,0.35937499999999994,0.09241068788266057
Wood,SK,2023,17.0,0.35748462064251535,0.0919245904724781
Wood,SK,2024,25.0,0.35901234567901236,0.09231743394105062
Wood,SK,2025,23.0,0.3579136690647482,0.09203491717810178
Wood,SK,2026,5.0,0.35835351089588374,0.09214801933093603
Wood,YK,2009,1.0,0.0,0.0
Wood,YK,2012,1.0,0.0,0.0
Wood,YK,2014,1.0,0.0,0.0
Wood,YK,2015,8.0,0.0,0.0
Wood,YK,2016,9.0,0.02729044834307992,0.007017541854637165
Wood,YK,2017,22.0,0.2637130801687764,0.0678119155257095
Wood,YK,2018,28.0,0.41286695815115565,0.10616575890579463
Wood,YK,2019,27.0,0.36238532110091737,0.09318477023030154
Wood,YK,2020,44.0,0.3576512455516015,0.09196743686542985
Wood,YK,2021,77.0,0.35912651317351063,0.09234679128839095
Wood,YK,2022,50.0,0.3597440944881889,0.09250559786679206
Wood,YK,2023,47.0,0.3569023569023569,0.09177486555350164
Wood,YK,2024,30.0,0.35746606334841624,0.09191981859821602
Wood,YK,2025,24.0,0.3606060606060606,0.0927272462337738
Wood,YK,2026,8.0,0.36274509803921573,0.09327728427371709
