column_name,rows_with_column,non_empty_count,pct_populated
AIR50P,454789,454789,100.0
CEILINS,454789,454789,100.0
CENVENTSYSTYPE,454789,454789,100.0
COP,454789,454789,100.0
CSIA,454789,454789,100.0
DHWHPCOP,454789,454789,100.0
EGHCRITNATACH,454789,454789,100.0
EGHCRITTOTACH,454789,454789,100.0
EGHDESHTLOSS,454789,454789,100.0
EGHFCONELEC,454789,454789,100.0
EGHFCONNGAS,454789,454789,100.0
EGHFCONOIL,454789,454789,100.0
EGHFCONPROP,454789,454789,100.0
EGHFCONTOTAL,454789,454789,100.0
EGHFCONWOOD,454789,454788,100.0
EGHFURNACEAEC,454789,454789,100.0
EGHFURSEASEFF,454789,454789,100.0
EGHHLAIR,454789,454789,100.0
EGHHLCEILING,454789,454789,100.0
EGHHLEXPOSEDFLR,454789,454789,100.0
EGHHLFOUND,454789,454789,100.0
EGHHLWALLS,454789,454789,100.0
EGHHLWINDOOR,454789,454789,100.0
EGHINEXPOSEDFLR,454789,454789,100.0
EGHRATING,454789,454789,100.0
EGHSPACEENERGY,454789,454789,100.0
ENTRYDATE,454789,454789,100.0
EVALTYPE,454789,454789,100.0
EVALUATIONSID,454789,454789,100.0
FLOORAREA,454789,454789,100.0
FNDWALLINS,454789,454789,100.0
FOOTPRINT,454789,454789,100.0
FURNACEFUEL,454789,454789,100.0
FURNACETYPE,454789,454789,100.0
FURSSEFF,454789,454789,100.0
HOUSEID,454789,454789,100.0
HPSOURCE,454789,454789,100.0
HRVEFF0C,454789,454789,100.0
HSEVOL,454789,454789,100.0
LEAKAR,454789,454789,100.0
MAINWALLINS,454789,454789,100.0
NLA,454789,454789,100.0
PDHWEF,454789,454789,100.0
PDHWFUEL,454789,454789,100.0
PDHWTYPE,454789,454789,100.0
PDHWUEF,454789,454789,100.0
PROGRAMNAME,454789,454789,100.0
PROVINCE,454789,454767,100.0
SDHWUEF,454789,454789,100.0
SLABFLOORAREA,454789,454789,100.0
STOREYS,454789,454789,100.0
TBSMNT,454789,454789,100.0
TMAIN,454789,454789,100.0
TOTALOCCUPANTS,454789,454789,100.0
TYPEOFHOUSE,454789,454789,100.0
UGRAIR50PA,454789,454789,100.0
UGRCEILINS,454789,454789,100.0
UGRCRITNATACH,454789,454789,100.0
UGRCRITTOTACH,454789,454789,100.0
UGRDESHTLOSS,454789,454789,100.0
UGRDHWCSIA,454789,454789,100.0
UGRDHWHPCOP,454789,454789,100.0
UGRDHWSYSEF,454789,454789,100.0
UGRFCONELEC,454789,454789,100.0
UGRFCONNGAS,454789,454789,100.0
UGRFCONOIL,454789,454789,100.0
UGRFCONPROP,454789,454789,100.0
UGRFCONTOTAL,454789,454789,100.0
UGRFCONWOOD,454789,454788,100.0
UGRFNDINS,454789,454789,100.0
UGRFURNACEAEC,454789,454789,100.0
UGRFURNACEEFF,454789,454789,100.0
UGRFURNACEFUEL,454789,454789,100.0
UGRFURNACETYP,454789,454789,100.0
UGRFURSEASEFF,454789,454789,100.0
UGRHLAIR,454789,454789,100.0
UGRHLCEILING,454789,454789,100.0
UGRHLEXPOSEDFLR,454789,454789,100.0
UGRHLFOUND,454789,454789,100.0
UGRHLWALLS,454789,454789,100.0
UGRHLWINDOOR,454789,454789,100.0
UGRHPCOP,454789,454789,100.0
UGRHPTYPE,454789,454789,100.0
UGRINEXPOSEDFLR,454789,454789,100.0
UGRPDHWUEF,454789,454789,100.0
UGRRATING,454789,454789,100.0
UGRSDHWUEF,454789,454789,100.0
UGRWALLINS,454789,454789,100.0
UNITSCONNECTEDDWHR,454789,454789,100.0
WEATHERLOC,454789,454789,100.0
YEARBUILT,454789,454789,100.0
CLIENTPCODE,454789,454758,99.99
HOUSEREGION,454789,454635,99.97
CLIENTCITY,454789,454555,99.95
BASELOADSMURB,454789,451728,99.33
BASEMENTFLOORAR,454789,451728,99.33
CRAWLSPFLOORAR,454789,451728,99.33
CREDITEGH,454789,451728,99.33
CREDITGARAGE,454789,451728,99.33
CREDITLIGHTING,454789,451728,99.33
CREDITOTH1OTH2,454789,451728,99.33
CREDITPV,454789,451728,99.33
CREDITVENT,454789,451728,99.33
CREDITWIND,454789,451728,99.33
FIREPLACEDAMP1,454789,451728,99.33
FIREPLACEDAMP2,454789,451728,99.33
HEATSYSSIZEOP,454789,451728,99.33
INDFURSSEFF,454789,451728,99.33
PONYWALLEXISTS,454789,451728,99.33
TOTALVENTEXH,454789,451728,99.33
TOTALVENTSUPPLY,454789,451728,99.33
UGRCREDITPV,454789,451728,99.33
UGRCREDITWIND,454789,451728,99.33
UGRINDFURSSEFF,454789,451728,99.33
UGRTOTALVENTEXH,454789,451728,99.33
UGRTOTALVENTSUP,454789,451728,99.33
UNITSMURBS,454789,451728,99.33
VISITEDUNITS,454789,451728,99.33
WALKOUTFLOORAR,454789,451728,99.33
DEPRESSEXHAUST,454789,448536,98.63
BLOWERDOORTEST,454789,333061,73.23
FURNACEMODEL,454789,327337,71.98
ESTAR,454789,312470,68.71
UGRWINDOWCODE,454789,298991,65.74
WINDOWCODE,454789,286035,62.89
MURBHTSYSTEMDIS,454789,266517,58.6
INDFURNACEFUEL,454789,266344,58.56
INDFURNACETYPE,454789,266344,58.56
UGRINDFURNACEFU,454789,266339,58.56
UGRINDFURNACETP,454789,266344,58.56
UGRDHWSYSFUEL,454789,262390,57.69
UGRDHWSYSTYPE,454789,262390,57.69
ERSELECGHG,454789,224791,49.43
ERSENERGYINTENSITY,454789,224791,49.43
ERSGHG,454789,224791,49.43
ERSHLDOOR,454789,224791,49.43
ERSHLWINDOW,454789,224791,49.43
ERSLIGHTAPPLIANCEENERGY,454789,224791,49.43
ERSNGASGHG,454789,224791,49.43
ERSOILGHG,454789,224791,49.43
ERSOTHERELECENERGY,454789,224791,49.43
ERSPROPGHG,454789,224791,49.43
ERSRATING,454789,224791,49.43
ERSREFHOUSERATING,454789,224791,49.43
ERSRENEWABLEELEC,454789,224791,49.43
ERSRENEWABLEELECGHG,454789,224791,49.43
ERSRENEWABLEPROD,454789,224791,49.43
ERSRENEWABLESOLAR,454789,224791,49.43
ERSRENEWABLESOLARGHG,454789,224791,49.43
ERSSPACECOOLENERGY,454789,224791,49.43
ERSVENTILATIONENERGY,454789,224791,49.43
ERSWATERHEATINGENERGY,454789,224791,49.43
ERSWOODGHG,454789,224791,49.43
HEATEDFLOORAREA,454789,224791,49.43
QTOT,454789,224791,49.43
QWARN,454789,224791,49.43
UGRERSENERGYINTENSITY,454789,224791,49.43
UGRERSGHG,454789,224791,49.43
UGRERSHLDOOR,454789,224791,49.43
UGRERSHLWINDOW,454789,224791,49.43
UGRERSLIGHTAPPLIANCEENERGY,454789,224791,49.43
UGRERSOTHERELECENERGY,454789,224791,49.43
UGRERSRATING,454789,224791,49.43
UGRERSSPACECOOLENERGY,454789,224791,49.43
UGRERSVENTILATIONENERGY,454789,224791,49.43
UGRERSWATERHEATINGENERGY,454789,224791,49.43
UGRSPACEENERGY,454789,224791,49.43
DATASET,454789,196676,43.25
RULESETTYPE,454789,196676,43.25
AUXENERGY,454789,189543,41.68
COMMONHEATEDFLOORAREA,454789,189543,41.68
COMMONSPACEELECCONS,454789,189543,41.68
DWHRL1M,454789,189543,41.68
DWHRM1M,454789,189543,41.68
ERSREFHOUSEGHG,454789,189543,41.68
MURBASHPESTAR,454789,189543,41.68
MURBDHWCOND,454789,189543,41.68
MURBDHWCONDINSES,454789,189543,41.68
MURBDHWINS,454789,189543,41.68
MURBDHWINSES,454789,189543,41.68
MURBDWHRL1M,454789,189543,41.68
MURBDWHRM1M,454789,189543,41.68
MURBHRVHVI,454789,189543,41.68
MURBHSESTAR,454789,189543,41.68
MURBSOCMULTIPLIER,454789,189543,41.68
MURBWOODEPA,454789,189543,41.68
MURBWOODHEAT,454789,189543,41.68
NONRESHEATEDFLOORAREA,454789,189543,41.68
NUMBUILDINGSTOREYS,454789,189543,41.68
NUMDWELLINGUNITS,454789,189543,41.68
NUMNONRESUNITS,454789,189543,41.68
ACWINDESTAR,454789,189457,41.66
ACWINDNUM,454789,189457,41.66
AIRCOP,454789,189457,41.66
EGHHEATFCONSE,454789,189457,41.66
EGHHEATFCONSG,454789,189457,41.66
EGHHEATFCONSO,454789,189457,41.66
EGHHEATFCONSP,454789,189457,41.66
EGHHEATFCONSW,454789,189457,41.66
FURDCMOTOR,454789,189457,41.66
HEATAFUE,454789,189457,41.66
HPCAP,454789,189457,41.66
LARGESTCSIA,454789,189457,41.66
LFTOILETS,454789,189457,41.66
NELECTHERMOS,454789,189457,41.66
NUMDOORESTAR,454789,189457,41.66
NUMDOORS,454789,189457,41.66
NUMSOLSYS,454789,189457,41.66
NUMWINDOWS,454789,189457,41.66
NUMWINESTAR,454789,189457,41.66
SDHWEF,454789,189457,41.66
SDHWHPCOP,454789,189457,41.66
TOTCSIA,454789,189457,41.66
TYPE1CAPACITY,454789,189457,41.66
UDWHRL1M,454789,189457,41.66
UDWHRM1M,454789,189457,41.66
UGRACWINDESTAR,454789,189457,41.66
UGRACWINDNUM,454789,189457,41.66
UGRAIRCOP,454789,189457,41.66
UGRFURDCMOTOR,454789,189457,41.66
UGRHEATAFUE,454789,189457,41.66
UGRHEATFCONSE,454789,189457,41.66
UGRHEATFCONSG,454789,189457,41.66
UGRHEATFCONSO,454789,189457,41.66
UGRHEATFCONSP,454789,189457,41.66
UGRHEATFCONSW,454789,189457,41.66
UGRNELECTHERMOS,454789,189457,41.66
UGRNUMDOORESTAR,454789,189457,41.66
UGRNUMWINESTAR,454789,189457,41.66
UGRSDHWHPCOP,454789,189457,41.66
UGRSDHWSYSEF,454789,189457,41.66
ULFTOILETS,454789,189457,41.66
UMURBDHWCONDINES,454789,189457,41.66
UMURBDHWINSES,454789,189457,41.66
AIRCONDTYPE,454789,189152,41.59
SDHWFUEL,454789,189152,41.59
SDHWTYPE,454789,189152,41.59
UGRAIRCONDTYPE,454789,189152,41.59
UGRSDHWSYSFUEL,454789,189152,41.59
UGRSDHWSYSTYPE,454789,189152,41.59
WTHDATA,454789,189151,41.59
UGRWALLDEF,454789,189089,41.58
WALLDEF,454789,189089,41.58
CEILINGTYPE,454789,188825,41.52
UGRCEILINGTYPE,454789,188825,41.52
ATYPICALENERGYLOADS,454789,183891,40.43
BUILDINGTYPE,454789,183891,40.43
ELECAUTOCHRGSTATION,454789,183891,40.43
EGHFCONWOODGJ,454789,173470,38.14
ATTICCEILINGDEF,454789,171937,37.81
UATTCEILINGDEF,454789,171939,37.81
PRIDHWMODEL,454789,154632,34.0
EXPOSEDFLOOR,454789,148136,32.57
UGEXPOSEDFLOOR,454789,148136,32.57
FNDDEF,454789,146422,32.2
FNDTYPE,454789,146422,32.2
UGRFNDDEF,454789,146422,32.2
UGRFNDTYPE,454789,146422,32.2
AHRI,454789,137048,30.13
CCASHPCAP,454789,137048,30.13
CCASHPCAPACITYMAINTENANCE,454789,137048,30.13
CCASHPCOP,454789,137048,30.13
CCASHPHSPF,454789,137048,30.13
CCASHPSEER,454789,137028,30.13
KWPV,454789,137048,30.13
NUMBEROFHEADS,454789,137048,30.13
NUMER34TO39,454789,137048,30.13
NUMER40PLUS,454789,137048,30.13
NUMHPWHMURB,454789,137044,30.13
NUMWINU105,454789,137048,30.13
NUMWINU122,454789,137048,30.13
PRIMARYDHWTANKVOLUME,454789,137044,30.13
SECONDARYDHWTANKVOLUME,454789,137044,30.13
UGRKWPV,454789,137048,30.13
UGRNUMBEROFHEADS,454789,137048,30.13
UGRNUMER34TO39,454789,137048,30.13
UGRNUMER40PLUS,454789,137048,30.13
UGRNUMWINU105,454789,137048,30.13
UGRNUMWINU122,454789,137048,30.13
EIDEF,454789,136141,29.93
UGREIDEF,454789,136141,29.93
BACKWATERVALVE,454789,134020,29.47
BATTERYSTORAGE,454789,134020,29.47
CCASHP,454789,134020,29.47
MINR10EXPFLOOR,454789,134020,29.47
MOISTUREPROOFCS,454789,134020,29.47
PROGSMARTTHERMOSTAT,454789,134020,29.47
ROOFINGMEMBRANE,454789,134020,29.47
SLABINSUL,454789,134020,29.47
UGRBATTERYSTORAGE,454789,134020,29.47
UGRCCASHP,454789,134020,29.47
UGRMINR10EXPFLOOR,454789,134020,29.47
UGRMOISTUREPROOFCS,454789,134020,29.47
UGRPROGSMARTTHERMOSTAT,454789,134020,29.47
UGRROOFINGMEMBRANE,454789,134020,29.47
UGRSLABINSUL,454789,134020,29.47
UGRSUMPPUMP,454789,134020,29.47
UGRWATERPROOF,454789,134020,29.47
WATERPROOF,454789,134020,29.47
ELGNBCCMP,454789,127585,28.05
GUARDED,454789,127585,28.05
GHGI,454789,126791,27.88
FNDHDR,454789,107122,23.55
UGRFNDHDR,454789,107122,23.55
EUGRAIRTIGHTNESSPRIORITY,454789,101842,22.39
EUGRCATHEDRALCEILFLATPRIORITY,454789,101825,22.39
EUGRCEILINGSPRIORITY,454789,101830,22.39
EUGRCOOLINGPRIORITY,454789,101835,22.39
EUGRDOORSPRIORITY,454789,101821,22.39
EUGRFLOORPRIORITY,454789,101825,22.39
EUGRFOUNDATIONPRIORITY,454789,101833,22.39
EUGRHEATINGPRIORITY,454789,101839,22.39
EUGRHOTWATERPRIORITY,454789,101831,22.39
EUGRMAINWALLSPRIORITY,454789,101831,22.39
EUGRVENTILATIONPRIORITY,454789,101824,22.39
NLR,454789,87485,19.24
HVIEQUIP,454789,81779,17.98
UGRHVIEQUIP,454789,81791,17.98
NBCANNUALENEGYCONSUMPTION,454789,80161,17.63
SUPPHTGFUEL1,454789,77912,17.13
SUPPHTGTYPE1,454789,77912,17.13
UGRSUPPHTGFUEL1,454789,77912,17.13
UGRSUPPHTGTYPE1,454789,77912,17.13
CoolingSeasonMonths,454789,73335,16.13
ERSDesCoolLoss,454789,73335,16.13
ERSPVAvailableEnergy,454789,73335,16.13
ERSTotalConsGHG,454789,73335,16.13
ERSTotalRenewableGHG,454789,73335,16.13
HotWaterTemperature,454789,73335,16.13
ROCApplianceLoad,454789,73335,16.13
ROCHotWaterLoad,454789,73335,16.13
ROCLightingLoad,454789,73335,16.13
ROCOtherElectricalLoad,454789,73335,16.13
SOCApplianceLoad,454789,73335,16.13
SOCHotWaterLoad,454789,73335,16.13
SOCLightingLoad,454789,73335,16.13
SOCOtherElectricalLoad,454789,73335,16.13
ThermostatCooling,454789,73335,16.13
ThermostatHeatingNighttime,454789,73335,16.13
UGRAirTightnessERSRating,454789,73335,16.13
UGRCeilingCathFlatERSRating,454789,73335,16.13
UGRCeilingsERSRating,454789,73335,16.13
UGRCoolingERSRating,454789,73335,16.13
UGRDoorsERSRating,454789,73335,16.13
UGRERSPVAvailableEnergy,454789,73335,16.13
UGRERSRenewableElec,454789,73335,16.13
UGRERSRenewableProd,454789,73335,16.13
UGRERSRenewableSolar,454789,73335,16.13
UGRExposedFloorERSRating,454789,73335,16.13
UGRFoundationERSRating,454789,73335,16.13
UGRGenerationERSRating,454789,73335,16.13
UGRHeatingERSRating,454789,73335,16.13
UGRHotWaterERSRating,454789,73335,16.13
UGRVentilationERSRating,454789,73335,16.13
UGRWallsERSRating,454789,73335,16.13
UGRWindowsERSRating,454789,73335,16.13
UtilizedSolarGains,454789,73335,16.13
UCENVENTSYSTYPE,454789,73333,16.12
RefDesCoolLoss,454789,72055,15.84
RefDesHtLoss,454789,72055,15.84
RefHLAir,454789,72055,15.84
RefHLCeiling,454789,72055,15.84
RefHLDoor,454789,72055,15.84
RefHLExposedFlr,454789,72055,15.84
RefHLFound,454789,72055,15.84
RefHLWalls,454789,72055,15.84
RefHLWinDoor,454789,72055,15.84
RefHLWindow,454789,72055,15.84
RefSpaceCoolEnergy,454789,72055,15.84
RefSpaceEnergy,454789,72055,15.84
RefVentilationEnergy,454789,72055,15.84
ENERGYPERFORMANCETIER,454789,69528,15.29
ENVELOPEIMPROVEMENT,454789,69528,15.29
INSCOPEOFNBC,454789,69522,15.29
MEUI,454789,69528,15.29
NBCHOUSEENERGYTARGET,454789,69528,15.29
OVERALLIMPROVEMENT,454789,69528,15.29
PEAKCOOLINGVALIDATION,454789,69522,15.29
TEDI,454789,69528,15.29
EXPOSEDFLOORDEF,454789,68716,15.11
UGREXPOSEDFLOORDEF,454789,68716,15.11
ACMODELNUMBER,454789,66724,14.67
ASHPHSPF,454789,52938,11.64
ASHPHSPF2,454789,52938,11.64
ASHPSEER,454789,52938,11.64
ASHPSEER2,454789,52938,11.64
CCASHPHSPF2,454789,52958,11.64
CCASHPSEER2,454789,52938,11.64
EVCharger,454789,52938,11.64
HPEquipType,454789,52938,11.64
UGRASHPHSPF,454789,52938,11.64
UGRASHPHSPF2,454789,52938,11.64
UGREVCharger,454789,52938,11.64
UGRHPEquipType,454789,52938,11.64
CAFLACEILINGDEF,454789,48380,10.64
UCAFLCEILINGDEF,454789,48378,10.64
UWINDOWCODENUM,454789,46754,10.28
WINDOWCODENUM,454789,46740,10.28
UGRPDHWESTAR,454789,44298,9.74
PDHWESTAR,454789,44163,9.71
PDRAWPATTERN,454789,41783,9.19
MURBFURDCMOTOR,454789,17354,3.82
MURBFURNACEFUEL,454789,17354,3.82
MURBFURNACETYPE,454789,17354,3.82
MURBFURSSEFF,454789,17354,3.82
MURBHEATAFUE,454789,17354,3.82
SUPPHTGFUEL2,454789,15442,3.4
SUPPHTGTYPE2,454789,15442,3.4
UGRSUPPHTGFUEL2,454789,15444,3.4
UGRSUPPHTGTYPE2,454789,15444,3.4
UGRHPESTAR,454789,12312,2.71
ACCENTESTAR,454789,12103,2.66
HPESTAR,454789,11099,2.44
DHWHPTYPE,454789,7818,1.72
UGRACCENTESTAR,454789,5252,1.15
UGRDHWHPTYPE,454789,2189,0.48
CSHDR,454789,1314,0.29
UGRCSHDR,454789,1314,0.29
EPACSASUPPHTG1,454789,690,0.15
SDHWHPTYPE,454789,691,0.15
UEPACSASUPPHTG1,454789,690,0.15
SDRAWPATTERN,454789,579,0.13
SDHWESTAR,454789,349,0.08
UGRSDHWESTAR,454789,354,0.08
EPACSASUPPHTG2,454789,37,0.01
UEPACSASUPPHTG2,454789,37,0.01
UGRPDRAWPATTERN,454789,64,0.01
EPACSA,454789,6,0.0
EUGRWINDOWSPRIORITY,454789,0,0.0
RefWaterHeatEnergy,454789,0,0.0
UGREPACSA,454789,6,0.0
UGRSDHWHPTYPE,454789,9,0.0
UGRSDRAWPATTERN,454789,1,0.0
