column_name,description_en
ACCENTESTAR,Central A/C is ENERGY STAR certified (ESTAR or N/A)
ACMODELNUMBER,Model number of the A/C or heat pump with Heating/Cooling
ACWINDESTAR,"Number of Window unit A/C that are ENERGY STAR certified (0,1,2,3,4...)"
ACWINDNUM,Number of window unit A/C
AHRI,Used to indicate the AHRI number associated with a heat pump
AIR50P,Air leakage at 50 pascals
AIRCONDTYPE,"Type of central A/C System (Central split System, Central single package system, Ductless Mini- or Multi-split system, Compact Ducted Mini- or Multi-split system, and Coils Only) or “Not installed”"
AIRCOP,Coefficient of performance for A/C system
ASHPHSPF,Indicates the heating efficiency of an Air Source Heat Pump (HSPF value or 0)
ASHPHSPF2,Indicates the heating efficiency of an Air Source Heat Pump (HSPF2 value or 0)
ASHPSEER,Indicates the cooling efficiency of an Air Source Heat Pump (SEER value or 0)
ASHPSEER2,Indicates the cooling efficiency of an Air Source Heat Pump (SEER2 value or 0)
ATTICCEILINGDEF,"Description of attic insulation (displays percentage of attic area, followed by the nominal R-value)"
ATYPICALENERGYLOADS,Indicates presence of atypical energy loads (True or False)
AUXENERGY,"Amount of energy required for annual space heating, calculated as the gross space heating energy load less the usable internal and solar heat gains (MJ)"
BACKWATERVALVE,"Used to indicate the presence of a back water valve with alarm (1 = yes, 0 = no)"
BASELOADSMURB,Total MURB base load energy (MJ/year)
BASEMENTFLOORAR,Basement floor area (square metres)
BATTERYSTORAGE,"Indicates the presence of battery storage for PV system (1 = yes, 0 = no)"
BLOWERDOORTEST,"v11.12 (and earlier) files: Blower door test type (None, CGSB, As operated)

v11.13 files:
As operated - User specified - Test Data – The blower door test data is available in HOT2000
As operated - User Specified – The energy advisor used external software (e.g. from the blower door manufacturer) to calculate ACH and ELA
As operated - Calculated – A default ACH value was used and ELA was calculated by HOT2000 (e.g. when vermiculite is exposed to the interior environment, P files) or a 4-zone blower door test was completed

"
BUILDINGTYPE,"Indicates what type of building is being assessed (House, Multi-unit: one unit, or Multi-unit: whole building)"
CAFLACEILINGDEF,"Description of cathedral or flat roof insulation (displays percentage of attic area, followed by nominal R-value)"
CCASHP,"Indicates the presence of a cold climate heat pump (1 = yes, 0 = no)"
CCASHPCAP,Contains the rated heating capacity of the cold climate ASHP at 8.3 °C (47 °F) in kW
CCASHPCAPACITYMAINTENANCE,Contains the capacity maintenance percentage of the cold climate ASHP (Max -15 °C (5 °F)/Rated 8.3 °C
CCASHPCOP,Contains the coefficient of performance of the cold climate ASHP at -15 °C (5 °F)
CCASHPHSPF ,Indicates the rated heating efficiency for a cold climate air source heat pump (HSPF (region IV) value or 0)
CCASHPHSPF2 ,Indicates the rated heating efficiency for a cold climate air source heat pump (HSPF2 (region V) value or 0)
CCASHPSEER ,Indicates the rated cooling efficiency of a cold climate air source heat pump (SEER value or 0)
CCASHPSEER2 ,Indicates the rated cooling efficiency of  a cold climate air source heat pump (SEER2 value or 0)
CEILINGTYPE,"Ceiling type (‘A’ for a gable/hip/scissor attic, or ‘F’ for a flat or cathedral attic)"
CEILINS,Ceiling effective insulation RSI value
CENVENTSYSTYPE,Ventilation type installed
CLIENTCITY,City (where property is located)
CLIENTPCODE,Homeowner postal code (where property is located) Only first 3 digits provided.
COMMONHEATEDFLOORAREA,Contains the heated floor area of all common areas (square metres)
COMMONSPACEELECCONS,Displays the electrical consumption in kWh of the common space area
CoolingSeasonMonths,Number of cooling months 
COP,Heat pump coefficient of performance
CRAWLSPFLOORAR,Crawl space floor area (square metres)
CREDITEGH,EGH credit in kWh (only available for files prior to v11)
CREDITGARAGE,Attached garage credit in kWh (only available for files prior to v11)
CREDITLIGHTING,Total lighting credit in kWh (only available for files prior to v11)
CREDITOTH1OTH2,Other credit in kWh (only available for files prior to v11)
CREDITPV,"Photovoltaic credit in kWh, capped to maximum electricity consumption"
CREDITTHERMST,Electronic thermostat credit in kWh (only available for files prior to v11)
CREDITVENT,Ventilation system credit in kWh (only available for files prior to v11)
CREDITWIND,Wind power credit in kWh 
CSHDR,"Crawl space header insulation (percentage of header area, followed by the nominal R-value)"
CSIA,Canadian Solar Industry Association rating for solar domestic hot water system (MJ/year)
DATASET,"Flag that indicates if the data is for the standard operating conditions (SOC) house, or the reduced operating conditions (ROC) house"
DEPRESSEXHAUST,Result of the exhaust devices depressurization test
DHWHPCOP,Domestic hot water heat pump system coefficient of performance
DHWHPTYPE,Domestic hot water heat pump system type
DWHRL1M,Drain-water heat recovery smaller than 1 meter
DWHRM1M,Drain-water heat recovery greater than 1 meter
EGHCRITNATACH,Critical natural air change per hour
EGHCRITTOTACH,Critical total air change per hour
EGHDESHTLOSS,Design heat loss (Watts)
EGHFCONELEC,Consumption of electricity (kWh)
EGHFCONNGAS,Consumption of natural gas (cubic metres)
EGHFCONOIL,Consumption of oil (L)
EGHFCONPROP,Consumption of propane (L)
EGHFCONTOTAL,Total energy consumption (MJ)
EGHFCONWOOD,Consumption of wood (tonne)
EGHFCONWOODGJ,Consumption of wood (GJ/year)
EGHFURNACEAEC,Annual energy consumption for the heating system (MJ)
EGHFURSEASEFF,Furnace Seasonal Efficiency
EGHHEATFCONSE,Heating energy consumption - Base Electricity (kWh)
EGHHEATFCONSG,Heating energy consumption - Base Natural Gas (cubic metres)
EGHHEATFCONSO,Heating energy consumption - Base Oil (litres)
EGHHEATFCONSP,Heating energy consumption - Base Propane (litres)
EGHHEATFCONSW,Heating energy consumption - Base Wood (tonne)
EGHHLAIR,Heat loss to air leakage (MJ)
EGHHLCEILING,Heat loss to ceilings (MJ)
EGHHLEXPOSEDFLR,Heat loss to exposed floor (MJ)
EGHHLFOUND,Heat lost through foundation (MJ)
EGHHLWALLS,Heat loss through walls (MJ)
EGHHLWINDOOR,Heat loss through windows and doors (MJ)
EGHINEXPOSEDFLR,Exposed floor effective insulation RSI value
EGHRATING,EnerGuide rating for 0-100 scale (only available for files prior to v11)
EGHSPACEENERGY,Rated annual space heating energy consumption and ventilator electrical consumption (during heating hour) (MJ)
EIDEF,"Displays the exterior foundation wall definition (displays percentage of foundation exterior wall area, followed by the nominal R-value)"
ELECAUTOCHRGSTATION,Indicates presence of electrical charging station for an electric vehicle (True or False)
ElecPanelUpgraded,"Indicates if the electrical panel is upgraded (1 = yes, 0 = no) "
ELGNBCCMP,Indicates whether the proposed design is within the scope of what is eligible to use the performance compliance path of the NBC Section 9.36 (true or false value)
ENERGYPERFORMANCETIER,The proposed house’s resulting energy performance tier for the purpose of compliance to the Energy Performance Tiers in NBC 9.36.6
ENTRYDATE,Evaluation date (the date when the evaluation was performed). Only the month and year are provided. 
ENVELOPEIMPROVEMENT,"For the purpose of compliance to the National Building Code Energy Performance Tiers, this value represents the energy performance improvement of the proposed house’s building envelope over that of the reference house"
EPACSA,Wood Fireplace or insert meets CSA-B415-M92 or 40 CFR Part10 (EPACSA or N/A)
EPACSASUPPHTG1,Supplementary Heating system 1 (solid fuel burning) meets CSA or EPA standard
EPACSASUPPHTG2,Supplementary Heating system 2 (solid fuel burning) meets CSA or EPA standard
ERSDesCoolLoss,Total design cooling load (Watts)
ERSELECGHG,Rated Electricity Annual Green House Gas Emissions (tonnes/year)
ERSENERGYINTENSITY,Rated Energy Intensity (Actual EnerGuide System Rating divided by the heated floor area)
ERSGHG,Annual Green House Gas Emissions Total in tonnes/year
ERSHLDOOR,Heat loss to doors in GJ/year
ERSHLWINDOW,Heat loss to windows in GJ/year 
ERSLIGHTAPPLIANCEENERGY,Rated Annual Energy Consumption for Lights and Appliances in MJ (Base Case - Standard Operating Conditions)
ERSNGASGHG,Rated Natural Gas Annual Green House Gas Emissions (tonnes/year)
ERSOILGHG,Rated Oil Annual Green House Gas Emissions (tonnes/year)
ERSOTHERELECENERGY,Rated Annual Energy Consumption for Other Electrical in MJ (Base Case - Standard Operating Conditions)
ERSPROPGHG,Rated Propane Annual Green House Gas Emissions (tonnes/year)
ERSPVAvailableEnergy,"Amount of Photovoltaic energy generated on site in kWh, uncapped"
ERSRATING,EnerGuide Rating System rating (GJ/year)
ERSREFHOUSEGHG,Typical new house GHG emissions (tonnes/year)
ERSREFHOUSERATING,Typical new house EnerGuide System Rating (GJ/year)
ERSRENEWABLEELEC,Total annual renewable energy produced by photovoltaic systems and wind turbines (MJ)
ERSRENEWABLEELECGHG,Rated Annual Green House Gas Emissions that is offset by the Renewable Electricity Production in tonnes/year
ERSRENEWABLEPROD,Total Annual Renewable Energy Produced in MJ
ERSRENEWABLESOLAR,Annual Solar Domestic Water Heating Energy Contribution in MJ 
ERSRENEWABLESOLARGHG,Rated Annual Green House Gas Emissions that is offset by the Solar Domestic Water Heating Energy Contribution in tonnes/year
ERSSPACECOOLENERGY,Annual Energy Consumption for Space Cooling in MJ (Base Case – Standard Operating Conditions)
ERSTotalConsGHG,GHG emissions from total energy consumption in tonnes/year
ERSTotalRenewableGHG,GHG emissions offset by total renewable energy in tonnes/year
ERSVENTILATIONENERGY,Rated Annual Ventilation Energy Consumption in MJ (Base Case - Standard Operating Conditions)
ERSWATERHEATINGENERGY,Rated Domestic Hot Water Energy Consumption (MJ)
ERSWOODGHG,Rated Wood Green House Gas Emissions (tonnes/year)
ESTAR,"For v10 files: Indicates the ENERGY STAR New Homes compliance path (ESTARperf or ESTARcchtPres)
For v11 files: Indicates the ENERGY STAR New Homes performance path (""Performance"") or non-ESNH house (“EGH”) 
"
EUGRAIRTIGHTNESSPRIORITY,The order that the airtightness upgrade has been prioritized by the energy advisor.
EUGRCATHEDRALCEILFLATPRIORITY,The order that the cathedral ceiling upgrade has been prioritized by the energy advisor.
EUGRCEILINGSPRIORITY,The order that the ceiling upgrade has been prioritized by the energy advisor.
EUGRCOOLINGPRIORITY,The order that the cooling upgrade has been prioritized by the energy advisor.
EUGRDOORSPRIORITY,The order that the door upgrade has been prioritized by the energy advisor.
EUGRFLOORPRIORITY,The order that the exposed floor upgrade has been prioritized by the energy advisor.
EUGRFOUNDATIONPRIORITY,The order that the foundation upgrade has been prioritized by the energy advisor.
EUGRHEATINGPRIORITY,The order that the heating upgrade has been prioritized by the energy advisor.
EUGRHOTWATERPRIORITY,The order that the water heater upgrade has been prioritized by the energy advisor.
EUGRMAINWALLSPRIORITY,The order that the main walls upgrade has been prioritized by the energy advisor.
EUGRVENTILATIONPRIORITY,The order that the ventilation upgrade has been prioritized by the energy advisor.
EUGRWINDOWSPRIORITY,The order that the window upgrade has been prioritized by the energy advisor.
EVALTYPE,"Type of Evaluation, D, E, P or N"
EVALUATIONSID,Identifier representing a unique Pre and post-retrofit evaluation pair (i.e. D and E files for the same house will have the same EvaluationsId)
EVCharger,Indicates the ENERGY STAR number of the electric vehicle charging unit
EXPOSEDFLOOR,"For v10 files: Description of exposed floor insulation (displays area of exposed floor in square feet, followed by the nominal R-value)
For v11 files: Description of exposed floor insulation (displays percentage of floor area, followed by the nominal R-value)"
EXPOSEDFLOORDEF,"Description of exposed floor insulation (displays area of exposed floor in square feet, followed by the nominal R-value)"
FIREPLACEDAMP1,"Fireplace (solid fuel burning equipment) #1 Damper position (0=closed, 1= Open, 2=N/A)"
FIREPLACEDAMP2,"Fireplace (solid fuel burning equipment) #2 Damper position (0=closed, 1= Open, 2=N/A)"
FLOORAREA,"Floor area of the house, calculated using the volume divided by 2.5 (square metres)"
FNDDEF,"Description of foundation insulation (displays percentage of foundation area, followed by the nominal R-value)"
FNDHDR,"Foundation header insulation (percentage of header area, followed by the nominal R-value)
For v10 files: Basement header only, crawl space headers were modeled as part of crawl space walls
For v11.3-11.12 files: Basement and crawl space header
For v11.13 files: Basement header only, crawl space headers are reported under the CSHDR field"
FNDTYPE,"Type of foundation (B = Basement wall, P= Pony wall, C = crawl space, S = slab on grade, F = Floor above crawl space)"
FNDWALLINS,Foundation effective insulation RSI value
FOOTPRINT,Sum of the areas of all foundations and exposed floors (square metres)
FURDCMOTOR,"Heating system Fan/Pump Energy Efficient motor (1 = Yes, 0 = No)"
FURNACEFUEL,Primary heating equipment fuel type
FURNACEMODEL,Furnace model
FURNACETYPE,Primary heating equipment type
FURSSEFF,Primary heating equipment efficiency (Steady State efficiency)
GHGI,Used to specify the Greenhouse gas intensity - represents the operational greenhouse gas emissions of the proposed house normalized by floor area  (tons/square metres)
GUARDED,A true or false value indicating whether the blower door test was guarded or unguarded
HEATAFUE,Primary heating equipment AFUE value
HEATEDFLOORAREA,Heated Floor Area (square metres)
HEATSYSSIZEOP,"Heating system sizing option (1 = calculated, 2 = User specified)"
HotWaterTemperature,Hot Water temperature in degrees C
HOUSEID,"Identifier unique to an address. All evaluations with the same address information (ClientAddr, ClientCity, HouseRegion, and ClientPCode) will have the same HouseID"
HOUSEREGION,Region of country where the house is located (province/territory)
HPCAP,Heat pump capacity (Watts)
HPEquipType,"Indicates the type of heat pump (Central split System, Central single package system, Ductless Mini- or Multi-split system, Compact Ducted Mini- or Multi-split system, and Coils Only)"
HPESTAR,Air source heat pump is ENERGY STAR (ESTAR or N/A)
HPSOURCE,"Heat pump type (air, water, ground or N/A)"
HRVEFF0C,HRV effectiveness at 0 °C (%)
HSEVOL,House volume (cubic metres)
HVIEQUIP,HRV/ERV is Home Ventilating Institute (HVI) certified (HVI or N/A)
INDFURNACEFUEL,Fuel used by largest independent heating system (only available for MURB files prior to v11)
INDFURNACETYPE,Type of largest independent heating system (only available for MURB files prior to v11)
INDFURSSEFF,Steady state efficiency of independent heating system that has the largest capacity (only available for MURB files prior to v11)
INSCOPEOFNBC,A true or false value indicating whether the proposed house is within the scope of the NBC Section 9.36
KWPV,Contains the nominal capacity of the PV system (in kW) entered by the energy advisor
LARGESTCSIA,CSIA rating of the largest solar domestic hot water system in the file
LEAKAR,Equivalent leakage area at 10 pascals
LFTOILETS,Number of low-flow toilets
MAINWALLINS,Main walls effective insulation RSI value
MEUI,Mechanical Energy Use Intensity (kWh/(m2*year))
MINR10EXPFLOOR,"Indicates a minimum of R10 continuous exposed floor insulation in northern communities (1 = yes, 0 = no)"
MOISTUREPROOFCS,"Indicates crawl space moisture proofing (1 = yes, 0 = no)"
MURBASHPESTAR,Number of ENERGY STAR qualified air-source heat pumps in a MURB
MURBDHWCOND,Number of condensing domestic hot water tanks in a MURB
MURBDHWCONDINSES,Number of ENERGY STAR instantaneous (condensing) domestic hot water in the units
MURBDHWINS,Number of instantaneous domestic hot water tanks in a MURB
MURBDHWINSES,Number of ENERGY STAR instantaneous domestic hot water tanks in the units
MURBDWHRL1M,Number of Drain water heat recovery coils with efficiency between 30 to 42 % in MURB
MURBDWHRM1M,Number of Drain water heat recovery coils with efficiency between 43 and 54 % in MURB
MURBFURDCMOTOR,"Up to three values in v.10.51, and up to two types in v.11 (type1; type2; type3) of heating system Fan/Pump, Energy Efficient motor (1=Yes, 0=No)"
MURBFURNACEFUEL,"Up to three types in v.10.51, and up to two types in v.11 (type1; type2; type3) of heating system fuel"
MURBFURNACETYPE,"Up to three types in v.10.51, and up to two types in v.11 (type1; type2; type3) of heating system"
MURBFURSSEFF,"Up to three types in v.10.51, and up to two types in v.11 (type1; type2; type3) of heating system steady state efficiency"
MURBHEATAFUE,"Up to three types in v.10.51, and up to two types in v.11 (type1; type2; type3) of heating system AFUE"
MURBHRVHVI,Number of HVI heat recovery ventilators in MURB
MURBHSESTAR,Number of ENERGY STAR heating systems in MURB
MURBHTSYSTEMDIS,"MURB central distribution system (All units central, all independent, combo) (only available for files prior to v11)"
MURBSOCMULTIPLIER,"Contains number of units, used to determine the SOC values of the building (one unit = 1, whole building = UnitsMURB value)"
MURBWOODEPA,Number of EPA/CSA heating systems in MURB
MURBWOODHEAT,Number of wood appliances present in the MURB units
NBCANNUALENEGYCONSUMPTION,The energy consumption of the proposed house minus the electrical base loads stated in gigajoules
NBCHOUSEENERGYTARGET,The energy consumption of the reference house minus the electrical base loads stated in gigajoules
NELECTHERMOS,"Number of Electronic Thermostats (0,1,2,3...)"
NLA,Normalized Leakage Area (NLA is calculated by dividing the Equivalent Leakage Area at 10 Pa by the area of the exterior building envelope)
NLR,"Normalized Leakage Rate (calculated by multiplying the AIR50P value by the house volume, divided by the entire surface area)"
NONRESHEATEDFLOORAREA,Contains the heated floor area of non-residential units (square metres)
NUMBEROFHEADS,Displays the number of heads or warm air registers for mini-split air-source heat pumps
NUMBUILDINGSTOREYS,Displays the number of floors above grade (only active when Buildingtype = Multi-unit: one unit)
NUMDOORESTAR,Number of installed ENERGY STAR certified doors
NUMDOORS,Total number of installed doors
NUMDWELLINGUNITS,Contains the number of residential units in a MURB
NUMER34TO39,The number of windows meeting the  ER ≥ 34 <40 characteristic 
NUMER40PLUS,The number of windows meeting ER ≥ 40 
NUMHPWHMURB,Used to indicate the number of heat pump water heaters installed in a MURB
NUMNONRESUNITS,Contains the number of non-residential units in a MURB
NUMSOLSYS,The total number of solar domestic hot water systems in the file
NUMWINDOWS,Total number of installed windows
NUMWINESTAR,Number of installed ENERGY STAR certified windows
NUMWINU105,The number of windows with a U value  ≤ 1.05
NUMWINU122,The number of windows with a U value of >1.05 and  ≤ 1.22
OVERALLIMPROVEMENT,"For the purpose of compliance to the National Building Code Energy Performance Tiers, this value represents the energy performance improvement of the proposed house over that of the reference house. 
For v11.10- v11.12 files: Base loads and PV are excluded, solar hot water heating is included
For v11.13 files: Base loads and all renewables are excluded. "
PDHWEF,Primary domestic hot water equipment efficiency
PDHWESTAR,"Primary domestic hot water is ENERGY STAR certified (ecoLIST when ecoEnergy, ESTARecoLIST when both are checked, or N/A)"
PDHWFUEL,Primary domestic hot water equipment fuel type
PDHWTYPE,Primary domestic hot water equipment type
PDHWUEF,Primary domestic hot water UEF
PDRAWPATTERN,Draw pattern for primary domestic hot water system
PEAKCOOLINGVALIDATION,A true or false value indicating whether the proposed house design cooling load is equal to or lower than the reference house design cooling load
PONYWALLEXISTS,"Presence of pony walls (0 = No, 1 = Yes)"
PRIDHWMODEL,Primary Domestic Hot Water equipment model
PRIMARYDHWTANKVOLUME,Displays the domestic hot water tank volume for the primary system (litres)
PROGRAMNAME,"Indicates which version of HOT2000 was used (e.g. HOT2000 v.9.34c, HOT2000 v.10.51, HOT2000 v.11.6)"
PROGSMARTTHERMOSTAT,"Indicates the presence of programmable, smart or adaptive thermostats (1 = yes, 0 = no)"
PROVINCE,Two character Province Code for House region
QTOT,Rated total combined natural and mechanical ventilation in L/s
QWARN,Calculated total combined natural and mechanical ventilation value in L/s for which the insufficient ventilation warning appears in reports (16 L/s ≤ Qwarn ≤ 40L/s)
RefDesCoolLoss,Reference House total design cooling load (Watts)
RefDesHtLoss,Reference House design heating load (Watts)
RefHLAir,Reference House heat loss to air leakage (MJ)
RefHLCeiling,Reference House heat loss to ceilings (MJ)
RefHLDoor,Reference House heat loss to doors (MJ)
RefHLExposedFlr,Reference House heat loss to exposed floors (MJ)
RefHLFound,Reference House heat loss to foundations (MJ)
RefHLWalls,Reference House heat loss to walls (MJ)
RefHLWinDoor,Reference House heat loss through windows and doors (MJ)
RefHLWindow,Reference House heat loss to windows (MJ)
RefSpaceCoolEnergy,Reference House annual energy consumption for space cooling in MJ 
RefSpaceEnergy,Reference House rated annual space heating energy consumption for and ventilator electrical consumption (during heating hour) (MJ)
RefVentilationEnergy,Reference House annual energy consumption for ventilation in MJ 
RefWaterHeatEnergy,Reference House annual energy consumption for domestic hot water heating in MJ 
ROCApplianceLoad,Reduced Operating Conditions Appliance load in kWh/day
ROCHotWaterLoad,Reduced Operating Conditions Total estimated hot water load in L/day
ROCLightingLoad,Reduced Operating Conditions Lighting load in kWh/day
ROCOtherElectricalLoad,Reduced Operating Conditions Other electrical load in kWh/day
ROOFINGMEMBRANE,"Indicates adhesive waterproof ice and water barrier underlayment for roofs (1 = yes, 0 = no)"
RULESETTYPE,"Mode selected within HOT2000 (EnerGuide Rating System (2015 NBC), Ontario Reference House, EnerGuide Rating System 2020 NBC)"
SDHWEF,Secondary domestic hot water efficiency
SDHWESTAR,"Equal to ""ESTAR"" if the secondary domestic hot water tank is ENERGY STAR certified, ""N/A"" otherwise"
SDHWFUEL,Secondary domestic hot water fuel
SDHWHPCOP,Secondary domestic hot water heat-pump coefficient of performance
SDHWHPTYPE,Secondary domestic hot water heat-pump type
SDHWTYPE,Secondary domestic hot water type
SDHWUEF,Secondary domestic hot water UEF
SDRAWPATTERN,Draw pattern for secondary domestic hot water system
SECONDARYDHWTANKVOLUME,Displays the domestic hot water tank volume for the secondary system (litres)
SLABFLOORAREA,Slab floor area (square metres)
SLABINSUL,"Indicates basement slab insulation (1 = yes, 0 = no)"
SOCApplianceLoad,Standard Operating Conditions Appliance load in kWh/day
SOCHotWaterLoad,Standard Operating Conditions Total estimated hot water load in L/day
SOCLightingLoad,Standard Operating Conditions Lighting load in kWh/day
SOCOtherElectricalLoad,Standard Operating Conditions Other electrical load in kWh/day
STOREYS,"Number of floors above grade (if buildingtype = Multi-unit: one unit assessed, this field refers to the number of floors above grade for the unit)"
SUPPHTGFUEL1,Supplementary heating system #1 Fuel
SUPPHTGFUEL2,Supplementary heating system #2 Fuel
SUPPHTGTYPE1,Supplementary heating system #1 Type
SUPPHTGTYPE2,Supplementary heating system #2 Type
TBSMNT,Temperature of the basement in Celsius
TEDI,Thermal Energy Demand Intensity stated in kWh/(m2*year)
ThermostatCooling,Cooling temperature in degrees C based on standard operating conditions
ThermostatHeatingNighttime,Heating nighttime temperature in degrees C
TMAIN,Temperature of the main floor in Celsius
TOTALOCCUPANTS,Total number of occupants based on Standard Operating Conditions
TOTALVENTEXH,"Total ventilation exhaust rate, L/s"
TOTALVENTSUPPLY,"Total ventilation supply rate, L/s"
TOTCSIA,Sum of the CSIA ratings for solar domestic hot water systems in the file
TYPE1CAPACITY,"Capacity of the Type 1 (i.e. baseboards, boiler, combo and furnace) heating system (Watts)"
TYPEOFHOUSE,"Type of house (e.g. Single Detached, Double/Semi-detached, Row house- end unit, Row house- middle unit, etc.)"
UATTCEILINGDEF,"Description of proposed attic insulation (displays percentage of attic area, followed by the nominal R-value)"
UCAFLCEILINGDEF,"Description of proposed cathedral or flat roof insulation (displays percentage of ceiling area, followed by nominal R-value)"
UCENVENTSYSTYPE,Proposed ventilation system type
UDWHRL1M,Proposed number of Drain-water heat recovery smaller than 1 meter
UDWHRM1M,Proposed number of Drain-water heat recovery greater than 1 meter
UEPACSASUPPHTG1,Proposed Supplementary Heating system 1 (solid fuel burning) meets CSA or EPA standard
UEPACSASUPPHTG2,Proposed Supplementary Heating system 2 (soild fuel burning) meets CSA or EPA standard
UGEXPOSEDFLOOR,"Description of proposed exposed floor insulation (displays percentage of floor area, followed by the nominal R-value)"
UGRACCENTESTAR,Proposed central A/C is ENERGY STAR (ESTAR or N/A)
UGRACWINDESTAR,"Proposed number of window A/C unit that are ENERGY STAR certified (0,1,2,3,4…)"
UGRACWINDNUM,Proposed number of window A/C unit (installed and recommended)
UGRAIR50PA,Proposed air change per hour target at 50 Pa
UGRAIRCONDTYPE,"Proposed type of A/C System (Central split System, Central single package system, Ductless Mini- or Multi-split system, Compact Ducted Mini- or Multi-split system, and Coils Only) or “Not installed”"
UGRAIRCOP,Proposed coefficient of performance for A/C system
UGRAirTightnessERSRating,Proposed ERS rating for airtightness upgrade recommendation (GJ)
UGRASHPHSPF,Indicates the heating efficiency of a proposed Air Source Heat Pump (HSPF value or 0)
UGRASHPHSPF2,Indicates the heating efficiency of a proposed Air Source Heat Pump (HSPF2 value or 0)
UGRBATTERYSTORAGE,"Proposed battery storage installation/replacement (1 = yes, 0 = no)"
UGRCCASHP,"Proposed cold climate air-source heat pump (1 = yes, 0 = no)"
UGRCeilingCathFlatERSRating,Proposed ERS rating for cathedral or falt ceiling upgrade recommendation (GJ)
UGRCeilingsERSRating,Proposed ERS rating for attic ceiling upgrade recommendation (GJ)
UGRCEILINGTYPE,"Proposed ceiling type (‘A’ for a gable/hip/scissor attic, or ‘F’ for a flat or cathedral attic)"
UGRCEILINS,Proposed ceiling effective insulation RSI value
UGRCoolingERSRating ,Proposed ERS rating for space cooling system upgrade recommendation (GJ)
UGRCREDIT_PV,"Proposed photovoltaic credit in kWh, capped to maximum electricity consumption"
UGRCREDIT_WIND,Proposed wind power credit in kWh
UGRCRITNATACH,Proposed critical natural air change per hour
UGRCRITTOTACH,Proposed total critical air change per hour
UGRCSHDR,"Proposed crawl space header insulation (percentage of header area, followed by the nominal R-value)"
UGRDESHTLOSS,Proposed design heat loss in Watts
UGRDHWCSIA,Proposed Canadian Solar Industry Association rating for solar Domestic Hot water system (MJ/y)
UGRDHWHPCOP,Proposed domestic hot water heat pump system coefficient of performance
UGRDHWHPTYPE,Proposed domestic hot water heat pump system type
UGRDHWSYSEF,Proposed domestic hot water equipment efficiency (EF)
UGRDHWSYSFUEL,Proposed domestic hot water equipment fuel type
UGRDHWSYSTYPE,Proposed domestic hot water equipment type
UGRDoorsERSRating,Proposed ERS rating for door upgrade recommendation (GJ)
UGREIDEF,"Description of proposed exterior foundation wall insulation (displays percentage of foundation exterior wall area, followed by the nominal R-value)"
UGRElecPanelUpgraded,"Indicates a proposed electrical panel upgrade (1 = yes, 0 = no) "
UGREPACSA,"Proposed Wood Fireplace or insert meets EPA or CSA  standards, else equal N/A"
UGRERSENERGYINTENSITY,Proposed Rated Energy Intensity (Proposed EnerGuide Rating divided by the heated floor area) (GJ/square metres)
UGRERSGHG,Proposed Total Annual Green House Gas Emissions in tonnes/year
UGRERSHLDOOR,Proposed Heat loss through doors in GJ/year
UGRERSHLWINDOW,Proposed Heat loss through windows in GJ/year
UGRERSLIGHTAPPLIANCEENERGY,Proposed Rated Annual Energy Consumption for Lights and Appliances in MJ based on Standard Operating Conditions
UGRERSOTHERELECENERGY,Proposed Rated Annual Energy Consumption for Other Electrical in MJ based on Standard Operating Conditions
UGRERSPVAvailableEnergy,"Proposed amount of photovoltaic energy generated on site in kWh, uncapped"
UGRERSRATING,Proposed EnerGuide Rating in GJ/year
UGRERSRenewableElec,"Proposed total annual renewable energy produced by photovoltaic systems and wind turbines (MJ), uncapped"
UGRERSRenewableProd,"Proposed total available renewable energy production (electricity generation and solar DHW contribution) in MJ, capped at total annual energy consumption "
UGRERSRenewableSolar,"Proposed renewable solar DHW contribution in MJ, uncapped"
UGRERSSPACECOOLENERGY,Proposed Annual Energy Consumption for Space Cooling in MJ based on Standard Operating Conditions
UGRERSVENTILATIONENERGY,Proposed Rated Ventilation Energy Consumption in MJ
UGRERSWATERHEATINGENERGY,Proposed Rated Domestic Hot Water Energy Consumption in MJ based on Standard Operating Conditions
UGREVCharger,"Indicates that an electric vehicle charging unit has been proposed (1 = yes, 0 = no) "
UGREXPOSEDFLOORDEF,"Description of proposed exposed floor insulation (displays area of exposed floor, followed by the nominal R-value)"
UGRExposedFloorERSRating,Proposed ERS rating for exposed floor upgrade recommendation (GJ)
UGRFCONELEC,Proposed consumption of electricity (kWh)
UGRFCONNGAS,Proposed consumption of natural gas (cubic metres)
UGRFCONOIL,Proposed consumption of oil (litres)
UGRFCONPROP,Proposed consumption of propane (litres)
UGRFCONTOTAL,Proposed total energy consumption (MJ)
UGRFCONWOOD,Proposed consumption of wood (tonne)
UGRFNDDEF,"Description of proposed foundation insulation (displays percentage of foundation area, followed by the nominal R-value)"
UGRFNDHDR,"Proposed foundation header insulation (percentage of header area, followed by the nominal R-value)
For v10 files: Basement header only, crawl space headers were modeled as part of crawl space walls
For v11.3-11.12 files: Basement and crawl space header
For v11.13 files: Basement header only, crawl space headers are reported under the CSHDR field"
UGRFNDINS,Proposed foundation effective insulation RSI value
UGRFNDTYPE,"Proposed type of foundation (B = Basement wall, P = Pony wall, C = crawl space, S = slab on grade, F = Floor above crawl space)"
UGRFoundationERSRating,Proposed ERS rating for foundation upgrade recommendation (GJ)
UGRFURDCMOTOR,"Proposed heating system fan/pump energy efficient motor 1=Yes, 0=No"
UGRFURNACEAEC,Proposed annual energy consumption for the Type 1 heating system in MJ
UGRFURNACEEFF,Proposed primary heating equipment efficiency (steady state)
UGRFURNACEFUEL,Proposed primary heating equipment fuel type
UGRFURNACETYP,Proposed primary heating equipment type
UGRFURSEASEFF,Proposed heating system Seasonal Efficiency
UGRGenerationERSRating,Proposed ERS rating for renewable energy generation upgrade recommendation (GJ)
UGRHEATAFUE,Proposed primary heating equipment AFUE value
UGRHEATFCONSE,Heating energy consumption - Upgrade case Electric (kWh)
UGRHEATFCONSG,Heating energy consumption - Upgrade case Natural Gas (cubic metres)
UGRHEATFCONSO,Heating energy consumption - Upgrade case Oil (litres)
UGRHEATFCONSP,Heating energy consumption - Upgrade case Propane (litres)
UGRHEATFCONSW,Heating energy consumption - Upgrade case Wood (tonne)
UGRHeatingERSRating,Proposed ERS rating for space heating system upgrade recommendation (GJ)
UGRHLAIR,Upgrade case: heat loss to air leakage (MJ)
UGRHLCEILING,Upgrade case: heat loss to ceiling (MJ)
UGRHLEXPOSEDFLR,Upgrade case: heat loss to exposed floor (MJ)
UGRHLFOUND,Upgrade case: heat loss to foundation (MJ)
UGRHLWALLS,Upgrade case: heat loss to wall (MJ)
UGRHLWINDOOR,Upgrade case: heat loss to windows and doors (MJ)
UGRHotWaterERSRating,Proposed ERS rating for domestic hot water system upgrade recommendation (GJ)
UGRHPCOP,Proposed heat pump coefficient of performance
UGRHPEquipType,"Indicates the proposed type of heat pump (Central split System, Central single package system, Ductless Mini- or Multi-split system, Compact Ducted Mini- or Multi-split system, and Coils Only)"
UGRHPESTAR,"Proposed Air Source HP is ENERGY STAR (ESTAR, or N/A)"
UGRHPTYPE,"Proposed heat pump type (air, water, ground, or N/A)"
UGRHVIEQUIP,Proposed HRV/ERV is Home Ventilating Institute (HVI) certified (HVI or N/A)
UGRINDFURNACEFU,Upgrade case: Fuel used by largest independent heating system (only available for MURB files prior to v11)
UGRINDFURNACETP,Proposed type of largest independent heating system (only available for MURB files prior to v11)
UGRINDFURSSEFF,Proposed steady state efficiency of largest independent heating system (only available for MURB files prior to v11)
UGRINEXPOSEDFLR,Proposed exposed floor effective insulation RSI value
UGRKWPV,Contains the capacity of the proposed PV system (in kW DC)
UGRMINR10EXPFLOOR,"Proposed installation of a minimum of R10 continuous exposed floor insulation in northern communities (1 = yes, 0 = no)"
UGRMOISTUREPROOFCS,"Proposed crawl space moisture proofing (1 = yes, 0 = no)"
UGRNELECTHERMOS,"Proposed Number of Electronic Thermostats (0,1,2,3...)"
UGRNUMBEROFHEADS,Displays the proposed number of heads or warm air registers for mini-split air-source heat pumps
UGRNUMDOORESTAR,Proposed number of ENERGY STAR certified doors (installed and recommended)
UGRNUMER34TO39,Proposed number of windows meeting ER ≥ 34 and < 40
UGRNUMER40PLUS,Proposed number of windows meeting ER ≥ 40
UGRNUMWINESTAR,Proposed number of ENERGY STAR certified windows (installed + recommended)
UGRNUMWINU105,Proposed number of windows with a U value ≤ 1.05  
UGRNUMWINU122,Proposed number of windows with a U value > 1.05 and  ≤ 1.22
UGRPDHWESTAR,"Proposed primary domestic hot water is ENERGY STAR certified (ESTAR, or N/A)"
UGRPDHWUEF,Proposed primary domestic hot water efficiency (in UEF)
UGRPDRAWPATTERN,Draw pattern for proposed primary domestic hot water 
UGRPROGSMARTTHERMOSTAT,"Proposed programmable, smart or adaptive thermostats (1 = yes, 0 = no)"
UGRRATING,Proposed EnerGuide rating for 0-100 scale  (only available for files prior to v11)
UGRROOFINGMEMBRANE,"Proposed adhesive waterproof ice and water barrier underlayment for roofs (1 = yes, 0 = no)"
UGRSDHWESTAR,"Proposed secondary domestic hot water is ENERGY STAR certified (ESTAR, or N/A)"
UGRSDHWHPCOP,Proposed secondary domestic hot water heat-pump coefficient of performance
UGRSDHWHPTYPE,Proposed secondary domestic hot water heat-pump type
UGRSDHWSYSEF,Proposed secondary domestic hot water efficiency (EF)
UGRSDHWSYSFUEL,Proposed secondary domestic hot water fuel
UGRSDHWSYSTYPE,Proposed secondary domestic hot water type
UGRSDHWUEF,Proposed secondary domestic hot water efficiency (UEF)
UGRSDRAWPATTERN,Proposed draw pattern for secondary domestic hot water
UGRSLABINSUL,"Proposed basement slab insulation (1 = yes, 0 = no)"
UGRSPACEENERGY,Proposed rated annual space heating energy consumption for and ventilator electrical consumption (during heating hour) (MJ)
UGRSUMPPUMP,"Proposed sump pump with alarm and battery backup (1 = yes, 0 = no)"
UGRSUPPHTGFUEL1,Proposed supplementary heating system #1 Fuel
UGRSUPPHTGFUEL2,Proposed supplementary heating system #2 Fuel
UGRSUPPHTGTYPE1,Proposed supplementary heating system #1 Type
UGRSUPPHTGTYPE2,Proposed supplementary heating system #2 Type
UGRTOTALVENTEXH,Proposed total ventilation exhaust rate (L/s)
UGRTOTALVENTSUP,Proposed total ventilation supply rate (L/s)
UGRVentilationERSRating,Proposed ERS rating for ventilation upgrade recommendation (GJ)
UGRWALLDEF,"Proposed description of wall insulation (displays percentage of wall area, followed by the nominal R-value)"
UGRWALLINS,Proposed wall effective insulation RSI value
UGRWallsERSRating,Proposed ERS rating for main wall upgrade recommendation (GJ)
UGRWATERPROOF,"Proposed waterproofing for basements (1 = yes, 0 = no)"
UGRWINDOWCODE,Window code of the proposed windows that occupy the greatest area. Ignores user defined codes.
UGRWindowsERSRating,Proposed ERS rating for window upgrade recommendation (GJ)
ULFTOILETS,Proposed number of low-flow toilets
UMURBDHWCONDINES,Number of ENERGY STAR certified instantaneous (condensing) domestic hot water tanks in the MURB units in the upgrade case
UMURBDHWINSES,Number of ENERGY STAR instantaneous domestic hot water tanks in the units in the upgrade case
UNITSCONNECTEDDWHR,Number of Multi-Unit Residential Building (MURB) units connected to a drain water heat recovery system
UNITSMURB ,Contains number of dwelling units + number of non-residential units in a Multi-Unit Residential Building (MURB)
UtilizedSolarGains,Utilized solar gains in MJ
UWINDOWCODENUM,Proposed window code used most often in the file. Ignores user defined codes.
VISITEDUNITS,Number of MURB units visited during evaluation
WALKOUTFLOORAR,Walkout floor area in square metres
WALLDEF,"Description of wall insulation (displays percentage of wall area, followed by the nominal R-value)"
WATERPROOF,"Proposed basement waterproofing (1 = yes, 0 = no)"
WEATHERLOC,Climate data location
WINDOWCODE,Window code of the windows that occupy the greatest area. Ignores user defined codes.
WINDOWCODENUM,Window code used most often in the file. Ignores user defined codes.
WTHDATA,Climate data file
YEARBUILT,Year of construction
